1, 525, 262500, 1, 841, 420500, 0, 62, 15.078820, 0, 4726, 8752, 0.998096, 0.993876, 4732, 8788, 0.519571, 0.463192, 4805, 8707, 0.760267, 0.645740, 4752, 8827, 0.260900, 0.660844, 4788, 8823, 0.793164, 0.396533, 4776, 8803, 0.239252, 0.008391, 4793, 8829, 0.533989, 0.028255, 4671, 8814, 0.179747, 0.145755, 4706, 8833, 0.103696, 0.000280, 4794, 8826, 0.386639, 0.841800, 4582, 8798, 0.072760, 0.301105, 4715, 8791, 0.352140, 0.860562, 4777, 8816, 0.455315, 0.983840, 4683, 8846, 0.928867, 0.977473, 4807, 8832, 0.787311, 0.748772, 4764, 8837, 0.395744, 0.006238, 4797, 8830, 0.249615, 0.138259, 4800, 8843, 0.141187, 0.172612, 4758, 8801, 0.958934, 0.969259, 4811, 8778, 0.979002, 0.958570, 4812, 8794, 0.566287, 0.500582, 4531, 8747, 0.618643, 0.688725, 
1, 523, 261500, 1, 839, 419500, 0, 62, 15.078820, 0, 4750, 8752, 0.999732, 0.996593, 4732, 8800, 0.716649, 0.392377, 4717, 8747, 0.651115, 0.972048, 4696, 8801, 0.779673, 0.923348, 4558, 8779, 0.601379, 0.999893, 4584, 8693, 0.798358, 0.484796, 4752, 8808, 0.794753, 0.946609, 4738, 8803, 0.628120, 0.252361, 4746, 8787, 0.588617, 0.490315, 4671, 8814, 0.866512, 0.327749, 4706, 8757, 0.000000, 0.000000, 4733, 8785, 0.905752, 0.987955, 4744, 8795, 0.697089, 0.943623, 4582, 8798, 0.535294, 0.586580, 4749, 8794, 0.682353, 0.812026, 4715, 8791, 0.824442, 0.998948, 4765, 8818, 0.966841, 0.966689, 4764, 8780, 0.000000, 0.000192, 4665, 8707, 0.603147, 0.967155, 4531, 8810, 0.688378, 0.935112, 4761, 8797, 0.969755, 0.998486, 4781, 8765, 0.569574, 0.361037, 4747, 8816, 0.353764, 0.505704, 4759, 8718, 0.850693, 0.881353, 4751, 8823, 0.852678, 0.795425, 
1, 521, 260500, 1, 837, 418500, 0, 62, 15.078820, 0, 4741, 8752, 0.999897, 0.999673, 4731, 8771, 0.806713, 0.998674, 4732, 8788, 0.996435, 0.824087, 4742, 8772, 0.967029, 0.989394, 4558, 8779, 0.750173, 0.937548, 4584, 8693, 0.999429, 0.832994, 4744, 8755, 0.980025, 0.866774, 4745, 8784, 0.943886, 0.997722, 4698, 8759, 0.976096, 0.999916, 4666, 8780, 0.728911, 0.972071, 4738, 8776, 0.988452, 0.843287, 4746, 8787, 0.743757, 0.999440, 4715, 8791, 0.996291, 0.963734, 4671, 8751, 0.999985, 0.803044, 4683, 8790, 0.997905, 0.964968, 4714, 8774, 0.999764, 0.804836, 4706, 8770, 0.878314, 0.887093, 4676, 8782, 0.930986, 0.999426, 4724, 8768, 0.622665, 0.965900, 4665, 8707, 0.995930, 0.938825, 4733, 8743, 0.989283, 0.999973, 4737, 8765, 0.862608, 0.969749, 4748, 8747, 0.997727, 0.905871, 4531, 8750, 0.991674, 0.854895, 4582, 8619, 0.998408, 0.814668, 4736, 8789, 0.999933, 0.998995, 4749, 8794, 0.994031, 0.857814, 
1, 519, 259500, 1, 835, 417500, 0, 62, 15.078820, 0, 4707, 8752, 0.979395, 0.975662, 4680, 8753, 0.854631, 0.960315, 4701, 8762, 0.992366, 0.938756, 4708, 8707, 0.996889, 0.997238, 4558, 8754, 0.057721, 0.495132, 4584, 8693, 0.944338, 0.917677, 4705, 8755, 0.937521, 0.936994, 4696, 8769, 0.893644, 0.944998, 4710, 8739, 0.930776, 0.941346, 4698, 8709, 0.987124, 0.965419, 4666, 8733, 0.995767, 0.992975, 4704, 8745, 0.997234, 0.990409, 4712, 8760, 0.900105, 0.953935, 4671, 8751, 0.813146, 0.770147, 4683, 8743, 0.791246, 0.792348, 4531, 8750, 0.824946, 0.794317, 4703, 8744, 0.996052, 0.919348, 4673, 8648, 0.906082, 0.863759, 4706, 8770, 0.990122, 0.998630, 4715, 8618, 0.908072, 0.786893, 4719, 8651, 0.987444, 0.981308, 4676, 8741, 0.982049, 0.991650, 4720, 8718, 0.937477, 0.963272, 4722, 8747, 0.926563, 0.808410, 4692, 8749, 0.983546, 0.990721, 4582, 8619, 0.941886, 0.754493, 4724, 8768, 0.938309, 0.998040, 4725, 8767, 0.826209, 0.885053, 
1, 517, 258500, 1, 833, 416500, 0, 62, 15.078820, 0, 4639, 8676, 0.995150, 0.995530, 4629, 8730, 0.992065, 0.939546, 4661, 8727, 0.954760, 0.957231, 4673, 8648, 0.852620, 0.844353, 4558, 8643, 0.893100, 0.987814, 4676, 8723, 0.933948, 0.999358, 4584, 8693, 0.945063, 0.944745, 4582, 8619, 0.919332, 0.901154, 4643, 8725, 0.903938, 0.889716, 4642, 8709, 0.961069, 0.962049, 4616, 8704, 0.941420, 0.999042, 4666, 8609, 0.955009, 0.955064, 4667, 8618, 0.820256, 0.819763, 4668, 8715, 0.989424, 0.989180, 4678, 8728, 0.995147, 0.994184, 4650, 8686, 0.892720, 0.881064, 4670, 8707, 0.981609, 0.921552, 4635, 8714, 0.988268, 0.930689, 4655, 8722, 0.919750, 0.979523, 4679, 8701, 0.487101, 0.641318, 4660, 8694, 0.980743, 0.991723, 4684, 8735, 0.990063, 0.993751, 4685, 8713, 0.967417, 0.967782, 4688, 8720, 0.815445, 0.988140, 4691, 8718, 0.544461, 0.922252, 
1, 515, 257500, 1, 831, 415500, 0, 62, 15.078820, 0, 4639, 8676, 0.998749, 0.998752, 4604, 8684, 0.989780, 0.989781, 4629, 8692, 0.946152, 0.943652, 4641, 8680, 0.999667, 0.999900, 4558, 8610, 0.786561, 0.797046, 4642, 8679, 0.973219, 0.995650, 4584, 8693, 0.930532, 0.915448, 4582, 8619, 0.790435, 0.782315, 4585, 8643, 0.849257, 0.860488, 4635, 8665, 0.918836, 0.912294, 4644, 8687, 0.935596, 0.941130, 4645, 8667, 0.998336, 0.996623, 4646, 8651, 0.880160, 0.887775, 4648, 8704, 0.999009, 0.999113, 4606, 8648, 0.997342, 0.956442, 4633, 8609, 0.972736, 0.973553, 4651, 8703, 0.993578, 0.991177, 4652, 8701, 0.909933, 0.916045, 4653, 8697, 0.996320, 0.994244, 4482, 8671, 0.865359, 0.997314, 4531, 8688, 0.953433, 0.998752, 4655, 8698, 0.846912, 0.992978, 
1, 513, 256500, 1, 829, 414500, 0, 62, 15.078820, 0, 4552, 8656, 0.996897, 0.983367, 4589, 8662, 0.771308, 0.900849, 4595, 8650, 0.973755, 0.898825, 4557, 8639, 0.963851, 0.977236, 4558, 8610, 0.792212, 0.881244, 4607, 8618, 0.966138, 0.942947, 4544, 8649, 0.973114, 0.973176, 4608, 8651, 0.974607, 0.993648, 4610, 8665, 0.974517, 0.897414, 4584, 8521, 0.973022, 0.908259, 4582, 8619, 0.929902, 0.865338, 4531, 8666, 0.898974, 0.871536, 4585, 8643, 0.840069, 0.927328, 4598, 8633, 0.957393, 0.862528, 4613, 8673, 0.993830, 0.995842, 4614, 8609, 0.014585, 0.000007, 4600, 8675, 0.897036, 0.959882, 4615, 8614, 0.913228, 0.966826, 4482, 8671, 0.997533, 0.951405, 4616, 8635, 0.964108, 0.999246, 4601, 8670, 0.977586, 0.017151, 4540, 8641, 0.975926, 0.970255, 4618, 8586, 0.961595, 0.789178, 4620, 8595, 0.999997, 0.949196, 4215, 8443, 0.999490, 0.998118, 
1, 511, 255500, 1, 827, 413500, 0, 62, 15.078820, 0, 4572, 8545, 0.997141, 0.999031, 4539, 8629, 0.870857, 0.995143, 4553, 8614, 0.977874, 0.927602, 4554, 8620, 0.775012, 0.999589, 4564, 8609, 0.708770, 0.870025, 4558, 8610, 0.797168, 0.989682, 4569, 8571, 0.974657, 0.996336, 4215, 8443, 0.995930, 0.969431, 4544, 8632, 0.998449, 0.997938, 4577, 8634, 0.995449, 0.990558, 4527, 8642, 0.789217, 0.942755, 4557, 8639, 0.999999, 0.999824, 4547, 8611, 0.990089, 0.995764, 4578, 8550, 0.879932, 0.808589, 4580, 8640, 0.866963, 0.976663, 4566, 8390, 0.991664, 0.898854, 4563, 8644, 0.863810, 0.990741, 4480, 8626, 0.999349, 0.585101, 4556, 8628, 0.999793, 0.998564, 4555, 8595, 0.987443, 0.963249, 4581, 8633, 0.913331, 0.993594, 4582, 8619, 0.971088, 0.729435, 4531, 8607, 0.927596, 0.889170, 4540, 8625, 0.951928, 0.918705, 4584, 8521, 0.998374, 0.844606, 4585, 8643, 0.880906, 0.994847, 4482, 8549, 0.814978, 0.958520, 4532, 8622, 0.999798, 0.861932, 4586, 8586, 0.897075, 0.812359, 4587, 8637, 0.048803, 0.092540, 
1, 509, 254500, 1, 825, 412500, 0, 62, 15.078820, 0, 4530, 8563, 0.976799, 0.976804, 4512, 8570, 0.994360, 0.998217, 4531, 8594, 0.918914, 0.904354, 4532, 8568, 0.946602, 0.941029, 4534, 8590, 0.997796, 0.994992, 4482, 8549, 0.974033, 0.980750, 4528, 8581, 0.933782, 0.933899, 4511, 8542, 0.931081, 0.938833, 4438, 8517, 0.984706, 0.999845, 4525, 8582, 0.972387, 0.972379, 4498, 8571, 0.992210, 0.993424, 4215, 8443, 0.988911, 0.993151, 4501, 8606, 0.988706, 0.993309, 4480, 8436, 0.800681, 0.880177, 4510, 8578, 0.897317, 0.893567, 4483, 8562, 0.959058, 0.952852, 4539, 8599, 0.894049, 0.910474, 4540, 8604, 0.992244, 0.999888, 4541, 8550, 0.950274, 0.949906, 4543, 8559, 0.996696, 0.999769, 4544, 8475, 0.993698, 0.997262, 4545, 8576, 0.993943, 0.997086, 4546, 8601, 0.973754, 0.989907, 4547, 8598, 0.941950, 0.934729, 4475, 8593, 0.949006, 0.994772, 4548, 8597, 0.993645, 0.996776, 
1, 507, 253500, 1, 823, 411500, 0, 62, 15.078820, 0, 4155, 8563, 0.987475, 0.995037, 4393, 8508, 0.981452, 0.982774, 4477, 8487, 0.586121, 0.519785, 4476, 8540, 0.967435, 0.978364, 4483, 8564, 0.937320, 0.927933, 4326, 8390, 0.980170, 0.968481, 4449, 8546, 0.867337, 0.858330, 4468, 8475, 0.993303, 0.988736, 4482, 8549, 0.983277, 0.989841, 4495, 8542, 0.908009, 0.932594, 4496, 8565, 0.997292, 0.986309, 4486, 8559, 0.999979, 0.999979, 4487, 8574, 0.989716, 0.994024, 4488, 8561, 0.787971, 0.915072, 4432, 8547, 0.999568, 0.999532, 4498, 8571, 0.816150, 0.441823, 4485, 8510, 0.930612, 0.907523, 4499, 8567, 0.997146, 0.998339, 4467, 8515, 0.952811, 0.994457, 4215, 8443, 0.990763, 0.991532, 4466, 8572, 0.977735, 0.964824, 4506, 8566, 0.997661, 0.997897, 4507, 8562, 0.925188, 0.908211, 4438, 8517, 0.963410, 0.973106, 4508, 8537, 0.999538, 0.998373, 
1, 505, 252500, 1, 821, 410500, 0, 62, 15.078820, 0, 4155, 8448, 0.991707, 0.958464, 4428, 8507, 0.884061, 0.966256, 4246, 8332, 0.997141, 0.989702, 4459, 8516, 0.903638, 0.943072, 4464, 8540, 0.985017, 0.991941, 4446, 8487, 0.993110, 0.988687, 4448, 8525, 0.974059, 0.995989, 4445, 8532, 0.917662, 0.999031, 4465, 8539, 0.972277, 0.995256, 4393, 8508, 0.972423, 0.999116, 4326, 8390, 0.999842, 0.813377, 4449, 8546, 0.899795, 0.829798, 4215, 8443, 0.927950, 0.967024, 4224, 8336, 0.884731, 0.999543, 4427, 8493, 0.992296, 0.990853, 4369, 8457, 0.896834, 0.999245, 4450, 8494, 0.970622, 0.999155, 4451, 8527, 0.999999, 0.987495, 4406, 8524, 0.982650, 0.998640, 4454, 8517, 0.915173, 0.985890, 4438, 8459, 0.999940, 0.903799, 4440, 8541, 0.935582, 0.996745, 4455, 8521, 0.995187, 0.786549, 4468, 8475, 0.987959, 0.993127, 4469, 8555, 0.999238, 0.868108, 4461, 8510, 0.959218, 0.999752, 4470, 8500, 0.893310, 0.997065, 4471, 8513, 0.999813, 0.888652, 4432, 8547, 0.995649, 0.999797, 4472, 8552, 0.887957, 0.998688, 4423, 8515, 0.998343, 0.968029, 4474, 8542, 0.958785, 0.995891, 4475, 8549, 0.930451, 0.999899, 
1, 503, 251500, 1, 819, 409500, 0, 62, 15.078820, 0, 4365, 8448, 0.968474, 0.984385, 4375, 8354, 0.874676, 0.999978, 4246, 8332, 0.976519, 0.997255, 4425, 8502, 0.884093, 0.971201, 4418, 8487, 0.995105, 0.913198, 4429, 8507, 0.998855, 0.994900, 4420, 8498, 0.972564, 0.989849, 4430, 8510, 0.988598, 0.793532, 4363, 8508, 0.999484, 0.989552, 4374, 8468, 0.999720, 0.827799, 4326, 8390, 0.998773, 0.770707, 4379, 8519, 0.989241, 0.958339, 4215, 8443, 0.906169, 0.951643, 4432, 8509, 0.994541, 0.994110, 4224, 8336, 0.979302, 0.958566, 4427, 8493, 0.970002, 0.999686, 4369, 8457, 0.797698, 0.976357, 4421, 8514, 0.993782, 0.879462, 4434, 8504, 0.971386, 0.990454, 4406, 8524, 0.927440, 0.976907, 4422, 8513, 0.959045, 0.942572, 4435, 8520, 0.347748, 0.207279, 4393, 8476, 0.999336, 0.986824, 4436, 8517, 0.589279, 0.454890, 4438, 8459, 0.999859, 0.898710, 4440, 8436, 0.019108, 0.424109, 4423, 8515, 0.947355, 0.999952, 4441, 8523, 0.996753, 0.984149, 4415, 8516, 0.869983, 0.948921, 4443, 8350, 0.980314, 0.719434, 4414, 8522, 0.872697, 0.972451, 
1, 501, 250500, 1, 817, 408500, 0, 62, 15.078820, 0, 4155, 8316, 0.987856, 0.992509, 4371, 8464, 0.941443, 0.944091, 4260, 8397, 0.998043, 0.834622, 4360, 8354, 0.883265, 0.833357, 4246, 8332, 0.869001, 0.976701, 4359, 8470, 0.956978, 0.898669, 4391, 8473, 0.635383, 1.000000, 4358, 8431, 0.928262, 0.865319, 4368, 8434, 0.995938, 0.982277, 4375, 8440, 0.968198, 0.963594, 4326, 8390, 0.964770, 0.381966, 4365, 8448, 0.998525, 0.996369, 4379, 8484, 0.972385, 0.785420, 4380, 8426, 0.961610, 0.545047, 4215, 8443, 0.702483, 0.939992, 4382, 8425, 0.831202, 0.964778, 4279, 8350, 0.940777, 0.978135, 4224, 8336, 0.966735, 0.653954, 4395, 8476, 0.998558, 0.946755, 4369, 8457, 0.484455, 0.999410, 4388, 8477, 0.906654, 0.980908, 4396, 8486, 0.937796, 0.850106, 4399, 8436, 0.131708, 0.002334, 4297, 8454, 0.733179, 0.926496, 4400, 8471, 0.886234, 0.941502, 4401, 8475, 0.977775, 0.977231, 4408, 8465, 0.872341, 0.710433, 4409, 8468, 0.949695, 0.952488, 4376, 8480, 0.994002, 0.986757, 4412, 8479, 0.000678, 0.001821, 
1, 499, 249500, 1, 815, 407500, 0, 62, 15.078820, 0, 4155, 8316, 0.993277, 0.995963, 4347, 8441, 0.884725, 0.904198, 4260, 8397, 0.937257, 0.787917, 4215, 8447, 0.996312, 0.785764, 4358, 8431, 0.867756, 0.976429, 4359, 8282, 0.966344, 0.585683, 4360, 8419, 0.963958, 0.929070, 4246, 8332, 0.746115, 0.897255, 4224, 8336, 0.820600, 0.257916, 4279, 8350, 0.771011, 0.829416, 4337, 8433, 0.820231, 0.227511, 4297, 8327, 0.686817, 0.949307, 4354, 8406, 0.795893, 0.993217, 4364, 8444, 0.866552, 0.956694, 4365, 8416, 0.999086, 0.990954, 4353, 8418, 0.959094, 0.425191, 4368, 8361, 0.691367, 0.836080, 4331, 8390, 0.833139, 0.064223, 4295, 8407, 0.174131, 0.995132, 4371, 8414, 0.839605, 0.019046, 
1, 497, 248500, 1, 813, 406500, 0, 62, 15.078820, 0, 4174, 8416, 0.990669, 0.998483, 4155, 8316, 0.992283, 0.996699, 4322, 8409, 0.917496, 0.933419, 4260, 8397, 0.961361, 0.788673, 4215, 8417, 0.767224, 0.517031, 4324, 8399, 0.799965, 0.988186, 4325, 8282, 0.999710, 0.440981, 4246, 8332, 0.581914, 0.743988, 4224, 8336, 0.972047, 0.058268, 4272, 8382, 0.789409, 0.804448, 4295, 8407, 0.058287, 0.796746, 4329, 8389, 0.953071, 0.854290, 4279, 8350, 0.828192, 0.905593, 4297, 8327, 0.188328, 0.662648, 4310, 8351, 0.628221, 0.207834, 4331, 8401, 0.902719, 0.988276, 4333, 8408, 0.604357, 0.999891, 4337, 8415, 0.039475, 0.673649, 4338, 8418, 0.023966, 0.440809, 4339, 8396, 0.760238, 0.986213, 4342, 8404, 0.958975, 0.947279, 
1, 495, 247500, 1, 811, 405500, 0, 62, 15.078820, 0, 4174, 8356, 0.989981, 0.987638, 4155, 8316, 0.999966, 0.999686, 4277, 8280, 0.821430, 0.572377, 4260, 8292, 0.397835, 0.635029, 4276, 8380, 0.949846, 0.840358, 4215, 8388, 0.605023, 0.560728, 4188, 8384, 0.310856, 0.760390, 4293, 8282, 0.965943, 0.793057, 4246, 8332, 0.613562, 0.628313, 4224, 8336, 0.677636, 0.085016, 4272, 8382, 0.878742, 0.797777, 4295, 8322, 0.050206, 0.204583, 4296, 8342, 0.853222, 0.999802, 4218, 8361, 0.965946, 0.999127, 4279, 8350, 0.872116, 0.960782, 4286, 8367, 0.517648, 0.914139, 4297, 8327, 0.281722, 0.292872, 4267, 8386, 0.531525, 0.257712, 4301, 8377, 0.957431, 0.988593, 4304, 8385, 0.649971, 0.317285, 
1, 493, 246500, 1, 809, 404500, 0, 62, 15.078820, 0, 4174, 8356, 0.996790, 0.996821, 4155, 8316, 0.999871, 0.999534, 4260, 8292, 0.354676, 0.498787, 4270, 8333, 0.366184, 0.603409, 4215, 8348, 0.848370, 0.623123, 4188, 8365, 0.999228, 0.778737, 4254, 8363, 0.727523, 0.986495, 4253, 8282, 0.936021, 0.933956, 4246, 8332, 0.563915, 0.651865, 4224, 8360, 0.984953, 0.127842, 4151, 8355, 0.473775, 0.402083, 4243, 8334, 0.897516, 0.377514, 4273, 8361, 0.944608, 0.947340, 4264, 8341, 0.887571, 0.999520, 4259, 8359, 0.194070, 0.258815, 4231, 8347, 0.326839, 0.332468, 4279, 8350, 0.616942, 0.657003, 4280, 8352, 0.005686, 0.017106, 
1, 491, 245500, 1, 807, 403500, 0, 62, 15.078820, 0, 4155, 8316, 0.994552, 0.999970, 4233, 8292, 0.376798, 0.388317, 4164, 8299, 0.992450, 0.777137, 4239, 8333, 0.998209, 0.872928, 4215, 8319, 0.759375, 0.606664, 4188, 8326, 0.414410, 0.755578, 4227, 8329, 0.534974, 0.990388, 4138, 8282, 0.767841, 0.858745, 4228, 8340, 0.000000, 0.528780, 4231, 8315, 0.301338, 0.462827, 4224, 8336, 0.099478, 0.098820, 4151, 8325, 0.470477, 0.441783, 4217, 8312, 0.008714, 0.291610, 4218, 8287, 0.942630, 0.999442, 4240, 8328, 0.889442, 0.901550, 4236, 8298, 0.755591, 0.640702, 4246, 8332, 0.459965, 0.681149, 4219, 8322, 0.811319, 0.095882, 4206, 8334, 0.678204, 0.761803, 4061, 8305, 0.086460, 0.087556, 4248, 8306, 0.915113, 0.279609, 
1, 489, 244500, 1, 805, 402500, 0, 62, 15.078820, 0, 4174, 8293, 0.999810, 0.999904, 4155, 8214, 0.979246, 0.979856, 4209, 8283, 0.840567, 0.856385, 4198, 8292, 0.347958, 0.351166, 4176, 8299, 0.396569, 0.535167, 4200, 8294, 0.639204, 0.672038, 4188, 8284, 0.417244, 0.981521, 4216, 8279, 0.116227, 0.992252, 4138, 8282, 0.946747, 0.840471, 4205, 8310, 0.683305, 0.611842, 4214, 8307, 0.420841, 0.477929, 4192, 8177, 0.945346, 0.362377, 4151, 8300, 0.678172, 0.659859, 4208, 8303, 0.379934, 0.863321, 4218, 8287, 0.994780, 0.989670, 4219, 8309, 0.212951, 0.075038, 4207, 8260, 0.965309, 0.873407, 4204, 8286, 0.164024, 0.505281, 4222, 8285, 0.748895, 0.697577, 4223, 8182, 0.416296, 0.050659, 
1, 487, 243500, 1, 803, 401500, 0, 62, 15.078820, 0, 4043, 8215, 0.272051, 0.227664, 4155, 8214, 0.999996, 0.999956, 4035, 8160, 0.139144, 0.166770, 4184, 8176, 0.839523, 0.857447, 4097, 8147, 0.358334, 0.405330, 4158, 8258, 0.583906, 0.623316, 4159, 8242, 0.979264, 0.957584, 4175, 8264, 0.769601, 0.666831, 4188, 8274, 0.926420, 0.970297, 4138, 8259, 0.976875, 0.051752, 4164, 8253, 0.881612, 0.405137, 4169, 8267, 0.316476, 0.866688, 4192, 8177, 0.922098, 0.149217, 4151, 8204, 0.758227, 0.665880, 4163, 8247, 0.917952, 0.809205, 4186, 8260, 0.736710, 0.703914, 4187, 8248, 0.973228, 0.176049, 4194, 8182, 0.595745, 0.583887, 4199, 8271, 0.026146, 0.016406, 4181, 8278, 0.001801, 0.000000, 4201, 8276, 0.006418, 0.000000, 4165, 8273, 0.889373, 0.916230, 4202, 8239, 0.489425, 0.142970, 
1, 485, 242500, 1, 801, 400500, 0, 62, 15.078820, 0, 4043, 8085, 0.338975, 0.119223, 4153, 8232, 0.903084, 0.887911, 4154, 8245, 0.964075, 0.974640, 4155, 8186, 0.999934, 0.998107, 4156, 8176, 0.860349, 0.966434, 4097, 8147, 0.373493, 0.617466, 4159, 8252, 0.983373, 0.922901, 4109, 8239, 0.943793, 0.017480, 4124, 8250, 0.436846, 0.326501, 4144, 8244, 0.843805, 0.785839, 4138, 8248, 0.941161, 0.000183, 4148, 8246, 0.654047, 0.995096, 4149, 8228, 0.606946, 0.606130, 4151, 8177, 0.057319, 0.387782, 4135, 8211, 0.638581, 0.964608, 4163, 8247, 0.846652, 0.781768, 4164, 8155, 0.937855, 0.438026, 4165, 8237, 0.612165, 0.902383, 4061, 8182, 0.081897, 0.547196, 4168, 8241, 0.678092, 0.954793, 4172, 8160, 0.988265, 0.133400, 
1, 483, 241500, 1, 799, 399500, 0, 62, 15.078820, 0, 4086, 8223, 0.000003, 0.515055, 4043, 8085, 0.755230, 0.216677, 4132, 8156, 0.979707, 0.763879, 4017, 8214, 0.994086, 0.995255, 4035, 8160, 0.316685, 0.670462, 4119, 8176, 0.884243, 0.977628, 4097, 8147, 0.549916, 0.916346, 4133, 8199, 0.903735, 0.847742, 4104, 8225, 0.888361, 0.985648, 4112, 8207, 0.979008, 0.855017, 4114, 8212, 0.726354, 0.489589, 4094, 8216, 0.831193, 0.997823, 4111, 8192, 0.772310, 0.222365, 4128, 8222, 0.551453, 0.700589, 4061, 8182, 0.151270, 0.866267, 4135, 8211, 0.999238, 0.971818, 4136, 8209, 0.071907, 0.032626, 4138, 8224, 0.029530, 0.252079, 
1, 481, 240500, 1, 797, 398500, 0, 62, 15.078820, 0, 4086, 8184, 0.992940, 0.287274, 4110, 8145, 0.975602, 0.973692, 4043, 8085, 0.979371, 0.550201, 4058, 8156, 0.937164, 0.999170, 4017, 8186, 0.999318, 0.999954, 4035, 8160, 0.614237, 0.854244, 4096, 8189, 0.913698, 0.995824, 4097, 8147, 0.873821, 0.998390, 4090, 8162, 0.782441, 0.753941, 4111, 8191, 0.232722, 0.894990, 4089, 8187, 0.962591, 0.547564, 4104, 8176, 0.994069, 0.845913, 4061, 8182, 0.516252, 0.989579, 4102, 8192, 0.687859, 0.926577, 4117, 8177, 0.196568, 0.248744, 4094, 8195, 0.954016, 0.976481, 
1, 479, 239500, 1, 795, 397500, 0, 62, 15.078820, 0, 4017, 8127, 0.991666, 0.992362, 4059, 8140, 0.970569, 0.732746, 4043, 8085, 0.972346, 0.951437, 4058, 8156, 0.449976, 0.501694, 4084, 8167, 0.983934, 0.960800, 4035, 8160, 0.828966, 0.851658, 4083, 8147, 0.999608, 0.998650, 4067, 8134, 0.999514, 0.853617, 4047, 8132, 0.647241, 0.639336, 4076, 8130, 0.999764, 0.999988, 4073, 8144, 0.798585, 0.841140, 4062, 8172, 0.706592, 0.998209, 4088, 8164, 0.917438, 0.855162, 4070, 8169, 0.503260, 0.135736, 4022, 8177, 0.043060, 0.047970, 4050, 8115, 0.320111, 0.880447, 4089, 8162, 0.872250, 0.999924, 4093, 8145, 0.925953, 0.844826, 4061, 8168, 0.925416, 0.958169, 4094, 8163, 0.917880, 0.948901, 4080, 8178, 0.009743, 0.030272, 4095, 8173, 0.625442, 0.738906, 
1, 477, 238500, 1, 793, 396500, 0, 62, 15.078820, 0, 4017, 8127, 0.996683, 0.996386, 4044, 8143, 0.965091, 0.950192, 4013, 8157, 0.983053, 0.996709, 4022, 8113, 0.438531, 0.439285, 4035, 8160, 0.831670, 0.906174, 4056, 8129, 0.494641, 0.694371, 4058, 8156, 0.624642, 0.629158, 4043, 8085, 0.829844, 0.909222, 4059, 8140, 0.978741, 0.939644, 3978, 8130, 0.923377, 0.989707, 4046, 8123, 0.998883, 0.979094, 4019, 8110, 0.995329, 0.979702, 4060, 8154, 0.994466, 0.777891, 3991, 8126, 0.000000, 0.000505, 4048, 8150, 0.921439, 0.794703, 4062, 8144, 0.810890, 0.871516, 4034, 8153, 0.991294, 0.761944, 4050, 8115, 0.457161, 0.466229, 4021, 8148, 0.850687, 0.946360, 4053, 8132, 0.779013, 0.976454, 4063, 8145, 0.561845, 0.876942, 
1, 475, 237500, 1, 791, 395500, 0, 62, 15.078820, 0, 4017, 8117, 0.999986, 0.999607, 4023, 8105, 0.965369, 0.964773, 4019, 8110, 0.859624, 0.875456, 3936, 8113, 0.968924, 0.996652, 3978, 8093, 0.764220, 0.899642, 4028, 8120, 0.618328, 0.728005, 4018, 8107, 0.000085, 0.448048, 4029, 8106, 0.751712, 0.968418, 3991, 8126, 0.872387, 0.840191, 4024, 8101, 0.860314, 0.366469, 4007, 8085, 0.745406, 0.765329, 4034, 8118, 0.999999, 0.575112, 4021, 8122, 0.996246, 0.995031, 4006, 8078, 0.851168, 0.831148, 4037, 8125, 0.992164, 0.992687, 4039, 8123, 0.941242, 0.988936, 
1, 473, 236500, 1, 789, 394500, 0, 62, 15.078820, 0, 3997, 8086, 0.993183, 0.962824, 3989, 8083, 0.980129, 0.464653, 3933, 8071, 0.945006, 0.960809, 3936, 8030, 0.623680, 0.629836, 3962, 8031, 0.956177, 0.903802, 3978, 8037, 0.911669, 0.971347, 3995, 8070, 0.775628, 0.807891, 4004, 8092, 0.743801, 0.788348, 4006, 8095, 0.937535, 0.997152, 4007, 8085, 0.655881, 0.696745, 3951, 8076, 0.990589, 0.984693, 4008, 8084, 0.992127, 0.941224, 4009, 8010, 0.999126, 0.995253, 4011, 8054, 0.927904, 0.706874, 4012, 8011, 0.999888, 0.997693, 4015, 8099, 0.757926, 0.803819, 4016, 8059, 0.973171, 0.760113, 
1, 471, 235500, 1, 787, 393500, 0, 62, 15.078820, 0, 3971, 8010, 0.999953, 0.998749, 3957, 8050, 0.981968, 0.971096, 3970, 8044, 0.563984, 0.518680, 3942, 8048, 0.991611, 0.992406, 3940, 8053, 0.928485, 0.744508, 3974, 8032, 0.931084, 0.934279, 3946, 8057, 0.909503, 0.996461, 3975, 8067, 0.952178, 0.994559, 3959, 8052, 0.987649, 0.983544, 3936, 8030, 0.522203, 0.903626, 3962, 8031, 0.985759, 0.991619, 3977, 8065, 0.281452, 0.284776, 3978, 8037, 0.708976, 0.778384, 3969, 8056, 0.669736, 0.799632, 3965, 8058, 0.996213, 0.754969, 3968, 8024, 0.149273, 0.848034, 3951, 8008, 0.952965, 0.455261, 3980, 8070, 0.661482, 0.778093, 3963, 8071, 0.916350, 0.919966, 3981, 8069, 0.879183, 0.944931, 3982, 7989, 0.859018, 0.913747, 3983, 8066, 0.995543, 0.998508, 3984, 8064, 0.985525, 0.999512, 3986, 8011, 0.988525, 0.992727, 3903, 8054, 0.902423, 0.984010, 3987, 8077, 0.998389, 0.998403, 
1, 469, 234500, 1, 785, 392500, 0, 62, 15.078820, 0, 3784, 8010, 0.975178, 0.978492, 3921, 8011, 0.967253, 0.975945, 3939, 8040, 0.974304, 0.954705, 3935, 8020, 0.919894, 0.814430, 3905, 7977, 0.999344, 0.337262, 3940, 8042, 0.991050, 0.901160, 3911, 8023, 0.999987, 0.996698, 3941, 8021, 0.597628, 0.631936, 3942, 8048, 0.981077, 0.983145, 3931, 8001, 0.846485, 0.847157, 3943, 8026, 0.886891, 0.856837, 3944, 7981, 0.576289, 0.589055, 3903, 7989, 0.948513, 0.987519, 3885, 8008, 0.999879, 0.999879, 3936, 8030, 0.792101, 0.795069, 3919, 7960, 0.985504, 0.971156, 3938, 8031, 0.931579, 0.955358, 3948, 8015, 0.979318, 0.997782, 3949, 8035, 0.690626, 0.691135, 3950, 8037, 0.764657, 0.786323, 3884, 8041, 0.999373, 0.984425, 3954, 8039, 0.967575, 0.992237, 3929, 8038, 0.610130, 0.619222, 
1, 467, 233500, 1, 783, 391500, 0, 62, 15.078820, 0, 3784, 8011, 0.999809, 0.983316, 3892, 7999, 0.996681, 0.970636, 3890, 8012, 0.619315, 0.569618, 3910, 8013, 0.625202, 0.641112, 3884, 7910, 0.954848, 0.993546, 3891, 8000, 0.984637, 0.999370, 3874, 7960, 0.962896, 0.914366, 3901, 8009, 0.620016, 0.698155, 3912, 8014, 0.980517, 0.909013, 3895, 7981, 0.916819, 0.961348, 3896, 7979, 0.738528, 0.759840, 3829, 7846, 0.996856, 0.983892, 3904, 7994, 0.909594, 0.938056, 3915, 8008, 0.945537, 0.911291, 3909, 7996, 0.240393, 0.231245, 3918, 7977, 0.846440, 0.896578, 3903, 7989, 0.882348, 0.908532, 3840, 7992, 0.728143, 0.645720, 3919, 8019, 0.960841, 0.919668, 3822, 7901, 0.748938, 0.741972, 
1, 465, 232500, 1, 781, 390500, 0, 62, 15.078820, 0, 3871, 7978, 0.983575, 0.970628, 3846, 7976, 0.665023, 0.610391, 3848, 7926, 0.601876, 0.603150, 3731, 7846, 0.951831, 0.973511, 3840, 7946, 0.703635, 0.683352, 3874, 7985, 0.994613, 0.983518, 3823, 7910, 0.826367, 0.981784, 3822, 7901, 0.766370, 0.732681, 3825, 7920, 0.998628, 0.980549, 3876, 7953, 0.910253, 0.965292, 3877, 7980, 0.996338, 0.994245, 3860, 7991, 0.989092, 0.999768, 3878, 7986, 0.992685, 0.999507, 3784, 7878, 0.991970, 0.996161, 3880, 7952, 0.934209, 0.935781, 3881, 7934, 0.533077, 0.103131, 3774, 7960, 0.991934, 0.987404, 3836, 7957, 0.719317, 0.721364, 3882, 7966, 0.932598, 0.993457, 3883, 7964, 0.823035, 0.850989, 3886, 7988, 0.973742, 0.969440, 3850, 7989, 0.800377, 0.836621, 3887, 7982, 0.394127, 0.395620, 3829, 7928, 0.956632, 0.941126, 
1, 463, 231500, 1, 779, 389500, 0, 62, 15.078820, 0, 3784, 7878, 0.993867, 0.967305, 3751, 7839, 0.979526, 0.962667, 3832, 7964, 0.779000, 0.771808, 3731, 7846, 0.916459, 0.934425, 3829, 7928, 0.966148, 0.944854, 3774, 7960, 0.984893, 0.993766, 3816, 7952, 0.597190, 0.998546, 3822, 7901, 0.870174, 0.826545, 3789, 7936, 0.051796, 0.795799, 3825, 7920, 0.671729, 0.674320, 3844, 7910, 0.997281, 0.997349, 3845, 7955, 0.999864, 0.995360, 3847, 7894, 0.974240, 0.890753, 3848, 7926, 0.426623, 0.819008, 3849, 7949, 0.970690, 0.920042, 3837, 7935, 0.993215, 0.967998, 3836, 7957, 0.481016, 0.075312, 3853, 7961, 0.998206, 0.992101, 
1, 461, 230500, 1, 777, 388500, 0, 62, 15.078820, 0, 3784, 7878, 0.982107, 0.997363, 3809, 7913, 0.999114, 0.996441, 3741, 7837, 0.598481, 0.598409, 3783, 7892, 0.667293, 0.785067, 3705, 7894, 0.720727, 0.735497, 3731, 7927, 0.990241, 0.990241, 3811, 7942, 0.975494, 0.996583, 3812, 7928, 0.990940, 0.979280, 3774, 7872, 0.989807, 0.995964, 3751, 7839, 0.959678, 0.993818, 3788, 7904, 0.999502, 0.943855, 3815, 7905, 0.938018, 0.807944, 3817, 7931, 0.999942, 0.986759, 3806, 7901, 0.990887, 0.975191, 3818, 7908, 0.999428, 0.966507, 3781, 7887, 0.999685, 0.974978, 3821, 7937, 0.943607, 0.898328, 3823, 7910, 0.625881, 0.861500, 3824, 7918, 0.660489, 0.897235, 3789, 7936, 0.000043, 0.053762, 3825, 7920, 0.858339, 0.867342, 3805, 7914, 0.963412, 0.990415, 
1, 459, 229500, 1, 775, 387500, 0, 62, 15.078820, 0, 3757, 7878, 0.998095, 0.999509, 3781, 7904, 0.996261, 0.912903, 3776, 7885, 0.997886, 0.996118, 3741, 7837, 0.568168, 0.568168, 3786, 7881, 0.615429, 0.617980, 3705, 7883, 0.917915, 0.952349, 3731, 7846, 0.797136, 0.797204, 3788, 7893, 0.998928, 0.938187, 3730, 7900, 0.600402, 0.600585, 3773, 7845, 0.996535, 0.975963, 3765, 7895, 0.993937, 0.999955, 3777, 7907, 0.983586, 0.947986, 3783, 7892, 0.983663, 0.914351, 3774, 7872, 0.947441, 0.965770, 3770, 7874, 0.568013, 0.564411, 3763, 7887, 0.636320, 0.909285, 3791, 7876, 0.604879, 0.604154, 3792, 7890, 0.998216, 0.971676, 3793, 7888, 0.719491, 0.896262, 3748, 7899, 0.930102, 0.983863, 3751, 7839, 0.702232, 0.790340, 3797, 7877, 0.720792, 0.855580, 
1, 457, 228500, 1, 773, 386500, 0, 62, 15.078820, 0, 3757, 7878, 0.997980, 0.964017, 3758, 7861, 0.874517, 0.716999, 3753, 7859, 0.999391, 0.999137, 3741, 7837, 0.611526, 0.609658, 3726, 7867, 0.642827, 0.655268, 3755, 7843, 0.612477, 0.612725, 3705, 7826, 0.674830, 0.691119, 3731, 7846, 0.808647, 0.810539, 3760, 7845, 0.976387, 0.998853, 3750, 7847, 0.878703, 0.868451, 3751, 7839, 0.925634, 0.960294, 3762, 7869, 0.991824, 0.983041, 3763, 7866, 0.971919, 0.998318, 3718, 7870, 0.980886, 0.992469, 3764, 7823, 0.985172, 0.999977, 3766, 7871, 0.786874, 0.829086, 3742, 7856, 0.924161, 0.979336, 3767, 7836, 0.626931, 0.748260, 
1, 455, 227500, 1, 771, 385500, 0, 62, 15.078820, 0, 3721, 7827, 0.945897, 0.993825, 3738, 7833, 0.861811, 0.706109, 3710, 7832, 0.672382, 0.641920, 3741, 7837, 0.597954, 0.571261, 3726, 7831, 0.606362, 0.652014, 3727, 7790, 0.505050, 0.670936, 3722, 7845, 0.998019, 0.966927, 3705, 7826, 0.535932, 0.741146, 3630, 7835, 0.803324, 0.853558, 3730, 7848, 0.851359, 0.852142, 3742, 7840, 0.972613, 0.922972, 3732, 7836, 0.467320, 0.790980, 3743, 7820, 0.971601, 0.998292, 3746, 7847, 0.828876, 0.818155, 3704, 7852, 0.999940, 0.552776, 3653, 7776, 0.897456, 0.851921, 
1, 453, 226500, 1, 769, 384500, 0, 62, 15.078820, 0, 3675, 7828, 0.987821, 0.998987, 3708, 7815, 0.994456, 0.995756, 3612, 7810, 0.922581, 0.786756, 3653, 7776, 0.982759, 0.944261, 3686, 7820, 0.999014, 0.972494, 3710, 7808, 0.899331, 0.728726, 3586, 7680, 0.658828, 0.611398, 3711, 7806, 0.904725, 0.755823, 3712, 7807, 0.659787, 0.722483, 3692, 7790, 0.528066, 0.913881, 3695, 7803, 0.893923, 0.966787, 3681, 7789, 0.980849, 0.980845, 3716, 7811, 0.899815, 0.855283, 3703, 7819, 0.908939, 0.903922, 3704, 7801, 0.903847, 0.889789, 3699, 7796, 0.000022, 0.973045, 3696, 7805, 0.875017, 0.863099, 3705, 7826, 0.639472, 0.646328, 3673, 7812, 0.881528, 0.208662, 3720, 7823, 0.896190, 0.948986, 
1, 451, 225500, 1, 767, 383500, 0, 62, 15.078820, 0, 3675, 7798, 0.936877, 0.963068, 3673, 7792, 0.880444, 0.942587, 3612, 7692, 0.966588, 0.860510, 3598, 7487, 0.976248, 0.978921, 3653, 7776, 0.993578, 0.999185, 3686, 7778, 0.913730, 0.922627, 3687, 7782, 0.945160, 0.786040, 3586, 7680, 0.682215, 0.628285, 3688, 7781, 0.918927, 0.780207, 3657, 7748, 0.911820, 0.919373, 3689, 7759, 0.586298, 0.708620, 3678, 7761, 0.985149, 0.991986, 3683, 7734, 0.720583, 0.728116, 3690, 7795, 0.668854, 0.847100, 3630, 7723, 0.999741, 0.999851, 3681, 7789, 0.986925, 0.986575, 3680, 7744, 0.950748, 0.663439, 3691, 7799, 0.989767, 0.999307, 3693, 7784, 0.906973, 0.822141, 
1, 449, 224500, 1, 765, 382500, 0, 62, 15.078820, 0, 3662, 7756, 0.994126, 0.741113, 3664, 7757, 0.971619, 0.993470, 3612, 7675, 0.965671, 0.957323, 3519, 7764, 0.933070, 0.892134, 3580, 7479, 0.691785, 0.694271, 3598, 7487, 0.841743, 0.842149, 3653, 7747, 0.987059, 0.993014, 3641, 7734, 0.611524, 0.643179, 3665, 7765, 0.935598, 0.949781, 3666, 7762, 0.983408, 0.825135, 3586, 7680, 0.690373, 0.667831, 3667, 7758, 0.961110, 0.828159, 3657, 7748, 0.942239, 0.947572, 3628, 7732, 0.803224, 0.798348, 3633, 7759, 0.664834, 0.689378, 3635, 7761, 0.979584, 0.940797, 3668, 7767, 0.670396, 0.651936, 3630, 7723, 0.992111, 0.999178, 3670, 7774, 0.953101, 0.958852, 3645, 7744, 0.830162, 0.840584, 
1, 447, 223500, 1, 763, 381500, 0, 62, 15.078820, 0, 3637, 7729, 0.950435, 0.768751, 3639, 7731, 0.999998, 0.930677, 3612, 7675, 0.952844, 0.936630, 3519, 7745, 0.997457, 0.971748, 3580, 7479, 0.652653, 0.662777, 3597, 7692, 0.939064, 0.935473, 3598, 7487, 0.993211, 0.993225, 3618, 7732, 0.922974, 0.913291, 3640, 7735, 0.995399, 0.993297, 3641, 7734, 0.684309, 0.685574, 3615, 7694, 0.721678, 0.726933, 3586, 7680, 0.651057, 0.650804, 3643, 7733, 0.948236, 0.820315, 3644, 7737, 0.670458, 0.735614, 3646, 7736, 0.861013, 0.728613, 3647, 7706, 0.996792, 0.989318, 3648, 7743, 0.824564, 0.791537, 3630, 7748, 0.992490, 0.972424, 3633, 7709, 0.942351, 0.882033, 
1, 445, 222500, 1, 761, 380500, 0, 62, 15.078820, 0, 3499, 7682, 0.883111, 0.876120, 3595, 7706, 0.848383, 0.993489, 3612, 7675, 0.969228, 0.934340, 3519, 7691, 0.937317, 0.981180, 3580, 7479, 0.973064, 0.973232, 3597, 7692, 0.954499, 0.913095, 3598, 7487, 0.470399, 0.461665, 3613, 7711, 0.986049, 0.980042, 3585, 7713, 0.261289, 0.034891, 3614, 7710, 0.632779, 0.999358, 3615, 7694, 0.703671, 0.709824, 3586, 7680, 0.685887, 0.660465, 3617, 7727, 0.970898, 0.969175, 3618, 7708, 0.954343, 0.830493, 3619, 7707, 0.897702, 0.974830, 3620, 7686, 0.629815, 0.724918, 3594, 7690, 0.679147, 0.766256, 3603, 7717, 0.968973, 0.955484, 3621, 7726, 0.892282, 0.881649, 3622, 7712, 0.728596, 0.700813, 
1, 443, 221500, 1, 759, 379500, 0, 62, 15.078820, 0, 3499, 7682, 0.898156, 0.895580, 3458, 7563, 0.999912, 0.993695, 3579, 7701, 0.687119, 0.996061, 3564, 7675, 0.982254, 0.977005, 3519, 7674, 0.940217, 0.968698, 3547, 7632, 0.998466, 0.891179, 3581, 7692, 0.984848, 0.961428, 3531, 7685, 0.767482, 0.974612, 3539, 7638, 0.802153, 0.696806, 3583, 7698, 0.800255, 0.887036, 3584, 7683, 0.877645, 0.999937, 3575, 7695, 0.980843, 0.969345, 3559, 7641, 0.999644, 0.944328, 3577, 7678, 0.824396, 0.659657, 3548, 7686, 0.690894, 0.213844, 3551, 7658, 0.950099, 0.954146, 3586, 7680, 0.852446, 0.625993, 3587, 7697, 0.987882, 0.973896, 3589, 7700, 0.845134, 0.588184, 3557, 7703, 0.675497, 0.894025, 3591, 7644, 0.535504, 0.856675, 
1, 441, 220500, 1, 757, 378500, 0, 62, 15.078820, 0, 3499, 7655, 0.848476, 0.848408, 3519, 7648, 0.830148, 0.883637, 3458, 7563, 0.999834, 0.996150, 3545, 7649, 0.988082, 0.996657, 3546, 7650, 0.889264, 0.994127, 3425, 7487, 0.421412, 0.505163, 3547, 7632, 0.933385, 0.998160, 3411, 7667, 0.990245, 0.937965, 3531, 7464, 0.568290, 0.847737, 3539, 7638, 0.910632, 0.757727, 3549, 7640, 0.904741, 0.593050, 3550, 7624, 0.641866, 0.863276, 3551, 7658, 0.948142, 0.973480, 3525, 7631, 0.599865, 0.712246, 3552, 7659, 0.111061, 0.873074, 3537, 7654, 0.983062, 0.994471, 3557, 7646, 0.954219, 0.978900, 3559, 7641, 0.992944, 0.998950, 3514, 7634, 0.670685, 0.632211, 
1, 439, 219500, 1, 755, 377500, 0, 62, 15.078820, 0, 3518, 7625, 0.579854, 0.876873, 3519, 7636, 0.835099, 0.835456, 3458, 7563, 0.847628, 0.960582, 3473, 7632, 0.971961, 0.996297, 3520, 7629, 0.696929, 0.959903, 3425, 7487, 0.777471, 0.861507, 3411, 7585, 0.908897, 0.969960, 3478, 7464, 0.466769, 0.696295, 3481, 7588, 0.967278, 0.967926, 3521, 7630, 0.989411, 0.736767, 3514, 7634, 0.999815, 0.887583, 3484, 7619, 0.088781, 0.000047, 3524, 7633, 0.781617, 0.483798, 3490, 7589, 0.663555, 0.609831, 3525, 7631, 0.463244, 0.520359, 3477, 7594, 0.902806, 0.844867, 3527, 7624, 0.795990, 0.908371, 
1, 437, 218500, 1, 753, 376500, 0, 62, 15.078820, 0, 3480, 7538, 0.503146, 0.490364, 3501, 7605, 0.810358, 0.940035, 3492, 7622, 0.984433, 0.632261, 3491, 7617, 0.762432, 0.800307, 3490, 7594, 0.869180, 0.985719, 3458, 7563, 0.902352, 0.973206, 3473, 7601, 0.840068, 0.860257, 3502, 7608, 0.625790, 0.826883, 3425, 7487, 0.219760, 0.223160, 3495, 7620, 0.999991, 0.971539, 3478, 7464, 0.500620, 0.512321, 3481, 7588, 0.976807, 0.996048, 3484, 7624, 0.568525, 0.608994, 3497, 7599, 0.999882, 0.951782, 3506, 7607, 0.896898, 0.816728, 3482, 7592, 0.670721, 0.671238, 3508, 7589, 0.998861, 0.824448, 
1, 437, 218500, 1, 751, 375500, 0, 62, 15.078820, 0, 3480, 7538, 0.891610, 0.899308, 3496, 7597, 0.436928, 0.484910, 3419, 7598, 0.950879, 0.760517, 3492, 7600, 0.991294, 0.986409, 3458, 7563, 0.960439, 0.999105, 3473, 7585, 0.848483, 0.947305, 3425, 7487, 0.842803, 0.834519, 3440, 7593, 0.999657, 0.976166, 3495, 7519, 0.568236, 0.743723, 3478, 7464, 0.775289, 0.711547, 3481, 7602, 0.921351, 0.342107, 3484, 7535, 0.611102, 0.610066, 3497, 7599, 0.634866, 0.905505, 3482, 7592, 0.499974, 0.474090, 3494, 7604, 0.679581, 0.803007, 3508, 7589, 0.975874, 0.981782, 3498, 7603, 0.968905, 0.670249, 
1, 435, 217500, 1, 749, 374500, 0, 62, 15.078820, 0, 3284, 7538, 0.933250, 0.941247, 3419, 7562, 0.730399, 0.835427, 3471, 7568, 0.999603, 0.605072, 3464, 7574, 0.965725, 0.909392, 3463, 7578, 0.876703, 0.534380, 3384, 7494, 0.952483, 0.920593, 3458, 7563, 0.974983, 0.982680, 3450, 7513, 0.490606, 0.670908, 3473, 7572, 0.890716, 0.978489, 3425, 7487, 0.802703, 0.694893, 3452, 7573, 0.690054, 0.936762, 3465, 7570, 0.761231, 0.527785, 3411, 7534, 0.881143, 0.994446, 3466, 7579, 0.707502, 0.396528, 3453, 7561, 0.943509, 0.956619, 3462, 7577, 0.997082, 0.602234, 3410, 7519, 0.830848, 0.952157, 3477, 7544, 0.927332, 0.921535, 3478, 7464, 0.907118, 0.659071, 3482, 7564, 0.602565, 0.407100, 3483, 7535, 0.998064, 0.876556, 
1, 433, 216500, 1, 747, 373500, 0, 62, 15.078820, 0, 3284, 7538, 0.940385, 0.953431, 3446, 7554, 0.983806, 0.999950, 3447, 7544, 0.854916, 0.851781, 3433, 7543, 0.872083, 0.533121, 3441, 7546, 0.780800, 0.799599, 3419, 7552, 0.950807, 0.996855, 3437, 7549, 0.984183, 0.847645, 3416, 7527, 0.735083, 0.985291, 3436, 7547, 0.897818, 0.766036, 3384, 7494, 0.994947, 0.990361, 3409, 7512, 0.953892, 0.999692, 3411, 7522, 0.999584, 0.995241, 3410, 7519, 0.996379, 0.953580, 3425, 7487, 0.996588, 0.951220, 3439, 7550, 0.881216, 0.892667, 3443, 7551, 0.966814, 0.965038, 3454, 7535, 0.827559, 0.614849, 3442, 7536, 0.866872, 0.999976, 3418, 7532, 0.869284, 0.846998, 3429, 7555, 0.980606, 0.989052, 3399, 7513, 0.735419, 0.995419, 
1, 431, 215500, 1, 745, 372500, 0, 62, 15.078820, 0, 3284, 7511, 0.908444, 0.915021, 3416, 7515, 0.827522, 0.822945, 3401, 7517, 0.988294, 0.974715, 3418, 7516, 0.988973, 0.969157, 3339, 7424, 0.843960, 0.748269, 3400, 7520, 0.854401, 0.849090, 3406, 7521, 0.960264, 0.812989, 3384, 7494, 0.981603, 0.999445, 3360, 7496, 0.802120, 0.858617, 3395, 7514, 0.881361, 0.893325, 3399, 7513, 0.859492, 0.917573, 3409, 7512, 0.998826, 0.988626, 3411, 7522, 0.996521, 0.991627, 3410, 7519, 0.927839, 0.975254, 3415, 7523, 0.974333, 0.948827, 3413, 7502, 0.821896, 0.884105, 3328, 7415, 0.981994, 0.999929, 3425, 7487, 0.454814, 0.368163, 3385, 7524, 0.999810, 0.952456, 3408, 7464, 0.879606, 0.750379, 3429, 7510, 0.999953, 0.999947, 3402, 7501, 0.979327, 0.967970, 
1, 429, 214500, 1, 743, 371500, 0, 62, 15.078820, 0, 3284, 7384, 0.918155, 0.946418, 3389, 7489, 0.844118, 0.826827, 3379, 7492, 0.923142, 0.923091, 3373, 7496, 0.909821, 0.964755, 3328, 7415, 0.988607, 0.978620, 3392, 7460, 0.998151, 0.999818, 3339, 7424, 0.799302, 0.780774, 3381, 7497, 0.999702, 0.998068, 3378, 7491, 0.999204, 0.942380, 3393, 7466, 0.875364, 0.868805, 3380, 7493, 0.990984, 0.904046, 3387, 7488, 0.840905, 0.836354, 3384, 7494, 0.969736, 0.973460, 3360, 7478, 0.925676, 0.944186, 3395, 7477, 0.958684, 0.969784, 
1, 427, 213500, 1, 741, 370500, 0, 62, 15.078820, 0, 3284, 7384, 0.921851, 0.974595, 3364, 7477, 0.913378, 0.959753, 3355, 7467, 0.996609, 0.991477, 3361, 7449, 0.981150, 0.999727, 3366, 7432, 0.992282, 0.994099, 3328, 7415, 0.862592, 0.805010, 3348, 7468, 0.973893, 0.967657, 3349, 7460, 0.992823, 0.970297, 3339, 7424, 0.846185, 0.793111, 3360, 7459, 0.989557, 0.999818, 3371, 7473, 0.806515, 0.860587, 3374, 7472, 0.999945, 0.840492, 3345, 7470, 0.997393, 0.892091, 3354, 7466, 0.999939, 0.976796, 
1, 425, 212500, 1, 739, 369500, 0, 62, 15.078820, 0, 3343, 7414, 0.648878, 0.672580, 3260, 7390, 0.894044, 0.944540, 3287, 7368, 0.928003, 0.954496, 3284, 7384, 0.962788, 0.965641, 3337, 7440, 0.972874, 0.965449, 3319, 7449, 0.979348, 0.939903, 3321, 7436, 0.945426, 0.944390, 3328, 7415, 0.873554, 0.845983, 3327, 7441, 0.919853, 0.889410, 3334, 7442, 0.939510, 0.928091, 3346, 7416, 0.999480, 0.999984, 3293, 7418, 0.997160, 0.980698, 3339, 7424, 0.883381, 0.834737, 3333, 7444, 0.999803, 0.906012, 3351, 7448, 0.999323, 0.995384, 
1, 423, 211500, 1, 737, 368500, 0, 62, 15.078820, 0, 3260, 7390, 0.867192, 0.870815, 3287, 7368, 0.967805, 0.989894, 3284, 7384, 0.976720, 0.979648, 3269, 7414, 0.750454, 0.751843, 3305, 7385, 0.987649, 0.957515, 3319, 7413, 0.874453, 0.845515, 3288, 7417, 0.999235, 0.999817, 3307, 7410, 0.928544, 0.891856, 3309, 7415, 0.894970, 0.955764, 3321, 7400, 0.991796, 0.997448, 3293, 7406, 0.972875, 0.938022, 3322, 7420, 0.965717, 0.966170, 3324, 7425, 0.979346, 0.986944, 3326, 7401, 0.986164, 0.981545, 
1, 421, 210500, 1, 735, 367500, 0, 62, 15.078820, 0, 3260, 7390, 0.840735, 0.890448, 3287, 7368, 0.997090, 0.999862, 3284, 7384, 0.990587, 0.996059, 3298, 7389, 0.901094, 0.906742, 3272, 7388, 0.999106, 0.987287, 3280, 7387, 0.812843, 0.774066, 3274, 7363, 0.864406, 0.864267, 3300, 7392, 0.802546, 0.802484, 3236, 7357, 0.994273, 0.990332, 3277, 7374, 0.867147, 0.858451, 3254, 7396, 0.841139, 0.996806, 3286, 7386, 0.991519, 0.906062, 3289, 7360, 0.868702, 0.860080, 3302, 7385, 0.957192, 0.936048, 3288, 7394, 0.962529, 0.934190, 
1, 419, 209500, 1, 733, 366500, 0, 62, 15.078820, 0, 3260, 7350, 0.817245, 0.843609, 3270, 7308, 0.957834, 0.922615, 3224, 7327, 0.998098, 0.999988, 3261, 7370, 0.990533, 0.999917, 3271, 7352, 0.962166, 0.960955, 3241, 7373, 0.999998, 0.980606, 3274, 7363, 0.963420, 0.963252, 3252, 7360, 0.838603, 0.838596, 3236, 7357, 0.988153, 0.994453, 3275, 7335, 0.972447, 0.936383, 3276, 7364, 0.866462, 0.995930, 3277, 7374, 0.823328, 0.744848, 3278, 7365, 0.776717, 0.777728, 3254, 7372, 0.850046, 0.820534, 3262, 7369, 0.952127, 0.952067, 
1, 417, 208500, 1, 731, 365500, 0, 62, 15.078820, 0, 3136, 7280, 0.782739, 0.812240, 3224, 7327, 0.997147, 0.999997, 3239, 7227, 0.927149, 0.916637, 3233, 7333, 0.910921, 0.912584, 3240, 7348, 0.999930, 0.994424, 3241, 7332, 0.785580, 0.742670, 3249, 7248, 0.971875, 0.951883, 3250, 7339, 0.992112, 0.995087, 3251, 7344, 0.969279, 0.967579, 3253, 7282, 0.865667, 0.791938, 3242, 7340, 0.992942, 0.947023, 3257, 7345, 0.957140, 0.954855, 3258, 7335, 0.154507, 0.241061, 
1, 415, 207500, 1, 729, 364500, 0, 62, 15.078820, 0, 3136, 7319, 0.831442, 0.862495, 3234, 7326, 0.996238, 0.998922, 3224, 7197, 0.999780, 0.994930, 3177, 7282, 0.870298, 0.844294, 3166, 7247, 0.006719, 0.047207, 3236, 7248, 0.999806, 0.995690, 3154, 7330, 0.921489, 0.881981, 3196, 7264, 0.999465, 0.999660, 3060, 7182, 0.963371, 0.957884, 3215, 7321, 0.971252, 0.979236, 3227, 7313, 0.977898, 0.978492, 3210, 7296, 0.814039, 0.829474, 3133, 7325, 0.951805, 0.957585, 3226, 7294, 0.845983, 0.862336, 3205, 7328, 0.980675, 0.945400, 3229, 7329, 0.787965, 0.799312, 
1, 413, 206500, 1, 727, 363500, 0, 62, 15.078820, 0, 3196, 7300, 0.971225, 0.994866, 3136, 7280, 0.877860, 0.950392, 3060, 7182, 0.997828, 0.998944, 3077, 7212, 0.997429, 0.959463, 3191, 7309, 0.986578, 0.988984, 3179, 7305, 0.889532, 0.981722, 3177, 7282, 0.929248, 0.902572, 3210, 7315, 0.962204, 0.994134, 3198, 7299, 0.999445, 0.999444, 3212, 7311, 0.126004, 0.000369, 3154, 7227, 0.995131, 0.969936, 3214, 7294, 0.954151, 0.956127, 3182, 7247, 0.997068, 0.969346, 3206, 7314, 0.960876, 0.813174, 3193, 7296, 0.846572, 0.901692, 3205, 7248, 0.996316, 0.910738, 3197, 7270, 0.992698, 0.999675, 3189, 7208, 0.796895, 0.829803, 3201, 7196, 0.813862, 0.924593, 3129, 7197, 0.999746, 0.962935, 3133, 7271, 0.954229, 0.902953, 3219, 7316, 0.999189, 0.630773, 3222, 7297, 0.806663, 0.999845, 
1, 411, 205500, 1, 725, 362500, 0, 62, 15.078820, 0, 3144, 7264, 0.982131, 0.983352, 3136, 7245, 0.978343, 0.996543, 3060, 7182, 0.989732, 0.996002, 3077, 7212, 0.987398, 0.996199, 3106, 7196, 0.934434, 0.956582, 3127, 7283, 0.946513, 0.955611, 3129, 7197, 0.994132, 0.977964, 3133, 7271, 0.999326, 0.953315, 3178, 7273, 0.973284, 0.998908, 3146, 7272, 0.889486, 0.914765, 3167, 7275, 0.999953, 0.999721, 3165, 7292, 0.789799, 0.970213, 3151, 7248, 0.998233, 0.994279, 3179, 7276, 0.967980, 0.982285, 3154, 7227, 0.979139, 0.961332, 3180, 7184, 0.979210, 0.975754, 3142, 7257, 0.917099, 0.978180, 3170, 7270, 0.094009, 0.122856, 3182, 7247, 0.996378, 0.999142, 3173, 7290, 0.997909, 0.999591, 3174, 7279, 0.989630, 0.987977, 3184, 7291, 0.978487, 0.977929, 3149, 7222, 0.991158, 0.988318, 3116, 7282, 0.987149, 0.953594, 3137, 7215, 0.979694, 0.975229, 3189, 7208, 0.811062, 0.839819, 3164, 7259, 0.756424, 0.143500, 3190, 7230, 0.993525, 0.999665, 
1, 409, 204500, 1, 723, 361500, 0, 62, 15.078820, 0, 3144, 7264, 0.996372, 0.962680, 3136, 7245, 0.939866, 0.999929, 3060, 7182, 0.997974, 0.885204, 3077, 7212, 0.467410, 0.951246, 3106, 7196, 0.906114, 0.967096, 3145, 7259, 0.956907, 0.998983, 3129, 7197, 0.894273, 0.943644, 3133, 7199, 0.805024, 0.861398, 3114, 7235, 0.999756, 0.995238, 3116, 7191, 0.998471, 0.987131, 3146, 7238, 0.940176, 0.970364, 3104, 7260, 0.522196, 0.955291, 3131, 7190, 0.999593, 0.854320, 3110, 7229, 0.996797, 0.997304, 3149, 7222, 0.988269, 0.952351, 3151, 7248, 0.793061, 0.981930, 3153, 7258, 0.938482, 0.999999, 3154, 7227, 0.945828, 0.945828, 3123, 7244, 0.972532, 0.955353, 3156, 7243, 0.997031, 0.992670, 3158, 7268, 0.943214, 0.941059, 3087, 7208, 0.711370, 0.706093, 3122, 7240, 0.999790, 0.889963, 3083, 7230, 0.996049, 0.861719, 3137, 7215, 0.980162, 0.928461, 3162, 7256, 0.998904, 0.999207, 
1, 407, 203500, 1, 721, 360500, 0, 62, 15.078820, 0, 3108, 7107, 0.975373, 0.984842, 2995, 7224, 0.990700, 0.966149, 3060, 7182, 0.887775, 0.931752, 3077, 7212, 0.083535, 0.718577, 3106, 7196, 0.996780, 0.706869, 3083, 7230, 0.904095, 0.922046, 3011, 7197, 0.877314, 0.950112, 3092, 7199, 0.519683, 0.836614, 2967, 7193, 0.912255, 0.982485, 3111, 6990, 0.999561, 0.002130, 3097, 7184, 0.753181, 0.956272, 3105, 7234, 0.925035, 0.632758, 3059, 7226, 0.996527, 0.999334, 3113, 7190, 0.995908, 0.848511, 3114, 7235, 0.939773, 0.995187, 3116, 7191, 0.893455, 0.973244, 3118, 7228, 0.995992, 0.927671, 3087, 7208, 0.920060, 0.991874, 3104, 7180, 0.179322, 0.275839, 3119, 7211, 0.958287, 0.963092, 3122, 7222, 0.914578, 0.938387, 3124, 7233, 0.967458, 0.999928, 
1, 405, 202500, 1, 719, 359500, 0, 62, 15.078820, 0, 3081, 6922, 0.972034, 0.954463, 2967, 7193, 0.997841, 0.992745, 2995, 7141, 0.933379, 0.365021, 3007, 7195, 0.078755, 0.308632, 3058, 7174, 0.845660, 0.258228, 3072, 7207, 0.738437, 0.115524, 3051, 7205, 0.538188, 0.357981, 3074, 7180, 0.713377, 0.311043, 3082, 7157, 0.999994, 0.997996, 3011, 7197, 0.166703, 0.179214, 3077, 7154, 0.144413, 0.003411, 3083, 7182, 0.092425, 0.457735, 3079, 7196, 0.389991, 0.027396, 3084, 7147, 0.048267, 0.730453, 3085, 7191, 0.641550, 0.998632, 3059, 7198, 0.938242, 0.857473, 3087, 7208, 0.329832, 0.971813, 3080, 7172, 0.402790, 0.749127, 3089, 7184, 0.687067, 0.885833, 3090, 7156, 0.726233, 0.928054, 3000, 7199, 0.000712, 0.012801, 
