count, time, location_pos_x, location_pos_y, location_pos_z, location_roll, location_pitch, location_yaw, 
1, 500, 80.577, -4.533,  0.000,  0.000,  0.000, -1.587, 
2, 1000, 80.577, -4.533,  0.000,  0.000,  0.000, -1.587, 
3, 1500, 80.577, -4.533,  0.000,  0.000,  0.000, -1.587, 
4, 2000, 80.577, -4.533,  0.000,  0.000,  0.000, -1.587, 
5, 2500, 80.577, -4.533,  0.000,  0.000,  0.000, -1.587, 
6, 3000, 80.577, -4.533,  0.000,  0.000,  0.000, -1.587, 
7, 3500, 80.577, -4.533,  0.000,  0.000,  0.000, -1.587, 
8, 4000, 80.577, -4.533,  0.000,  0.000,  0.000, -1.587, 
9, 4500, 80.577, -4.533,  0.000,  0.000,  0.000, -1.587, 
10, 5000, 80.577, -4.533,  0.000,  0.000,  0.000, -1.587, 
11, 5500, 80.577, -4.533,  0.000,  0.000,  0.000, -1.587, 
12, 6000, 80.577, -4.533,  0.000,  0.000,  0.000, -1.587, 
13, 6500, 80.577, -4.548,  0.000,  0.000,  0.000, -1.589, 
14, 7000, 80.575, -4.579,  0.000,  0.000,  0.000, -1.592, 
15, 7500, 80.573, -4.694,  0.000,  0.000,  0.000, -1.591, 
16, 8000, 80.574, -4.824,  0.000,  0.000,  0.000, -1.573, 
17, 8500, 80.603, -5.020,  0.000,  0.000,  0.000, -1.468, 
18, 9000, 80.659, -5.290,  0.000,  0.000,  0.000, -1.389, 
19, 9500, 80.728, -5.641,  0.000,  0.000,  0.000, -1.381, 
20, 10000, 80.801, -6.033,  0.000,  0.000,  0.000, -1.383, 
21, 10500, 80.877, -6.423,  0.000,  0.000,  0.000, -1.383, 
22, 11000, 80.946, -6.818,  0.000,  0.000,  0.000, -1.402, 
23, 11500, 80.986, -7.213,  0.000,  0.000,  0.000, -1.482, 
24, 12000, 81.012, -7.600,  0.000,  0.000,  0.000, -1.509, 
25, 12500, 81.028, -7.993,  0.000,  0.000,  0.000, -1.525, 
26, 13000, 81.045, -8.384,  0.000,  0.000,  0.000, -1.534, 
27, 13500, 81.055, -8.779,  0.000,  0.000,  0.000, -1.542, 
28, 14000, 81.067, -9.172,  0.000,  0.000,  0.000, -1.541, 
29, 14500, 81.082, -9.567,  0.000,  0.000,  0.000, -1.533, 
30, 15000, 81.101, -9.960,  0.000,  0.000,  0.000, -1.523, 
31, 15500, 81.119, -10.356,  0.000,  0.000,  0.000, -1.524, 
32, 16000, 81.138, -10.752,  0.000,  0.000,  0.000, -1.519, 
33, 16500, 81.161, -11.148,  0.000,  0.000,  0.000, -1.513, 
34, 17000, 81.185, -11.545,  0.000,  0.000,  0.000, -1.510, 
35, 17500, 81.214, -11.940,  0.000,  0.000,  0.000, -1.494, 
36, 18000, 81.246, -12.338,  0.000,  0.000,  0.000, -1.492, 
37, 18500, 81.273, -12.735,  0.000,  0.000,  0.000, -1.502, 
38, 19000, 81.298, -13.131,  0.000,  0.000,  0.000, -1.510, 
39, 19500, 81.307, -13.510,  0.000,  0.000,  0.000, -1.552, 
40, 20000, 81.278, -13.916,  0.000,  0.000,  0.000, -1.634, 
41, 20500, 81.250, -14.306,  0.000,  0.000,  0.000, -1.636, 
42, 21000, 81.231, -14.705,  0.000,  0.000,  0.000, -1.619, 
43, 21500, 81.216, -15.104,  0.000,  0.000,  0.000, -1.610, 
44, 22000, 81.203, -15.497,  0.000,  0.000,  0.000, -1.604, 
45, 22500, 81.174, -15.868,  0.000,  0.000,  0.000, -1.667, 
46, 23000, 81.074, -16.235,  0.000,  0.000,  0.000, -1.838, 
47, 23500, 80.928, -16.604,  0.000,  0.000,  0.000, -1.942, 
48, 24000, 80.759, -16.963,  0.000,  0.000,  0.000, -2.006, 
49, 24500, 80.589, -17.324,  0.000,  0.000,  0.000, -2.010, 
50, 25000, 80.421, -17.685,  0.000,  0.000,  0.000, -2.008, 
51, 25500, 80.253, -18.046,  0.000,  0.000,  0.000, -2.004, 
52, 26000, 80.106, -18.366,  0.000,  0.000,  0.000, -2.000, 
53, 26500, 80.016, -18.551,  0.000,  0.000,  0.000, -2.020, 
54, 27000, 79.920, -18.740,  0.000,  0.000,  0.000, -2.035, 
55, 27500, 79.752, -19.030,  0.000,  0.000,  0.000, -2.094, 
56, 28000, 79.652, -19.206,  0.000,  0.000,  0.000, -2.091, 
57, 28500, 79.632, -19.215,  0.000,  0.000,  0.000, -2.160, 
58, 29000, 79.628, -19.225,  0.000,  0.000,  0.000, -2.151, 
59, 29500, 79.623, -19.233,  0.000,  0.000,  0.000, -2.152, 
60, 30000, 79.618, -19.241,  0.000,  0.000,  0.000, -2.152, 
61, 30500, 79.612, -19.249,  0.000,  0.000,  0.000, -2.151, 
62, 31000, 79.607, -19.258,  0.000,  0.000,  0.000, -2.149, 
63, 31500, 79.601, -19.267,  0.000,  0.000,  0.000, -2.150, 
64, 32000, 79.594, -19.278,  0.000,  0.000,  0.000, -2.150, 
65, 32500, 79.588, -19.287,  0.000,  0.000,  0.000, -2.150, 
66, 33000, 79.582, -19.296,  0.000,  0.000,  0.000, -2.151, 
67, 33500, 79.576, -19.305,  0.000,  0.000,  0.000, -2.151, 
68, 34000, 79.571, -19.312,  0.000,  0.000,  0.000, -2.152, 
69, 34500, 79.566, -19.320,  0.000,  0.000,  0.000, -2.153, 
70, 35000, 79.561, -19.328,  0.000,  0.000,  0.000, -2.152, 
71, 35500, 79.554, -19.338,  0.000,  0.000,  0.000, -2.152, 
72, 36000, 79.550, -19.345,  0.000,  0.000,  0.000, -2.152, 
73, 36500, 79.545, -19.352,  0.000,  0.000,  0.000, -2.153, 
74, 37000, 79.541, -19.358,  0.000,  0.000,  0.000, -2.154, 
75, 37500, 79.536, -19.364,  0.000,  0.000,  0.000, -2.154, 
76, 38000, 79.531, -19.372,  0.000,  0.000,  0.000, -2.152, 
77, 38500, 79.526, -19.380,  0.000,  0.000,  0.000, -2.151, 
78, 39000, 79.521, -19.389,  0.000,  0.000,  0.000, -2.150, 
79, 39500, 79.508, -19.410,  0.000,  0.000,  0.000, -2.148, 
80, 40000, 79.463, -19.481,  0.000,  0.000,  0.000, -2.142, 
81, 40500, 79.387, -19.608,  0.000,  0.000,  0.000, -2.126, 
82, 41000, 79.315, -19.761,  0.000,  0.000,  0.000, -2.048, 
83, 41500, 79.239, -19.996,  0.000,  0.000,  0.000, -1.936, 
84, 42000, 79.150, -20.266,  0.000,  0.000,  0.000, -1.897, 
85, 42500, 79.059, -20.567,  0.000,  0.000,  0.000, -1.871, 
86, 43000, 78.949, -20.930,  0.000,  0.000,  0.000, -1.865, 
87, 43500, 78.833, -21.310,  0.000,  0.000,  0.000, -1.867, 
88, 44000, 78.721, -21.692,  0.000,  0.000,  0.000, -1.858, 
89, 44500, 78.613, -22.072,  0.000,  0.000,  0.000, -1.847, 
90, 45000, 78.509, -22.454,  0.000,  0.000,  0.000, -1.830, 
91, 45500, 78.428, -22.843,  0.000,  0.000,  0.000, -1.775, 
92, 46000, 78.347, -23.233,  0.000,  0.000,  0.000, -1.772, 
93, 46500, 78.267, -23.621,  0.000,  0.000,  0.000, -1.778, 
94, 47000, 78.176, -24.007,  0.000,  0.000,  0.000, -1.805, 
95, 47500, 78.081, -24.394,  0.000,  0.000,  0.000, -1.808, 
96, 48000, 77.996, -24.775,  0.000,  0.000,  0.000, -1.792, 
97, 48500, 77.913, -25.163,  0.000,  0.000,  0.000, -1.782, 
98, 49000, 77.837, -25.551,  0.000,  0.000,  0.000, -1.755, 
99, 49500, 77.781, -25.944,  0.000,  0.000,  0.000, -1.713, 
100, 50000, 77.731, -26.337,  0.000,  0.000,  0.000, -1.696, 
101, 50500, 77.685, -26.730,  0.000,  0.000,  0.000, -1.687, 
102, 51000, 77.640, -27.124,  0.000,  0.000,  0.000, -1.685, 
103, 51500, 77.597, -27.518,  0.000,  0.000,  0.000, -1.678, 
104, 52000, 77.561, -27.914,  0.000,  0.000,  0.000, -1.662, 
105, 52500, 77.538, -28.308,  0.000,  0.000,  0.000, -1.622, 
106, 53000, 77.524, -28.705,  0.000,  0.000,  0.000, -1.608, 
107, 53500, 77.505, -29.100,  0.000,  0.000,  0.000, -1.617, 
108, 54000, 77.487, -29.496,  0.000,  0.000,  0.000, -1.618, 
109, 54500, 77.468, -29.894,  0.000,  0.000,  0.000, -1.616, 
110, 55000, 77.455, -30.290,  0.000,  0.000,  0.000, -1.606, 
111, 55500, 77.448, -30.685,  0.000,  0.000,  0.000, -1.583, 
112, 56000, 77.459, -31.081,  0.000,  0.000,  0.000, -1.538, 
113, 56500, 77.478, -31.469,  0.000,  0.000,  0.000, -1.524, 
114, 57000, 77.500, -31.875,  0.000,  0.000,  0.000, -1.518, 
115, 57500, 77.520, -32.271,  0.000,  0.000,  0.000, -1.523, 
116, 58000, 77.520, -32.668,  0.000,  0.000,  0.000, -1.571, 
117, 58500, 77.515, -33.065,  0.000,  0.000,  0.000, -1.584, 
118, 59000, 77.503, -33.454,  0.000,  0.000,  0.000, -1.608, 
119, 59500, 77.477, -33.847,  0.000,  0.000,  0.000, -1.637, 
120, 60000, 77.425, -34.238,  0.000,  0.000,  0.000, -1.707, 
121, 60500, 77.354, -34.627,  0.000,  0.000,  0.000, -1.753, 
122, 61000, 77.270, -35.011,  0.000,  0.000,  0.000, -1.791, 
123, 61500, 77.162, -35.391,  0.000,  0.000,  0.000, -1.853, 
124, 62000, 77.020, -35.757,  0.000,  0.000,  0.000, -1.942, 
125, 62500, 76.859, -36.114,  0.000,  0.000,  0.000, -1.999, 
126, 63000, 76.662, -36.454,  0.000,  0.000,  0.000, -2.103, 
127, 63500, 76.435, -36.773,  0.000,  0.000,  0.000, -2.185, 
128, 64000, 76.195, -37.084,  0.000,  0.000,  0.000, -2.229, 
129, 64500, 75.951, -37.379,  0.000,  0.000,  0.000, -2.262, 
130, 65000, 75.685, -37.663,  0.000,  0.000,  0.000, -2.325, 
131, 65500, 75.385, -37.923,  0.000,  0.000,  0.000, -2.436, 
132, 66000, 75.063, -38.145,  0.000,  0.000,  0.000, -2.536, 
133, 66500, 74.728, -38.330,  0.000,  0.000,  0.000, -2.639, 
134, 67000, 74.365, -38.476,  0.000,  0.000,  0.000, -2.756, 
135, 67500, 73.994, -38.602,  0.000,  0.000,  0.000, -2.815, 
136, 68000, 73.614, -38.699,  0.000,  0.000,  0.000, -2.894, 
137, 68500, 73.226, -38.757,  0.000,  0.000,  0.000, -2.996, 
138, 69000, 72.833, -38.778,  0.000,  0.000,  0.000, -3.092, 
139, 69500, 72.442, -38.771,  0.000,  0.000, -0.000,  3.133, 
140, 70000, 72.051, -38.765,  0.000,  0.000, -0.000,  3.132, 
141, 70500, 71.657, -38.761,  0.000,  0.000, -0.000,  3.139, 
142, 71000, 71.262, -38.767,  0.000,  0.000,  0.000, -3.131, 
143, 71500, 70.866, -38.759,  0.000,  0.000, -0.000,  3.117, 
144, 72000, 70.472, -38.749,  0.000,  0.000, -0.000,  3.122, 
145, 72500, 70.076, -38.750,  0.000,  0.000,  0.000, -3.137, 
146, 73000, 69.690, -38.760,  0.000,  0.000,  0.000, -3.115, 
147, 73500, 69.294, -38.768,  0.000,  0.000,  0.000, -3.121, 
148, 74000, 68.898, -38.775,  0.000,  0.000,  0.000, -3.127, 
149, 74500, 68.502, -38.773,  0.000,  0.000, -0.000,  3.137, 
150, 75000, 68.107, -38.771,  0.000,  0.000, -0.000,  3.135, 
151, 75500, 67.719, -38.780,  0.000,  0.000,  0.000, -3.119, 
152, 76000, 67.325, -38.792,  0.000,  0.000,  0.000, -3.113, 
153, 76500, 66.929, -38.798,  0.000,  0.000,  0.000, -3.129, 
154, 77000, 66.535, -38.793,  0.000,  0.000, -0.000,  3.125, 
155, 77500, 66.132, -38.775,  0.000,  0.000, -0.000,  3.097, 
156, 78000, 65.744, -38.750,  0.000,  0.000, -0.000,  3.077, 
157, 78500, 65.342, -38.727,  0.000,  0.000, -0.000,  3.090, 
158, 79000, 64.954, -38.719,  0.000,  0.000, -0.000,  3.121, 
159, 79500, 64.559, -38.717,  0.000,  0.000, -0.000,  3.134, 
160, 80000, 64.163, -38.715,  0.000,  0.000, -0.000,  3.138, 
161, 80500, 63.769, -38.713,  0.000,  0.000, -0.000,  3.135, 
162, 81000, 63.373, -38.710,  0.000,  0.000, -0.000,  3.134, 
163, 81500, 62.978, -38.711,  0.000,  0.000,  0.000, -3.137, 
164, 82000, 62.599, -38.718,  0.000,  0.000,  0.000, -3.123, 
165, 82500, 62.204, -38.718,  0.000,  0.000,  0.000, -3.141, 
166, 83000, 61.808, -38.717,  0.000,  0.000, -0.000,  3.137, 
167, 83500, 61.412, -38.712,  0.000,  0.000, -0.000,  3.128, 
168, 84000, 61.017, -38.697,  0.000,  0.000, -0.000,  3.103, 
169, 84500, 60.623, -38.689,  0.000,  0.000, -0.000,  3.137, 
170, 85000, 60.230, -38.713,  0.000,  0.000,  0.000, -3.076, 
171, 85500, 59.835, -38.750,  0.000,  0.000,  0.000, -3.046, 
172, 86000, 59.442, -38.793,  0.000,  0.000,  0.000, -3.029, 
173, 86500, 59.058, -38.843,  0.000,  0.000,  0.000, -3.011, 
174, 87000, 58.665, -38.895,  0.000,  0.000,  0.000, -3.014, 
175, 87500, 58.272, -38.943,  0.000,  0.000,  0.000, -3.021, 
176, 88000, 57.880, -38.984,  0.000,  0.000,  0.000, -3.039, 
177, 88500, 57.494, -39.010,  0.000,  0.000,  0.000, -3.072, 
178, 89000, 57.090, -39.038,  0.000,  0.000,  0.000, -3.075, 
179, 89500, 56.699, -39.067,  0.000,  0.000,  0.000, -3.060, 
180, 90000, 56.305, -39.112,  0.000,  0.000,  0.000, -3.028, 
181, 90500, 55.912, -39.154,  0.000,  0.000,  0.000, -3.035, 
182, 91000, 55.519, -39.202,  0.000,  0.000,  0.000, -3.021, 
183, 91500, 55.136, -39.254,  0.000,  0.000,  0.000, -3.006, 
184, 92000, 54.747, -39.317,  0.000,  0.000,  0.000, -2.972, 
185, 92500, 54.366, -39.389,  0.000,  0.000,  0.000, -2.955, 
186, 93000, 53.979, -39.470,  0.000,  0.000,  0.000, -2.935, 
187, 93500, 53.595, -39.562,  0.000,  0.000,  0.000, -2.901, 
188, 94000, 53.214, -39.663,  0.000,  0.000,  0.000, -2.881, 
189, 94500, 52.838, -39.782,  0.000,  0.000,  0.000, -2.829, 
190, 95000, 52.472, -39.926,  0.000,  0.000,  0.000, -2.752, 
191, 95500, 52.123, -40.108,  0.000,  0.000,  0.000, -2.649, 
192, 96000, 51.795, -40.314,  0.000,  0.000,  0.000, -2.569, 
193, 96500, 51.467, -40.536,  0.000,  0.000,  0.000, -2.542, 
194, 97000, 51.145, -40.767,  0.000,  0.000,  0.000, -2.521, 
195, 97500, 50.831, -40.998,  0.000,  0.000,  0.000, -2.504, 
196, 98000, 50.513, -41.237,  0.000,  0.000,  0.000, -2.496, 
197, 98500, 50.199, -41.479,  0.000,  0.000,  0.000, -2.482, 
198, 99000, 49.898, -41.728,  0.000,  0.000,  0.000, -2.442, 
199, 99500, 49.611, -41.997,  0.000,  0.000,  0.000, -2.378, 
200, 100000, 49.333, -42.272,  0.000,  0.000,  0.000, -2.377, 
201, 100500, 49.039, -42.537,  0.000,  0.000,  0.000, -2.400, 
202, 101000, 48.748, -42.805,  0.000,  0.000,  0.000, -2.399, 
203, 101500, 48.460, -43.076,  0.000,  0.000,  0.000, -2.386, 
204, 102000, 48.170, -43.344,  0.000,  0.000,  0.000, -2.397, 
205, 102500, 47.878, -43.611,  0.000,  0.000,  0.000, -2.400, 
206, 103000, 47.584, -43.876,  0.000,  0.000,  0.000, -2.411, 
207, 103500, 47.289, -44.138,  0.000,  0.000,  0.000, -2.418, 
208, 104000, 46.991, -44.394,  0.000,  0.000,  0.000, -2.428, 
209, 104500, 46.712, -44.651,  0.000,  0.000,  0.000, -2.396, 
210, 105000, 46.424, -44.911,  0.000,  0.000,  0.000, -2.401, 
211, 105500, 46.143, -45.187,  0.000,  0.000,  0.000, -2.370, 
212, 106000, 45.865, -45.467,  0.000,  0.000,  0.000, -2.340, 
213, 106500, 45.598, -45.754,  0.000,  0.000,  0.000, -2.322, 
214, 107000, 45.334, -46.045,  0.000,  0.000,  0.000, -2.305, 
215, 107500, 45.057, -46.324,  0.000,  0.000,  0.000, -2.364, 
216, 108000, 44.764, -46.592,  0.000,  0.000,  0.000, -2.402, 
217, 108500, 44.465, -46.844,  0.000,  0.000,  0.000, -2.435, 
218, 109000, 44.181, -47.116,  0.000,  0.000,  0.000, -2.377, 
219, 109500, 43.909, -47.401,  0.000,  0.000,  0.000, -2.328, 
220, 110000, 43.656, -47.691,  0.000,  0.000,  0.000, -2.289, 
221, 110500, 43.391, -47.944,  0.000,  0.000,  0.000, -2.407, 
222, 111000, 43.086, -48.140,  0.000,  0.000,  0.000, -2.598, 
223, 111500, 42.742, -48.276,  0.000,  0.000,  0.000, -2.791, 
224, 112000, 42.372, -48.356,  0.000,  0.000,  0.000, -2.937, 
225, 112500, 41.976, -48.399,  0.000,  0.000,  0.000, -3.032, 
226, 113000, 41.583, -48.427,  0.000,  0.000,  0.000, -3.081, 
227, 113500, 41.189, -48.410,  0.000,  0.000, -0.000,  3.084, 
228, 114000, 40.798, -48.344,  0.000,  0.000, -0.000,  2.968, 
229, 114500, 40.416, -48.268,  0.000,  0.000, -0.000,  2.945, 
230, 115000, 40.027, -48.189,  0.000,  0.000, -0.000,  2.945, 
231, 115500, 39.638, -48.112,  0.000,  0.000, -0.000,  2.943, 
232, 116000, 39.244, -48.032,  0.000,  0.000, -0.000,  2.947, 
233, 116500, 38.851, -47.962,  0.000,  0.000, -0.000,  2.962, 
234, 117000, 38.460, -47.896,  0.000,  0.000, -0.000,  2.977, 
235, 117500, 38.068, -47.839,  0.000,  0.000, -0.000,  2.996, 
236, 118000, 37.677, -47.785,  0.000,  0.000, -0.000,  3.007, 
237, 118500, 37.288, -47.735,  0.000,  0.000, -0.000,  3.012, 
238, 119000, 36.895, -47.676,  0.000,  0.000, -0.000,  2.982, 
239, 119500, 36.515, -47.611,  0.000,  0.000, -0.000,  2.973, 
240, 120000, 36.132, -47.526,  0.000,  0.000, -0.000,  2.916, 
241, 120500, 35.754, -47.424,  0.000,  0.000, -0.000,  2.882, 
242, 121000, 35.374, -47.328,  0.000,  0.000, -0.000,  2.892, 
243, 121500, 34.994, -47.235,  0.000,  0.000, -0.000,  2.907, 
244, 122000, 34.611, -47.151,  0.000,  0.000, -0.000,  2.912, 
245, 122500, 34.232, -47.042,  0.000,  0.000, -0.000,  2.857, 
246, 123000, 33.857, -46.918,  0.000,  0.000, -0.000,  2.823, 
247, 123500, 33.485, -46.785,  0.000,  0.000, -0.000,  2.793, 
248, 124000, 33.140, -46.646,  0.000,  0.000, -0.000,  2.761, 
249, 124500, 32.778, -46.490,  0.000,  0.000, -0.000,  2.728, 
250, 125000, 32.423, -46.317,  0.000,  0.000, -0.000,  2.686, 
251, 125500, 32.077, -46.131,  0.000,  0.000, -0.000,  2.636, 
252, 126000, 31.741, -45.923,  0.000,  0.000, -0.000,  2.589, 
253, 126500, 31.414, -45.716,  0.000,  0.000, -0.000,  2.573, 
254, 127000, 31.088, -45.493,  0.000,  0.000, -0.000,  2.542, 
255, 127500, 30.762, -45.266,  0.000,  0.000, -0.000,  2.532, 
256, 128000, 30.439, -45.037,  0.000,  0.000, -0.000,  2.522, 
257, 128500, 30.127, -44.797,  0.000,  0.000, -0.000,  2.480, 
258, 129000, 29.826, -44.541,  0.000,  0.000, -0.000,  2.424, 
259, 129500, 29.540, -44.266,  0.000,  0.000, -0.000,  2.378, 
260, 130000, 29.254, -43.991,  0.000,  0.000, -0.000,  2.371, 
261, 130500, 28.977, -43.708,  0.000,  0.000, -0.000,  2.338, 
262, 131000, 28.716, -43.414,  0.000,  0.000, -0.000,  2.287, 
263, 131500, 28.468, -43.104,  0.000,  0.000, -0.000,  2.242, 
264, 132000, 28.248, -42.776,  0.000,  0.000, -0.000,  2.152, 
265, 132500, 28.049, -42.434,  0.000,  0.000, -0.000,  2.090, 
266, 133000, 27.892, -42.066,  0.000,  0.000, -0.000,  1.964, 
267, 133500, 27.772, -41.689,  0.000,  0.000, -0.000,  1.875, 
268, 134000, 27.691, -41.304,  0.000,  0.000, -0.000,  1.767, 
269, 134500, 27.667, -40.917,  0.000,  0.000, -0.000,  1.642, 
270, 135000, 27.684, -40.521,  0.000,  0.000, -0.000,  1.550, 
271, 135500, 27.708, -40.130,  0.000,  0.000, -0.000,  1.503, 
272, 136000, 27.721, -39.764,  0.000,  0.000, -0.000,  1.538, 
273, 136500, 27.727, -39.385,  0.000,  0.000, -0.000,  1.561, 
274, 137000, 27.701, -38.993,  0.000,  0.000, -0.000,  1.652, 
275, 137500, 27.635, -38.606,  0.000,  0.000, -0.000,  1.766, 
276, 138000, 27.555, -38.220,  0.000,  0.000, -0.000,  1.772, 
277, 138500, 27.477, -37.833,  0.000,  0.000, -0.000,  1.771, 
278, 139000, 27.399, -37.463,  0.000,  0.000, -0.000,  1.776, 
279, 139500, 27.324, -37.068,  0.000,  0.000, -0.000,  1.753, 
280, 140000, 27.262, -36.688,  0.000,  0.000, -0.000,  1.730, 
281, 140500, 27.213, -36.295,  0.000,  0.000, -0.000,  1.701, 
282, 141000, 27.171, -35.911,  0.000,  0.000, -0.000,  1.676, 
283, 141500, 27.141, -35.534,  0.000,  0.000, -0.000,  1.649, 
284, 142000, 27.118, -35.139,  0.000,  0.000, -0.000,  1.630, 
285, 142500, 27.104, -34.743,  0.000,  0.000, -0.000,  1.612, 
286, 143000, 27.088, -34.354,  0.000,  0.000, -0.000,  1.612, 
287, 143500, 27.070, -33.965,  0.000,  0.000, -0.000,  1.615, 
288, 144000, 27.054, -33.567,  0.000,  0.000, -0.000,  1.610, 
289, 144500, 27.043, -33.170,  0.000,  0.000, -0.000,  1.597, 
290, 145000, 27.037, -32.774,  0.000,  0.000, -0.000,  1.583, 
291, 145500, 27.038, -32.374,  0.000,  0.000, -0.000,  1.569, 
292, 146000, 27.042, -31.975,  0.000,  0.000, -0.000,  1.563, 
293, 146500, 27.044, -31.585,  0.000,  0.000, -0.000,  1.565, 
294, 147000, 27.042, -31.189,  0.000,  0.000, -0.000,  1.581, 
295, 147500, 27.032, -30.791,  0.000,  0.000, -0.000,  1.597, 
296, 148000, 27.019, -30.409,  0.000,  0.000, -0.000,  1.601, 
297, 148500, 26.992, -30.014,  0.000,  0.000, -0.000,  1.657, 
298, 149000, 26.938, -29.627,  0.000,  0.000, -0.000,  1.712, 
299, 149500, 26.878, -29.234,  0.000,  0.000, -0.000,  1.717, 
300, 150000, 26.829, -28.840,  0.000,  0.000, -0.000,  1.689, 
301, 150500, 26.777, -28.447,  0.000,  0.000, -0.000,  1.709, 
302, 151000, 26.693, -28.063,  0.000,  0.000, -0.000,  1.814, 
303, 151500, 26.556, -27.695,  0.000,  0.000, -0.000,  1.948, 
304, 152000, 26.383, -27.341,  0.000,  0.000, -0.000,  2.029, 
305, 152500, 26.175, -27.003,  0.000,  0.000, -0.000,  2.130, 
306, 153000, 25.944, -26.684,  0.000,  0.000, -0.000,  2.198, 
307, 153500, 25.697, -26.375,  0.000,  0.000, -0.000,  2.244, 
308, 154000, 25.426, -26.084,  0.000,  0.000, -0.000,  2.320, 
309, 154500, 25.142, -25.806,  0.000,  0.000, -0.000,  2.358, 
310, 155000, 24.863, -25.522,  0.000,  0.000, -0.000,  2.347, 
311, 155500, 24.585, -25.239,  0.000,  0.000, -0.000,  2.354, 
312, 156000, 24.304, -24.956,  0.000,  0.000, -0.000,  2.350, 
313, 156500, 24.023, -24.680,  0.000,  0.000, -0.000,  2.367, 
314, 157000, 23.728, -24.416,  0.000,  0.000, -0.000,  2.407, 
315, 157500, 23.430, -24.153,  0.000,  0.000, -0.000,  2.418, 
316, 158000, 23.132, -23.894,  0.000,  0.000, -0.000,  2.422, 
317, 158500, 22.834, -23.635,  0.000,  0.000, -0.000,  2.433, 
318, 159000, 22.530, -23.384,  0.000,  0.000, -0.000,  2.450, 
319, 159500, 22.223, -23.137,  0.000,  0.000, -0.000,  2.465, 
320, 160000, 21.921, -22.892,  0.000,  0.000, -0.000,  2.458, 
321, 160500, 21.607, -22.637,  0.000,  0.000, -0.000,  2.457, 
322, 161000, 21.299, -22.385,  0.000,  0.000, -0.000,  2.454, 
323, 161500, 21.001, -22.134,  0.000,  0.000, -0.000,  2.443, 
324, 162000, 20.699, -21.877,  0.000,  0.000, -0.000,  2.436, 
325, 162500, 20.413, -21.615,  0.000,  0.000, -0.000,  2.395, 
326, 163000, 20.137, -21.355,  0.000,  0.000, -0.000,  2.388, 
327, 163500, 19.855, -21.076,  0.000,  0.000, -0.000,  2.357, 
328, 164000, 19.576, -20.794,  0.000,  0.000, -0.000,  2.351, 
329, 164500, 19.302, -20.508,  0.000,  0.000, -0.000,  2.325, 
330, 165000, 19.049, -20.206,  0.000,  0.000, -0.000,  2.265, 
331, 165500, 18.821, -19.893,  0.000,  0.000, -0.000,  2.185, 
332, 166000, 18.616, -19.555,  0.000,  0.000, -0.000,  2.109, 
333, 166500, 18.440, -19.200,  0.000,  0.000, -0.000,  2.032, 
334, 167000, 18.275, -18.839,  0.000,  0.000, -0.000,  1.995, 
335, 167500, 18.124, -18.492,  0.000,  0.000, -0.000,  1.988, 
336, 168000, 17.957, -18.133,  0.000,  0.000, -0.000,  2.004, 
337, 168500, 17.792, -17.774,  0.000,  0.000, -0.000,  2.001, 
338, 169000, 17.625, -17.416,  0.000,  0.000, -0.000,  2.010, 
339, 169500, 17.459, -17.057,  0.000,  0.000, -0.000,  2.001, 
340, 170000, 17.298, -16.698,  0.000,  0.000, -0.000,  1.994, 
341, 170500, 17.139, -16.335,  0.000,  0.000, -0.000,  1.983, 
342, 171000, 17.016, -15.958,  0.000,  0.000, -0.000,  1.893, 
343, 171500, 16.908, -15.577,  0.000,  0.000, -0.000,  1.855, 
344, 172000, 16.813, -15.202,  0.000,  0.000, -0.000,  1.813, 
345, 172500, 16.750, -14.812,  0.000,  0.000, -0.000,  1.738, 
346, 173000, 16.708, -14.421,  0.000,  0.000, -0.000,  1.679, 
347, 173500, 16.684, -14.029,  0.000,  0.000, -0.000,  1.631, 
348, 174000, 16.702, -13.634,  0.000,  0.000, -0.000,  1.547, 
349, 174500, 16.716, -13.232,  0.000,  0.000, -0.000,  1.542, 
350, 175000, 16.733, -12.836,  0.000,  0.000, -0.000,  1.526, 
351, 175500, 16.762, -12.449,  0.000,  0.000, -0.000,  1.484, 
352, 176000, 16.794, -12.056,  0.000,  0.000, -0.000,  1.483, 
353, 176500, 16.817, -11.659,  0.000,  0.000, -0.000,  1.513, 
354, 177000, 16.847, -11.264,  0.000,  0.000, -0.000,  1.499, 
355, 177500, 16.884, -10.872,  0.000,  0.000, -0.000,  1.476, 
356, 178000, 16.911, -10.485,  0.000,  0.000, -0.000,  1.508, 
357, 178500, 16.930, -10.106,  0.000,  0.000, -0.000,  1.521, 
358, 179000, 16.942, -9.710,  0.000,  0.000, -0.000,  1.536, 
359, 179500, 16.951, -9.316,  0.000,  0.000, -0.000,  1.545, 
360, 180000, 16.967, -8.920,  0.000,  0.000, -0.000,  1.532, 
361, 180500, 16.983, -8.525,  0.000,  0.000, -0.000,  1.532, 
362, 181000, 17.003, -8.131,  0.000,  0.000, -0.000,  1.521, 
363, 181500, 17.020, -7.736,  0.000,  0.000, -0.000,  1.527, 
364, 182000, 17.024, -7.342,  0.000,  0.000, -0.000,  1.564, 
365, 182500, 17.042, -6.946,  0.000,  0.000, -0.000,  1.530, 
366, 183000, 17.065, -6.552,  0.000,  0.000, -0.000,  1.512, 
367, 183500, 17.089, -6.167,  0.000,  0.000, -0.000,  1.511, 
368, 184000, 17.107, -5.765,  0.000,  0.000, -0.000,  1.526, 
369, 184500, 17.139, -5.372,  0.000,  0.000, -0.000,  1.487, 
370, 185000, 17.173, -4.979,  0.000,  0.000, -0.000,  1.485, 
371, 185500, 17.211, -4.586,  0.000,  0.000, -0.000,  1.473, 
372, 186000, 17.270, -4.206,  0.000,  0.000, -0.000,  1.395, 
373, 186500, 17.361, -3.813,  0.000,  0.000, -0.000,  1.336, 
374, 187000, 17.468, -3.441,  0.000,  0.000, -0.000,  1.282, 
375, 187500, 17.609, -3.077,  0.000,  0.000, -0.000,  1.185, 
376, 188000, 17.791, -2.728,  0.000,  0.000, -0.000,  1.058, 
377, 188500, 18.010, -2.404,  0.000,  0.000, -0.000,  0.969, 
378, 189000, 18.247, -2.092,  0.000,  0.000, -0.000,  0.912, 
379, 189500, 18.515, -1.808,  0.000,  0.000, -0.000,  0.791, 
380, 190000, 18.811, -1.566,  0.000,  0.000, -0.000,  0.666, 
381, 190500, 19.143, -1.356,  0.000,  0.000, -0.000,  0.548, 
382, 191000, 19.487, -1.170,  0.000,  0.000, -0.000,  0.499, 
383, 191500, 19.827, -1.007,  0.000,  0.000, -0.000,  0.434, 
384, 192000, 20.199, -0.877,  0.000,  0.000, -0.000,  0.327, 
385, 192500, 20.580, -0.777,  0.000,  0.000, -0.000,  0.254, 
386, 193000, 20.969, -0.703,  0.000,  0.000, -0.000,  0.186, 
387, 193500, 21.364, -0.681,  0.000,  0.000, -0.000,  0.053, 
388, 194000, 21.762, -0.716,  0.000,  0.000,  0.000, -0.060, 
389, 194500, 22.157, -0.756,  0.000,  0.000,  0.000, -0.091, 
390, 195000, 22.547, -0.789,  0.000,  0.000,  0.000, -0.076, 
391, 195500, 22.943, -0.807,  0.000,  0.000,  0.000, -0.045, 
392, 196000, 23.339, -0.818,  0.000,  0.000,  0.000, -0.025, 
393, 196500, 23.734, -0.821,  0.000,  0.000,  0.000, -0.003, 
394, 197000, 24.130, -0.812,  0.000,  0.000, -0.000,  0.017, 
395, 197500, 24.527, -0.810,  0.000,  0.000, -0.000,  0.004, 
396, 198000, 24.923, -0.811,  0.000,  0.000, -0.000,  0.002, 
397, 198500, 25.320, -0.812,  0.000,  0.000,  0.000, -0.004, 
398, 199000, 25.716, -0.812,  0.000,  0.000, -0.000,  0.003, 
399, 199500, 26.113, -0.811,  0.000,  0.000,  0.000, -0.002, 
400, 200000, 26.507, -0.822,  0.000,  0.000,  0.000, -0.033, 
401, 200500, 26.903, -0.851,  0.000,  0.000,  0.000, -0.071, 
402, 201000, 27.290, -0.884,  0.000,  0.000,  0.000, -0.088, 
403, 201500, 27.676, -0.951,  0.000,  0.000,  0.000, -0.180, 
404, 202000, 28.057, -1.070,  0.000,  0.000,  0.000, -0.286, 
405, 202500, 28.443, -1.194,  0.000,  0.000,  0.000, -0.309, 
406, 203000, 28.816, -1.313,  0.000,  0.000,  0.000, -0.309, 
407, 203500, 29.155, -1.412,  0.000,  0.000,  0.000, -0.283, 
408, 204000, 29.413, -1.486,  0.000,  0.000,  0.000, -0.280, 
409, 204500, 29.623, -1.537,  0.000,  0.000,  0.000, -0.245, 
410, 205000, 29.803, -1.552,  0.000,  0.000,  0.000, -0.153, 
411, 205500, 29.918, -1.560,  0.000,  0.000,  0.000, -0.114, 
412, 206000, 29.933, -1.560,  0.000,  0.000,  0.000, -0.107, 
413, 206500, 29.944, -1.561,  0.000,  0.000,  0.000, -0.102, 
414, 207000, 29.955, -1.562,  0.000,  0.000,  0.000, -0.104, 
415, 207500, 29.963, -1.563,  0.000,  0.000,  0.000, -0.104, 
416, 208000, 29.973, -1.564,  0.000,  0.000,  0.000, -0.103, 
417, 208500, 29.983, -1.565,  0.000,  0.000,  0.000, -0.103, 
418, 209000, 30.001, -1.567,  0.000,  0.000,  0.000, -0.103, 
419, 209500, 30.119, -1.579,  0.000,  0.000,  0.000, -0.101, 
420, 210000, 30.339, -1.598,  0.000,  0.000,  0.000, -0.088, 
421, 210500, 30.597, -1.607,  0.000,  0.000,  0.000, -0.051, 
422, 211000, 30.985, -1.613,  0.000,  0.000,  0.000, -0.020, 
423, 211500, 31.373, -1.614,  0.000,  0.000,  0.000, -0.006, 
424, 212000, 31.769, -1.618,  0.000,  0.000,  0.000, -0.007, 
425, 212500, 32.165, -1.631,  0.000,  0.000,  0.000, -0.042, 
426, 213000, 32.561, -1.653,  0.000,  0.000,  0.000, -0.055, 
427, 213500, 32.953, -1.669,  0.000,  0.000,  0.000, -0.037, 
428, 214000, 33.347, -1.685,  0.000,  0.000,  0.000, -0.045, 
429, 214500, 33.739, -1.704,  0.000,  0.000,  0.000, -0.043, 
430, 215000, 34.123, -1.707,  0.000,  0.000,  0.000, -0.015, 
431, 215500, 34.518, -1.712,  0.000,  0.000,  0.000, -0.017, 
432, 216000, 34.919, -1.714,  0.000,  0.000,  0.000, -0.002, 
433, 216500, 35.311, -1.710,  0.000,  0.000, -0.000,  0.009, 
434, 217000, 35.702, -1.698,  0.000,  0.000, -0.000,  0.025, 
435, 217500, 36.095, -1.699,  0.000,  0.000,  0.000, -0.009, 
436, 218000, 36.474, -1.709,  0.000,  0.000,  0.000, -0.028, 
437, 218500, 36.861, -1.725,  0.000,  0.000,  0.000, -0.042, 
438, 219000, 37.256, -1.752,  0.000,  0.000,  0.000, -0.080, 
439, 219500, 37.651, -1.791,  0.000,  0.000,  0.000, -0.097, 
440, 220000, 38.040, -1.837,  0.000,  0.000,  0.000, -0.120, 
441, 220500, 38.435, -1.868,  0.000,  0.000,  0.000, -0.082, 
442, 221000, 38.831, -1.895,  0.000,  0.000,  0.000, -0.065, 
443, 221500, 39.224, -1.915,  0.000,  0.000,  0.000, -0.052, 
444, 222000, 39.618, -1.933,  0.000,  0.000,  0.000, -0.046, 
445, 222500, 40.005, -1.951,  0.000,  0.000,  0.000, -0.052, 
446, 223000, 40.395, -1.968,  0.000,  0.000,  0.000, -0.039, 
447, 223500, 40.796, -1.984,  0.000,  0.000,  0.000, -0.046, 
448, 224000, 41.188, -2.015,  0.000,  0.000,  0.000, -0.080, 
449, 224500, 41.579, -2.044,  0.000,  0.000,  0.000, -0.069, 
450, 225000, 41.966, -2.071,  0.000,  0.000,  0.000, -0.075, 
451, 225500, 42.357, -2.103,  0.000,  0.000,  0.000, -0.077, 
452, 226000, 42.758, -2.131,  0.000,  0.000,  0.000, -0.071, 
453, 226500, 43.151, -2.152,  0.000,  0.000,  0.000, -0.048, 
454, 227000, 43.538, -2.161,  0.000,  0.000,  0.000, -0.027, 
455, 227500, 43.931, -2.159,  0.000,  0.000, -0.000,  0.020, 
456, 228000, 44.332, -2.129,  0.000,  0.000, -0.000,  0.067, 
457, 228500, 44.717, -2.106,  0.000,  0.000, -0.000,  0.057, 
458, 229000, 45.119, -2.094,  0.000,  0.000, -0.000,  0.027, 
459, 229500, 45.504, -2.087,  0.000,  0.000, -0.000,  0.015, 
460, 230000, 45.896, -2.089,  0.000,  0.000,  0.000, -0.002, 
461, 230500, 46.287, -2.087,  0.000,  0.000, -0.000,  0.004, 
462, 231000, 46.676, -2.087,  0.000,  0.000, -0.000,  0.001, 
463, 231500, 47.068, -2.101,  0.000,  0.000,  0.000, -0.044, 
464, 232000, 47.458, -2.136,  0.000,  0.000,  0.000, -0.086, 
465, 232500, 47.849, -2.172,  0.000,  0.000,  0.000, -0.088, 
466, 233000, 48.240, -2.203,  0.000,  0.000,  0.000, -0.082, 
467, 233500, 48.633, -2.237,  0.000,  0.000,  0.000, -0.086, 
468, 234000, 49.027, -2.269,  0.000,  0.000,  0.000, -0.080, 
469, 234500, 49.430, -2.299,  0.000,  0.000,  0.000, -0.075, 
470, 235000, 49.811, -2.325,  0.000,  0.000,  0.000, -0.070, 
471, 235500, 50.204, -2.349,  0.000,  0.000,  0.000, -0.061, 
472, 236000, 50.595, -2.375,  0.000,  0.000,  0.000, -0.066, 
473, 236500, 50.987, -2.413,  0.000,  0.000,  0.000, -0.096, 
474, 237000, 51.378, -2.462,  0.000,  0.000,  0.000, -0.121, 
475, 237500, 51.770, -2.510,  0.000,  0.000,  0.000, -0.120, 
476, 238000, 52.160, -2.547,  0.000,  0.000,  0.000, -0.089, 
477, 238500, 52.555, -2.573,  0.000,  0.000,  0.000, -0.064, 
478, 239000, 52.950, -2.590,  0.000,  0.000,  0.000, -0.043, 
479, 239500, 53.346, -2.608,  0.000,  0.000,  0.000, -0.045, 
480, 240000, 53.739, -2.629,  0.000,  0.000,  0.000, -0.053, 
481, 240500, 54.134, -2.655,  0.000,  0.000,  0.000, -0.066, 
482, 241000, 54.528, -2.682,  0.000,  0.000,  0.000, -0.069, 
483, 241500, 54.923, -2.717,  0.000,  0.000,  0.000, -0.089, 
484, 242000, 55.317, -2.752,  0.000,  0.000,  0.000, -0.087, 
485, 242500, 55.711, -2.787,  0.000,  0.000,  0.000, -0.091, 
486, 243000, 56.105, -2.830,  0.000,  0.000,  0.000, -0.107, 
487, 243500, 56.495, -2.863,  0.000,  0.000,  0.000, -0.074, 
488, 244000, 56.890, -2.880,  0.000,  0.000,  0.000, -0.045, 
489, 244500, 57.284, -2.893,  0.000,  0.000,  0.000, -0.028, 
490, 245000, 57.680, -2.901,  0.000,  0.000,  0.000, -0.021, 
491, 245500, 58.075, -2.909,  0.000,  0.000,  0.000, -0.020, 
492, 246000, 58.469, -2.915,  0.000,  0.000,  0.000, -0.011, 
493, 246500, 58.862, -2.917,  0.000,  0.000,  0.000, -0.010, 
494, 247000, 59.257, -2.929,  0.000,  0.000,  0.000, -0.032, 
495, 247500, 59.653, -2.947,  0.000,  0.000,  0.000, -0.047, 
496, 248000, 60.048, -2.970,  0.000,  0.000,  0.000, -0.058, 
497, 248500, 60.443, -2.998,  0.000,  0.000,  0.000, -0.065, 
498, 249000, 60.834, -3.023,  0.000,  0.000,  0.000, -0.061, 
499, 249500, 61.230, -3.035,  0.000,  0.000,  0.000, -0.034, 
500, 250000, 61.627, -3.050,  0.000,  0.000,  0.000, -0.036, 
501, 250500, 62.020, -3.063,  0.000,  0.000,  0.000, -0.030, 
502, 251000, 62.416, -3.075,  0.000,  0.000,  0.000, -0.034, 
503, 251500, 62.812, -3.089,  0.000,  0.000,  0.000, -0.034, 
504, 252000, 63.206, -3.103,  0.000,  0.000,  0.000, -0.035, 
505, 252500, 63.602, -3.110,  0.000,  0.000,  0.000, -0.021, 
506, 253000, 63.997, -3.119,  0.000,  0.000,  0.000, -0.020, 
507, 253500, 64.394, -3.124,  0.000,  0.000,  0.000, -0.012, 
508, 254000, 64.790, -3.133,  0.000,  0.000,  0.000, -0.024, 
509, 254500, 65.185, -3.143,  0.000,  0.000,  0.000, -0.022, 
510, 255000, 65.581, -3.147,  0.000,  0.000,  0.000, -0.008, 
511, 255500, 65.977, -3.145,  0.000,  0.000, -0.000,  0.006, 
512, 256000, 66.372, -3.143,  0.000,  0.000,  0.000, -0.000, 
513, 256500, 66.768, -3.151,  0.000,  0.000,  0.000, -0.023, 
514, 257000, 67.157, -3.165,  0.000,  0.000,  0.000, -0.034, 
515, 257500, 67.553, -3.182,  0.000,  0.000,  0.000, -0.045, 
516, 258000, 67.941, -3.213,  0.000,  0.000,  0.000, -0.085, 
517, 258500, 68.337, -3.250,  0.000,  0.000,  0.000, -0.089, 
518, 259000, 68.728, -3.287,  0.000,  0.000,  0.000, -0.088, 
519, 259500, 69.123, -3.314,  0.000,  0.000,  0.000, -0.069, 
520, 260000, 69.518, -3.338,  0.000,  0.000,  0.000, -0.056, 
521, 260500, 69.914, -3.353,  0.000,  0.000,  0.000, -0.043, 
522, 261000, 70.310, -3.369,  0.000,  0.000,  0.000, -0.044, 
523, 261500, 70.704, -3.385,  0.000,  0.000,  0.000, -0.039, 
524, 262000, 71.100, -3.398,  0.000,  0.000,  0.000, -0.032, 
525, 262500, 71.479, -3.401,  0.000,  0.000,  0.000, -0.007, 
526, 263000, 71.876, -3.400,  0.000,  0.000, -0.000,  0.001, 
527, 263500, 72.270, -3.401,  0.000,  0.000,  0.000, -0.005, 
528, 264000, 72.666, -3.404,  0.000,  0.000,  0.000, -0.004, 
529, 264500, 73.063, -3.403,  0.000,  0.000, -0.000,  0.001, 
530, 265000, 73.459, -3.399,  0.000,  0.000, -0.000,  0.011, 
531, 265500, 73.856, -3.398,  0.000,  0.000, -0.000,  0.001, 
532, 266000, 74.244, -3.396,  0.000,  0.000, -0.000,  0.005, 
533, 266500, 74.640, -3.393,  0.000,  0.000, -0.000,  0.007, 
534, 267000, 75.043, -3.390,  0.000,  0.000, -0.000,  0.007, 
535, 267500, 75.432, -3.389,  0.000,  0.000, -0.000,  0.004, 
536, 268000, 75.829, -3.393,  0.000,  0.000,  0.000, -0.011, 
537, 268500, 76.224, -3.403,  0.000,  0.000,  0.000, -0.028, 
538, 269000, 76.618, -3.430,  0.000,  0.000,  0.000, -0.081, 
539, 269500, 77.014, -3.482,  0.000,  0.000,  0.000, -0.128, 
540, 270000, 77.407, -3.531,  0.000,  0.000,  0.000, -0.125, 
541, 270500, 77.800, -3.587,  0.000,  0.000,  0.000, -0.142, 
542, 271000, 78.193, -3.647,  0.000,  0.000,  0.000, -0.153, 
543, 271500, 78.586, -3.716,  0.000,  0.000,  0.000, -0.172, 
544, 272000, 78.962, -3.814,  0.000,  0.000,  0.000, -0.279, 
545, 272500, 79.334, -3.956,  0.000,  0.000,  0.000, -0.356, 
546, 273000, 79.706, -4.095,  0.000,  0.000,  0.000, -0.360, 
547, 273500, 80.050, -4.242,  0.000,  0.000,  0.000, -0.422, 
548, 274000, 80.350, -4.447,  0.000,  0.000,  0.000, -0.634, 
549, 274500, 80.588, -4.710,  0.000,  0.000,  0.000, -0.853, 
550, 275000, 80.760, -5.025,  0.000,  0.000,  0.000, -1.058, 
551, 275500, 80.867, -5.343,  0.000,  0.000,  0.000, -1.217, 
552, 276000, 80.931, -5.651,  0.000,  0.000,  0.000, -1.336, 
553, 276500, 81.005, -6.015,  0.000,  0.000,  0.000, -1.363, 
554, 277000, 81.082, -6.404,  0.000,  0.000,  0.000, -1.378, 
555, 277500, 81.128, -6.799,  0.000,  0.000,  0.000, -1.459, 
556, 278000, 81.153, -7.197,  0.000,  0.000,  0.000, -1.501, 
557, 278500, 81.169, -7.596,  0.000,  0.000,  0.000, -1.537, 
558, 279000, 81.174, -7.996,  0.000,  0.000,  0.000, -1.552, 
559, 279500, 81.186, -8.396,  0.000,  0.000,  0.000, -1.543, 
560, 280000, 81.201, -8.786,  0.000,  0.000,  0.000, -1.527, 
561, 280500, 81.218, -9.078,  0.000,  0.000,  0.000, -1.515, 
562, 281000, 81.221, -9.288,  0.000,  0.000,  0.000, -1.552, 
563, 281500, 81.228, -9.451,  0.000,  0.000,  0.000, -1.538, 
564, 282000, 81.231, -9.555,  0.000,  0.000,  0.000, -1.538, 
565, 282500, 81.232, -9.584,  0.000,  0.000,  0.000, -1.541, 
566, 283000, 81.232, -9.592,  0.000,  0.000,  0.000, -1.542, 
567, 283500, 81.233, -9.602,  0.000,  0.000,  0.000, -1.541, 
568, 284000, 81.233, -9.602,  0.000,  0.000,  0.000, -1.540, 
