count, time, abs_prox_x, abs_prox_y, abs_prox_z, 

2, 1000,  0.460, -1.286, -0.134, 
2, 1000,  0.325, -1.303, -0.257, 
2, 1000, -0.417,  6.017, -0.012, 
2, 1000,  3.076,  4.844,  0.443, 
2, 1000,  5.324, -4.106,  0.188, 
2, 1000,  7.982,  6.233,  0.710, 
2, 1000,  5.648, -3.717,  0.189, 
2, 1000,  3.802,  4.752,  0.531, 
2, 1000, 13.672, -3.917,  0.569, 
2, 1000, -0.441,  5.851, -0.577, 
2, 1000, -0.117, -1.454, -0.315, 
2, 1000, 28.616,  7.033,  0.825, 
2, 1000,  8.339,  5.583,  0.623, 
2, 1000,  9.370,  4.998,  0.138, 

3, 1500,  0.337, -1.294, -0.289, 
3, 1500, -0.410,  6.000,  0.078, 
3, 1500,  3.090,  4.822,  0.500, 
3, 1500,  5.343, -3.774,  0.183, 
3, 1500,  7.953,  5.860,  0.862, 
3, 1500, 13.671, -3.931,  0.569, 
3, 1500, -0.119, -1.458, -0.316, 
3, 1500,  0.492, -1.268, -0.164, 
3, 1500, 10.142, -2.247,  0.291, 
3, 1500, -0.311, -4.424,  0.177, 
3, 1500,  0.279, -5.959,  0.520, 

4, 2000,  0.342, -1.292, -0.289, 
4, 2000, -0.517,  5.978,  0.078, 
4, 2000,  5.340, -3.772,  0.183, 
4, 2000, 13.693, -3.923,  0.570, 
4, 2000, -0.127, -1.467, -0.318, 
4, 2000, 10.113, -2.272,  0.135, 
4, 2000, -0.363, -4.407,  0.230, 
4, 2000,  0.124, -5.985,  0.420, 

5, 2500,  0.438, -1.279, -0.193, 
5, 2500, -0.409,  5.993,  0.078, 
5, 2500,  5.340, -3.772,  0.183, 
5, 2500, 13.663, -3.944,  0.569, 
5, 2500, -0.126, -1.455, -0.316, 
5, 2500, 10.142, -2.257,  0.291, 
5, 2500, -0.369, -4.422,  0.311, 
5, 2500,  8.007,  5.826,  0.764, 
5, 2500,  0.168,  8.063, -0.460, 
5, 2500,  3.099,  4.837,  0.501, 

6, 3000,  0.329, -1.307, -0.258, 
6, 3000, -0.415,  5.992,  0.078, 
6, 3000,  5.343, -3.758,  0.183, 
6, 3000, 13.697, -3.909,  0.570, 
6, 3000, -0.116, -1.459, -0.316, 
6, 3000, -0.342, -4.415,  0.386, 
6, 3000,  8.193,  5.545,  0.863, 
6, 3000,  0.495, -1.274, -0.165, 
6, 3000, 28.424,  7.288,  2.559, 
6, 3000,  0.251, -5.993,  0.312, 

7, 3500,  0.457, -1.276, -0.133, 
7, 3500, -0.472,  6.021,  0.079, 
7, 3500,  5.341, -3.765,  0.183, 
7, 3500, 13.676, -3.903,  0.569, 
7, 3500, -0.127, -1.585, -0.344, 
7, 3500, -0.347, -4.430,  0.178, 
7, 3500,  0.430, -5.984,  0.312, 
7, 3500,  3.083,  4.855,  0.444, 
7, 3500, 26.700,  0.614,  1.069, 

8, 4000,  0.438, -1.275, -0.193, 
8, 4000, -0.416,  6.002,  0.078, 
8, 4000,  5.237, -3.924, -0.013, 
8, 4000, 13.655, -3.927,  0.569, 
8, 4000, -0.119, -1.458, -0.316, 
8, 4000, -0.346, -4.415,  0.386, 
8, 4000,  0.364, -5.988,  0.312, 
8, 4000,  3.261,  4.748,  0.502, 
8, 4000, 28.566,  6.689,  0.822, 
8, 4000,  8.119,  5.627,  0.862, 
8, 4000, 10.140, -2.236,  0.291, 

9, 4500,  0.500, -1.267, -0.134, 
9, 4500, -0.416,  6.006,  0.078, 
9, 4500,  5.312, -3.736,  0.182, 
9, 4500, 13.662, -3.914,  0.569, 
9, 4500, -0.116, -1.457, -0.316, 
9, 4500, -0.329, -4.430,  0.231, 
9, 4500,  0.029, -6.000,  0.312, 
9, 4500,  3.255,  4.750,  0.502, 
9, 4500,  8.145,  5.620,  0.863, 

10, 5000,  0.444, -1.280, -0.133, 
10, 5000, -0.411,  6.009,  0.078, 
10, 5000,  5.234, -3.921, -0.013, 
10, 5000, 13.670, -3.901,  0.569, 
10, 5000, -0.121, -1.447, -0.314, 
10, 5000, -0.369, -4.420,  0.342, 
10, 5000,  3.052,  4.881,  0.502, 
10, 5000,  8.190,  5.531,  0.862, 
10, 5000,  0.293, -1.304, -0.323, 
10, 5000, 10.137, -2.246,  0.416, 
10, 5000, 24.661,  0.049,  0.691, 

11, 5500,  0.498, -1.262, -0.133, 
11, 5500, -0.416,  6.002,  0.078, 
11, 5500,  5.338, -3.755,  0.183, 
11, 5500, -0.125, -1.480, -0.321, 
11, 5500, -0.321, -4.435,  0.312, 
11, 5500,  3.155,  4.818,  0.502, 
11, 5500,  8.136,  5.626,  0.863, 
11, 5500,  0.291, -1.303, -0.322, 
11, 5500, 10.137, -2.256,  0.416, 
11, 5500, 23.794,  0.048,  0.666, 

12, 6000,  0.437, -1.282, -0.133, 
12, 6000, -0.404,  6.010,  0.078, 
12, 6000,  5.340, -3.764,  0.183, 
12, 6000, -0.106, -1.451, -0.315, 
12, 6000, -0.350, -4.406,  0.230, 
12, 6000,  3.057,  4.878,  0.502, 
12, 6000,  8.131,  5.610,  0.862, 
12, 6000,  0.101, -5.984,  0.522, 
12, 6000, 13.680, -3.904,  0.569, 

13, 6500,  0.444, -1.281, -0.194, 
13, 6500, -0.410,  5.996,  0.078, 
13, 6500,  5.337, -3.738,  0.182, 
13, 6500, -0.116, -1.461, -0.317, 
13, 6500, -0.355, -4.423,  0.231, 
13, 6500,  3.104,  4.834,  0.501, 
13, 6500,  8.125,  5.619,  0.862, 
13, 6500,  0.023, -6.002,  0.312, 
13, 6500, 13.665, -3.885,  0.569, 
13, 6500,  0.298, -1.302, -0.323, 
13, 6500, 10.133, -2.245,  0.291, 

14, 7000,  0.440, -1.284, -0.195, 
14, 7000, -0.408,  6.003,  0.078, 
14, 7000,  5.336, -3.747,  0.182, 
14, 7000, -0.109, -1.437, -0.312, 
14, 7000, -0.338, -4.420,  0.387, 
14, 7000,  3.105,  4.855,  0.502, 
14, 7000,  8.132,  5.618,  0.862, 
14, 7000,  0.469, -5.986,  0.240, 
14, 7000, 13.692, -3.965,  0.570, 
14, 7000,  0.306, -1.295, -0.356, 
14, 7000, 10.148, -2.268,  0.416, 

15, 7500,  0.338, -1.302, -0.256, 
15, 7500, -0.461,  6.018,  0.078, 
15, 7500,  5.333, -3.747,  0.182, 
15, 7500, -0.349, -4.430,  0.276, 
15, 7500,  8.136,  5.618,  0.860, 
15, 7500, 13.689, -3.898,  0.569, 
15, 7500, 10.156, -2.243,  0.291, 
15, 7500,  2.377,  8.202, -0.162, 

16, 8000,  0.506, -1.287, -0.135, 
16, 8000, -0.484,  6.000,  0.078, 
16, 8000,  5.345, -3.728,  0.180, 
16, 8000, -0.308, -4.428,  0.178, 
16, 8000,  8.168,  5.626,  0.858, 
16, 8000, 10.179, -2.264,  0.538, 
16, 8000,  2.378,  8.201, -0.162, 
16, 8000,  3.123,  4.834,  0.503, 
16, 8000,  0.296, -1.295, -0.354, 
16, 8000, 28.715,  6.399,  0.821, 

17, 8500,  0.437, -1.284, -0.188, 
17, 8500, -0.389,  6.006, -0.012, 
17, 8500,  8.261,  5.416,  0.851, 
17, 8500, 28.685,  6.562,  0.817, 
17, 8500,  0.312, -1.285, -0.279, 
17, 8500, -0.350,  6.046,  0.530, 

18, 9000,  0.506, -1.258, -0.272, 
18, 9000, -0.170,  6.432,  0.337, 
18, 9000,  8.288,  5.411,  0.835, 
18, 9000, -0.137,  6.558, -0.125, 
18, 9000,  3.221,  4.791,  0.485, 
18, 9000, 10.073, -2.458,  0.276, 
18, 9000,  5.241, -3.866,  0.256, 

19, 9500,  0.598, -1.292, -0.186, 
19, 9500, -0.150,  8.494,  0.531, 
19, 9500,  8.311,  5.377,  0.820, 
19, 9500,  3.311,  4.746,  0.466, 
19, 9500, 10.029, -2.627,  0.382, 
19, 9500,  5.242, -3.978,  0.243, 
19, 9500,  0.788, -4.699,  0.363, 
19, 9500, 28.828,  5.991,  0.801, 

20, 10000,  0.839, -1.472, -0.357, 
20, 10000,  8.372,  5.300,  0.792, 
20, 10000,  5.191, -3.930,  0.162, 
20, 10000,  0.759, -4.692,  0.412, 
20, 10000,  3.697,  4.695,  0.472, 

21, 10500,  8.515,  5.351,  0.760, 
21, 10500,  5.245, -3.886,  0.149, 
21, 10500,  1.513, -6.003,  0.312, 
21, 10500,  3.666,  4.730,  0.371, 
21, 10500, 10.070, -2.517,  0.247, 
21, 10500,  2.736,  5.677,  0.510, 
21, 10500,  1.624,  8.691, -0.017, 
21, 10500,  2.510,  8.174, -0.156, 
21, 10500, 28.684,  5.964,  1.136, 

22, 11000,  8.381,  5.407,  0.745, 
22, 11000,  5.251, -3.891,  0.141, 
22, 11000,  2.016, -5.989,  0.522, 
22, 11000,  3.980,  4.714,  0.266, 
22, 11000,  3.141,  5.112,  0.278, 
22, 11000,  2.745,  8.217, -0.157, 
22, 11000, 28.889,  5.548,  1.125, 
22, 11000,  3.525,  4.745,  0.440, 
22, 11000,  4.553,  4.658,  0.212, 
22, 11000,  9.042,  4.893,  0.120, 

23, 11500,  8.528,  5.329,  0.635, 
23, 11500,  5.259, -3.959,  0.068, 
23, 11500,  2.141, -6.004,  0.372, 
23, 11500,  3.910,  4.691,  0.262, 
23, 11500,  3.432,  4.767,  0.432, 
23, 11500, 28.876,  5.207,  1.106, 
23, 11500,  4.513,  4.674,  0.144, 
23, 11500,  9.112,  4.831,  0.107, 

24, 12000,  8.499,  5.336,  0.682, 
24, 12000,  5.234, -3.970,  0.186, 
24, 12000,  2.827, -6.005,  0.419, 
24, 12000,  3.817,  4.688,  0.343, 
24, 12000,  4.622,  4.611,  0.139, 
24, 12000,  9.166,  4.754, -0.016, 
24, 12000,  3.305,  4.886,  0.435, 

25, 12500,  8.888,  5.058,  0.603, 
25, 12500,  5.311, -3.926,  0.182, 
25, 12500,  3.182, -6.016,  0.312, 
25, 12500,  4.050,  4.722,  0.063, 
25, 12500,  4.702,  4.611,  0.200, 
25, 12500,  9.070,  4.932, -0.015, 
25, 12500,  3.596,  4.719,  0.415, 
25, 12500,  8.388,  5.537,  0.678, 
25, 12500, 10.089, -2.616,  0.103, 

26, 13000,  9.153,  4.772,  0.096, 
26, 13000,  5.601, -3.837,  0.125, 
26, 13000,  3.532, -6.022,  0.372, 
26, 13000,  4.603,  4.649,  0.196, 
26, 13000,  4.013,  4.701,  0.195, 
26, 13000,  8.504,  5.334,  0.642, 
26, 13000, 10.101, -2.589, -0.021, 
26, 13000,  3.519,  4.752,  0.417, 
26, 13000,  5.221, -3.877,  0.117, 

27, 13500,  9.095,  4.815, -0.014, 
27, 13500,  5.257, -3.830,  0.112, 
27, 13500,  3.973, -6.032,  0.240, 
27, 13500,  4.787,  4.599,  0.132, 
27, 13500,  8.613,  5.258,  0.621, 
27, 13500,  3.874,  4.699,  0.246, 
27, 13500, 21.873, -3.124,  1.584, 

28, 14000,  9.061,  4.862,  0.095, 
28, 14000,  5.238, -3.882,  0.111, 
28, 14000,  4.325, -6.018,  0.420, 
28, 14000,  4.745,  4.585,  0.130, 
28, 14000,  8.871,  5.088,  0.602, 
28, 14000,  4.194,  4.734,  0.296, 
28, 14000,  3.799, -5.994,  0.522, 
28, 14000, 28.806,  5.586,  1.029, 
28, 14000, 10.055, -2.631, -0.013, 
28, 14000,  8.340,  5.470,  0.606, 

29, 14500,  9.030,  4.898,  0.085, 
29, 14500,  5.597, -3.800,  0.050, 
29, 14500,  4.742,  4.591,  0.130, 
29, 14500,  9.245,  4.755,  0.593, 
29, 14500, 28.774,  5.793,  0.692, 
29, 14500, 10.133, -2.454,  0.313, 
29, 14500,  8.700,  5.252,  0.523, 
29, 14500, 21.883, -3.225,  0.925, 
29, 14500,  4.129,  4.725,  0.250, 
29, 14500,  6.317,  6.988, -0.014, 

30, 15000,  9.634,  4.806,  0.093, 
30, 15000,  5.903, -3.737, -0.143, 
30, 15000,  4.652,  4.583,  0.238, 
30, 15000, 13.793, -4.002,  0.266, 
30, 15000,  9.006,  4.946,  0.088, 
30, 15000,  6.723,  7.260, -0.285, 
30, 15000,  5.336, -3.869, -0.008, 
30, 15000, 28.407,  7.115,  0.682, 
30, 15000, 19.333,  9.528,  0.480, 
30, 15000, 21.930, -2.851,  1.074, 
30, 15000,  8.463,  5.412,  0.558, 

31, 15500,  9.648,  4.784,  0.083, 
31, 15500,  5.840, -3.747, -0.139, 
31, 15500,  5.306,  5.337,  0.283, 
31, 15500, 10.199, -2.332,  0.073, 
31, 15500,  8.956,  4.981,  0.080, 
31, 15500,  5.399, -3.823, -0.007, 
31, 15500,  8.641,  5.432, -0.369, 
31, 15500,  8.081,  8.525, -0.171, 

32, 16000,  9.074,  4.930,  0.078, 
32, 16000,  5.776, -3.755, -0.206, 
32, 16000, 10.123, -2.500,  0.208, 
32, 16000,  8.436,  5.506,  0.484, 
32, 16000,  7.944, -6.064,  0.257, 
32, 16000, 21.843, -3.446,  1.420, 

33, 16500,  9.204,  4.852, -0.117, 
33, 16500, 10.055, -2.601, -0.175, 
33, 16500,  7.797, -6.093,  0.079, 
33, 16500, 21.840, -3.343,  1.225, 
33, 16500,  5.756, -3.760, -0.206, 
33, 16500, 13.075, -2.455, -0.014, 
33, 16500, 28.863,  5.551, -0.047, 

34, 17000,  9.085,  4.915, -0.011, 
34, 17000, 10.039, -2.605,  0.054, 
34, 17000, 21.448, -3.230,  1.315, 
34, 17000,  5.786, -3.744, -0.203, 
34, 17000, 28.833,  5.544,  0.298, 
34, 17000,  9.485,  4.712,  0.502, 

35, 17500,  9.326,  4.806, -0.011, 
35, 17500,  9.939, -2.702, -0.008, 
35, 17500, 21.801, -3.625,  0.620, 
35, 17500, 29.106,  4.545, -0.045, 
35, 17500,  7.578, -6.078,  0.409, 

36, 18000,  9.420,  4.751, -0.108, 
36, 18000,  9.952, -2.662,  0.045, 
36, 18000,  7.560, -6.091,  0.303, 
36, 18000,  9.824,  4.545, -0.011, 
36, 18000, 20.519,  7.539,  1.347, 
36, 18000,  6.117, -5.859,  0.293, 
36, 18000,  9.727,  4.606,  0.476, 
36, 18000, 21.716, -4.015,  0.414, 

37, 18500,  9.516,  4.734, -0.011, 
37, 18500, 10.074, -2.528,  0.093, 
37, 18500,  7.745, -6.059,  0.301, 
37, 18500, 21.801, -3.399,  1.266, 
37, 18500, 13.004, -2.475, -0.221, 
37, 18500,  8.903,  5.076,  0.427, 
37, 18500, 28.888,  5.185,  0.283, 
37, 18500, 13.556, -4.233,  0.196, 

38, 19000,  9.655,  4.688,  0.067, 
38, 19000, 10.094, -2.532,  0.130, 
38, 19000,  8.075, -6.064,  0.360, 
38, 19000, 21.846, -3.484,  0.885, 
38, 19000, 13.021, -2.470, -0.212, 
38, 19000, 28.851,  5.333,  0.278, 
38, 19000, 13.553, -4.240,  0.087, 
38, 19000,  8.810,  5.231,  0.394, 
38, 19000,  9.204,  4.831, -0.010, 
38, 19000, 10.354,  4.802,  0.481, 
38, 19000,  7.297,  8.281,  0.534, 

39, 19500,  9.621,  4.685,  0.066, 
39, 19500,  8.400, -6.059,  0.505, 
39, 19500, 12.997, -2.672, -0.100, 
39, 19500, 10.104, -2.557,  0.077, 
39, 19500, 28.968,  5.719,  1.874, 
39, 19500, 13.552, -4.307,  0.179, 

40, 20000,  9.558,  4.712,  0.065, 
40, 20000,  8.527, -6.045,  0.447, 
40, 20000, 10.161, -2.514, -0.147, 
40, 20000, 28.906,  5.415,  0.269, 
40, 20000, 13.625, -4.193,  0.170, 
40, 20000,  8.995, -6.060,  0.505, 
40, 20000, 21.880, -3.255,  1.169, 

41, 20500,  9.769,  4.725, -0.010, 
41, 20500,  8.893, -6.055,  0.302, 
41, 20500, 10.123, -2.501,  0.212, 
41, 20500, 28.899,  5.424,  0.570, 
41, 20500, 13.641, -4.178,  0.081, 
41, 20500, 21.910, -3.213,  0.916, 
41, 20500, 10.362,  4.837,  0.454, 

42, 21000, 10.264,  4.851, -0.010, 
42, 21000,  9.673, -6.070,  0.405, 
42, 21000, 10.222, -2.467,  0.091, 
42, 21000, 13.755, -4.043,  0.154, 
42, 21000, 21.946, -3.106,  1.092, 
42, 21000, 10.945,  5.358, -0.012, 
42, 21000,  9.713,  4.718, -0.095, 
42, 21000, 13.107, -2.348, -0.150, 
42, 21000,  9.317,  4.829, -0.010, 
42, 21000,  9.291,  4.837,  0.361, 

43, 21500, 10.820,  5.081,  0.071, 
43, 21500, 10.236, -2.440,  0.111, 
43, 21500, 10.245,  4.841, -0.010, 
43, 21500,  9.722,  4.731, -0.096, 
43, 21500,  9.792,  4.757,  0.443, 
43, 21500, 13.729, -4.072,  0.146, 
43, 21500, 28.805,  5.790,  0.550, 
43, 21500, 12.599,  8.301, -0.511, 

44, 22000, 10.136,  4.812,  0.397, 
44, 22000, 10.362, -6.070,  0.299, 
44, 22000, 13.042, -2.388, -0.255, 
44, 22000, 28.831,  5.481,  0.250, 
44, 22000, 12.677,  8.298, -0.507, 
44, 22000, 13.639, -4.123,  0.202, 
44, 22000, 10.199, -2.472, -0.041, 
44, 22000, 13.222, -2.155, -0.328, 
44, 22000, 21.940, -3.086,  0.153, 
44, 22000, 20.603, -5.363,  0.463, 

45, 22500, 10.488,  5.017,  0.377, 
45, 22500, 10.958, -6.066,  0.298, 
45, 22500, 13.108, -2.253, -0.363, 
45, 22500, 28.725,  5.724,  0.245, 
45, 22500, 12.640,  8.301, -0.503, 
45, 22500, 13.608, -4.115,  0.186, 
45, 22500, 21.883, -3.106,  0.714, 

46, 23000, 10.862,  5.060,  0.217, 
46, 23000, 11.260, -6.083,  0.299, 
46, 23000, 12.991, -2.372, -0.217, 
46, 23000, 12.699,  8.278, -0.498, 
46, 23000, 34.702, -3.853,  1.683, 

47, 23500, 11.030,  5.385,  0.075, 
47, 23500, 11.633, -6.087,  0.444, 
47, 23500, 13.225, -2.181, -0.300, 
47, 23500, 12.785,  8.268, -0.330, 
47, 23500, 34.742, -2.273,  2.019, 
47, 23500, 20.675, -5.175,  0.286, 
47, 23500, 28.655,  6.097,  0.508, 
47, 23500, 21.935, -3.070,  0.138, 

48, 24000, 11.310,  5.957, -0.013, 
48, 24000, 11.924, -6.095,  0.162, 
48, 24000, 13.224, -2.195, -0.340, 
48, 24000, 23.854, -1.760,  1.047, 
48, 24000, 25.171, -5.257,  0.574, 
48, 24000, 12.712,  8.290, -0.320, 
48, 24000, 20.663,  6.688,  0.311, 

49, 24500, 12.495, -6.096,  0.358, 
49, 24500, 13.323, -2.126, -0.444, 
49, 24500, 34.697, -2.916,  1.975, 

50, 25000, 12.920, -6.106, -0.012, 
50, 25000, 13.318, -2.111, -0.477, 
50, 25000, 34.823, -2.547,  1.549, 
50, 25000, 28.724,  5.787,  0.221, 
50, 25000, 12.933,  8.288, -0.164, 
50, 25000, 20.657, -5.329,  0.260, 
50, 25000, 23.638, -2.173,  0.956, 

51, 25500, 13.474, -2.117, -0.361, 
51, 25500, 22.078, -2.734, -0.018, 
51, 25500, 20.783, -5.120,  0.250, 
51, 25500, 28.606,  6.139,  0.467, 
51, 25500, 14.099,  8.587, -0.170, 
51, 25500, 34.822, -2.534,  1.674, 
51, 25500, 12.566,  8.313,  0.113, 

52, 26000, 13.403, -2.093, -0.471, 
52, 26000, 22.070, -2.678, -0.018, 
52, 26000, 20.805, -5.066,  0.241, 
52, 26000, 28.953,  5.741,  0.462, 
52, 26000, 14.055,  8.574, -0.018, 
52, 26000, 13.384,  8.600,  0.116, 
52, 26000, 34.829, -2.326,  1.130, 
52, 26000, 20.580,  6.805,  0.399, 

53, 26500, 13.594, -2.145, -0.389, 
53, 26500, 14.822,  8.609, -0.335, 
53, 26500, 14.126,  8.608, -0.171, 
53, 26500, 22.092, -2.668,  0.118, 
53, 26500, 34.690,  5.932,  1.147, 
53, 26500, 35.414, -0.547,  1.114, 
53, 26500, 20.545,  6.805,  0.613, 

54, 27000, 13.692, -2.148, -0.385, 
54, 27000, 22.104, -2.629, -0.016, 
54, 27000, 13.885, -2.249, -0.302, 
54, 27000, 20.262,  8.532,  0.302, 
54, 27000, 14.309, -2.861, -0.141, 
54, 27000, 50.629,  4.737, -0.073, 
54, 27000, 28.427,  6.543,  0.204, 
54, 27000, 14.623, -3.050, -0.199, 

55, 27500, 13.885, -2.248, -0.301, 
55, 27500, 14.268, -2.848, -0.128, 
55, 27500, 28.450,  6.691,  0.624, 
55, 27500, 22.178, -2.526, -0.015, 
55, 27500, 20.434,  7.024,  0.269, 
55, 27500, 35.357, -1.242,  1.447, 

56, 28000, 13.813, -2.244, -0.346, 
56, 28000, 14.150, -2.809, -0.165, 
56, 28000, 22.085, -2.777, -0.022, 
56, 28000, 35.350, -4.091,  1.813, 
56, 28000, 14.514, -3.021, -0.125, 
56, 28000, 14.773, -3.698, -0.056, 
56, 28000, 28.675,  6.296,  0.200, 
56, 28000, 20.694, -5.160,  0.439, 
56, 28000, 35.321,  4.819,  0.590, 
56, 28000, 26.293,  8.453,  0.410, 

57, 28500, 13.975, -2.433, -0.313, 
57, 28500, 14.287, -2.848, -0.116, 
57, 28500, 22.264, -2.528,  0.197, 
57, 28500, 14.904, -3.653,  0.103, 
57, 28500, 29.081,  5.397,  0.623, 
57, 28500, 34.823,  5.647,  0.268, 
57, 28500, 36.636, -1.528,  1.513, 
57, 28500, 25.925,  8.765,  0.593, 

58, 29000, 14.587, -2.989, -0.004, 
58, 29000, 15.026, -3.644,  0.129, 
58, 29000, 22.072, -2.567,  0.085, 
58, 29000, 28.528,  6.512,  0.196, 
58, 29000, 15.947, -2.200,  0.045, 
58, 29000, 14.337, -2.843, -0.113, 
58, 29000, 28.896,  8.897,  1.293, 
58, 29000, 36.466, -0.848,  1.605, 

59, 29500, 14.585, -3.007, -0.072, 
59, 29500, 14.973, -3.627,  0.113, 
59, 29500, 29.065,  5.733, -0.030, 
59, 29500, 22.415, -2.601,  0.085, 
59, 29500, 25.283, -4.912,  0.863, 
59, 29500, 14.361, -2.864, -0.074, 
59, 29500, 15.375, -4.396,  0.211, 
59, 29500, 34.895, -1.876,  1.655, 

60, 30000, 14.573, -2.958, -0.070, 
60, 30000, 14.981, -3.650,  0.056, 
60, 30000, 29.196,  5.533, -0.030, 
60, 30000, 15.338, -4.404,  0.195, 

61, 30500, 14.583, -3.063, -0.107, 
61, 30500, 14.964, -3.616,  0.081, 
61, 30500, 33.544,  5.713, -0.703, 
61, 30500, 15.393, -4.417,  0.064, 
61, 30500, 22.056, -2.847, -0.011, 
61, 30500, 29.014,  6.781, -0.031, 
61, 30500, 22.056, -2.813,  0.512, 
61, 30500, 20.913, -4.954,  0.068, 
61, 30500, 29.637,  5.554,  0.960, 
61, 30500, 25.208, -5.281,  0.383, 

62, 31000, 14.440, -3.322, -0.165, 
62, 31000, 15.018, -3.698, -0.004, 
62, 31000, 15.441, -4.461,  0.151, 
62, 31000, 29.415,  5.707, -0.031, 
62, 31000, 20.788, -4.915, -0.503, 
62, 31000, 20.897, -4.966,  0.203, 
62, 31000, 22.120, -2.791, -0.112, 
62, 31000, 25.305, -5.038,  0.483, 
62, 31000, 22.493, -48.492,  1.895, 
62, 31000, 20.996, -15.571,  0.860, 

63, 31500, 15.205, -3.943, -0.102, 
63, 31500, 15.417, -4.441,  0.166, 
63, 31500, 20.833, -5.081, -0.088, 
63, 31500, 17.913, -23.687,  0.848, 
63, 31500, 22.112, -2.616, -0.011, 
63, 31500, 22.095, -2.743,  0.475, 

64, 32000, 15.209, -3.971, -0.166, 
64, 32000, 15.520, -4.568,  0.162, 
64, 32000, 20.855, -4.760, -0.340, 
64, 32000, 15.628, -4.692, -0.005, 
64, 32000, 15.423, -4.451, -0.003, 
64, 32000, 22.117, -2.679, -0.108, 

65, 32500, 15.222, -4.151, -0.003, 
65, 32500, 15.517, -4.566,  0.020, 
65, 32500, 20.801, -4.980, -0.425, 
65, 32500, 15.591, -4.705, -0.059, 
65, 32500, 18.818, -22.291,  1.452, 
65, 32500, 15.202, -3.987, -0.162, 
65, 32500, 22.080, -2.717, -0.011, 
65, 32500, 20.871, -5.040,  0.218, 

66, 33000, 15.681, -4.841, -0.080, 
66, 33000, 15.229, -4.328, -0.130, 
66, 33000, 20.895, -5.090,  0.261, 
66, 33000, 21.008, -4.666,  0.362, 
66, 33000, 22.081, -2.611, -0.011, 
66, 33000, 16.318, -22.029,  0.732, 

67, 33500, 15.744, -5.082,  0.055, 
67, 33500, 15.702, -4.929, -0.102, 
67, 33500, 20.923, -5.202,  0.248, 
67, 33500, 15.084, -6.520,  0.038, 
67, 33500, 20.888, -4.868, -0.389, 

68, 34000, 15.763, -5.251,  0.067, 
68, 34000, 15.743, -5.125,  0.053, 
68, 34000, 20.914, -4.998, -0.008, 
68, 34000, 15.065, -6.486,  0.032, 
68, 34000, 20.873, -5.009, -0.468, 

69, 34500, 15.748, -5.331, -0.129, 
69, 34500, 20.922, -5.199, -0.008, 
69, 34500, 15.066, -6.504,  0.030, 
69, 34500, 20.880, -5.481, -0.463, 
69, 34500, 21.440, -8.802, -0.106, 
69, 34500, 20.865, -5.163, -0.547, 
69, 34500, 15.753, -5.209,  0.067, 
69, 34500, 21.138, -15.630,  0.309, 
69, 34500, 21.419, -8.089, -0.294, 
69, 34500, 20.957, -6.363,  0.161, 
69, 34500, 21.422, -7.524,  0.137, 

70, 35000, 15.656, -5.475, -0.027, 
70, 35000, 20.913, -5.563, -0.073, 
70, 35000, 15.042, -6.456,  0.028, 
70, 35000, 20.875, -5.672, -0.460, 

71, 35500, 15.469, -5.748,  0.122, 
71, 35500, 20.928, -6.106, -0.073, 
71, 35500, 15.047, -6.462,  0.027, 
71, 35500, 20.883, -6.141, -0.460, 
71, 35500, 15.088, -18.026,  0.506, 

72, 36000, 15.045, -6.519, -0.039, 
72, 36000, 20.929, -6.564,  0.050, 
72, 36000, 20.889, -6.575, -0.460, 
72, 36000, 20.941, -7.324, -0.079, 
72, 36000, 18.853, -24.710,  1.591, 
72, 36000, 20.940, -6.893, -0.148, 

73, 36500, 14.863, -6.930,  0.089, 
73, 36500, 20.933, -6.930,  0.108, 
73, 36500, 19.241, -25.204,  1.419, 
73, 36500, 15.025, -6.499,  0.082, 
73, 36500, 14.923, -10.046,  0.235, 

74, 37000, 14.796, -7.198, -0.498, 
74, 37000, 20.935, -7.415, -0.221, 
74, 37000, 14.856, -6.878, -0.083, 
74, 37000, 20.940, -7.011, -0.008, 
74, 37000, 21.383, -7.948, -0.083, 
74, 37000, 20.897, -7.046, -0.546, 
74, 37000, 21.350, -9.428, -0.091, 

75, 37500, 14.792, -7.629, -0.547, 
75, 37500, 20.945, -7.480, -0.008, 
75, 37500, 21.348, -7.925, -0.082, 
75, 37500, 20.899, -7.448, -0.552, 
75, 37500, 14.784, -9.936,  0.260, 
75, 37500, 14.462, -17.910,  0.442, 
75, 37500, 20.674, -15.849,  0.562, 

76, 38000, 14.783, -8.012, -0.544, 
76, 38000, 21.333, -8.254,  0.056, 
76, 38000, 19.206, -25.569,  1.552, 

77, 38500, 14.755, -8.516, -0.493, 
77, 38500, 21.329, -8.604, -0.009, 
77, 38500, 14.738, -9.955,  0.172, 
77, 38500, 14.424, -17.909,  0.616, 

78, 39000, 14.758, -8.897, -0.494, 
78, 39000, 21.329, -8.862,  0.056, 
78, 39000, 14.791, -9.998,  0.159, 
78, 39000, 14.715, -17.970,  0.385, 
78, 39000, 16.268, -17.601,  0.676, 

79, 39500, 14.773, -9.129, -0.553, 
79, 39500, 21.335, -9.224,  0.056, 
79, 39500, 14.820, -9.982,  0.164, 
79, 39500, 14.679, -17.985,  0.126, 
79, 39500, 16.968, -16.980,  0.309, 
79, 39500, 20.799, -15.837,  0.212, 

80, 40000, 14.768, -9.454, -0.551, 
80, 40000, 21.325, -9.558,  0.056, 
80, 40000, 14.819, -9.982,  0.165, 
80, 40000, 14.586, -17.927,  0.468, 
80, 40000, 17.085, -16.083, -0.013, 
80, 40000, 20.766, -15.855,  0.392, 

81, 40500, 14.816, -10.163, -0.174, 
81, 40500, 21.320, -10.047, -0.157, 
81, 40500, 14.600, -17.954,  0.449, 
81, 40500, 17.822, -15.468, -0.314, 
81, 40500, 20.814, -15.841,  0.625, 

82, 41000, 14.811, -10.413, -0.086, 
82, 41000, 21.315, -10.467, -0.008, 
82, 41000, 14.662, -17.974,  0.103, 
82, 41000, 17.920, -14.723,  0.176, 
82, 41000, 20.761, -15.858,  0.422, 

83, 41500, 14.813, -10.787, -0.128, 
83, 41500, 21.311, -10.906, -0.081, 
83, 41500, 14.657, -17.973,  0.106, 
83, 41500, 18.016, -14.302,  0.051, 
83, 41500, 20.851, -15.832,  0.088, 
83, 41500, 18.318, -13.912, -0.007, 
83, 41500, 21.344, -10.076, -0.083, 

84, 42000, 14.796, -10.811, -0.222, 
84, 42000, 21.275, -11.541, -0.009, 
84, 42000, 14.387, -17.882,  0.303, 
84, 42000, 18.468, -13.119,  0.169, 
84, 42000, 18.251, -13.323, -0.094, 
84, 42000, 21.347, -10.645, -0.009, 
84, 42000, 14.814, -10.759,  0.158, 
84, 42000, 17.920, -25.151,  0.574, 
84, 42000, 21.309, -11.102, -0.159, 
84, 42000, 14.660, -13.893,  0.271, 

85, 42500, 14.693, -11.500, -0.501, 
85, 42500, 21.254, -11.974,  0.056, 
85, 42500, 14.373, -17.848,  0.198, 
85, 42500, 18.438, -12.787, -0.116, 
85, 42500, 17.418, -25.184,  0.382, 
85, 42500, 18.612, -12.271, -0.065, 

86, 43000, 14.696, -11.788, -0.554, 
86, 43000, 18.563, -12.009, -0.192, 
86, 43000, 14.361, -17.857,  0.336, 
86, 43000, 20.622, -15.989, -0.109, 
86, 43000, 14.101, -21.813,  0.288, 
86, 43000, 14.641, -13.923, -0.064, 
86, 43000, 14.793, -14.263,  0.172, 
86, 43000, 18.810, -25.303,  1.203, 

87, 43500, 21.201, -12.690, -0.081, 
87, 43500, 14.200, -17.767,  0.079, 
87, 43500, 20.457, -16.040, -0.398, 
87, 43500, 13.882, -21.723,  0.277, 
87, 43500, 14.737, -14.233,  0.041, 
87, 43500, 16.176, -23.392,  0.310, 
87, 43500, 14.574, -13.814,  0.112, 
87, 43500, 20.516, -16.050, -0.010, 

88, 44000, 21.206, -12.875, -0.009, 
88, 44000, 14.430, -17.854,  0.074, 
88, 44000, 20.559, -15.927, -0.489, 
88, 44000, 14.132, -21.823,  0.391, 
88, 44000, 14.816, -14.319,  0.075, 
88, 44000, 20.576, -15.981,  0.264, 
88, 44000, 21.156, -13.899, -0.087, 
88, 44000, 14.589, -13.834,  0.170, 
88, 44000, 14.605, -12.714, -0.393, 

89, 44500, 21.216, -13.100, -0.081, 
89, 44500, 14.536, -17.938,  0.286, 
89, 44500, 20.557, -15.924, -0.578, 
89, 44500, 14.822, -14.315,  0.069, 
89, 44500, 20.663, -15.947, -0.093, 
89, 44500, 14.639, -12.959, -0.500, 
89, 44500, 14.682, -13.945,  0.172, 
89, 44500, 12.661, -17.327,  0.084, 
89, 44500, 19.175, -25.243,  0.964, 

90, 45000, 21.209, -13.449,  0.055, 
90, 45000, 14.377, -17.831,  0.273, 
90, 45000, 14.858, -14.357,  0.064, 
90, 45000, 14.583, -13.557, -0.342, 
90, 45000, 14.664, -13.904,  0.096, 
90, 45000, 21.190, -13.516, -0.414, 

91, 45500, 21.173, -13.836, -0.238, 
91, 45500, 14.458, -17.847,  0.344, 
91, 45500, 14.850, -14.344,  0.092, 
91, 45500, 14.685, -13.930,  0.179, 
91, 45500, 21.183, -13.856,  0.117, 
91, 45500, 20.650, -15.975, -0.008, 
91, 45500, 14.611, -13.627, -0.512, 

92, 46000, 21.166, -14.119, -0.079, 
92, 46000, 14.532, -17.936,  0.243, 
92, 46000, 14.849, -14.408,  0.136, 
92, 46000, 20.691, -16.047,  0.114, 
92, 46000, 14.839, -14.385, -0.125, 
92, 46000,  6.568, -17.706,  0.308, 
92, 46000, 20.622, -15.836, -0.583, 
92, 46000, 21.171, -14.554,  0.295, 
92, 46000, 12.800, -17.491, -0.011, 
92, 46000, 14.342, -21.893,  0.339, 

93, 46500, 21.165, -14.520, -0.078, 
93, 46500, 14.574, -17.974,  0.265, 
93, 46500, 14.676, -14.684,  0.067, 
93, 46500, 20.704, -16.010,  0.109, 
93, 46500,  6.597, -17.878,  0.142, 
93, 46500, 21.169, -14.836, -0.008, 
93, 46500, 20.631, -15.983, -0.470, 
93, 46500, 14.837, -14.421,  0.029, 
93, 46500, 14.537, -17.968, -0.083, 
93, 46500, 16.779, -23.439,  0.369, 

94, 47000, 21.162, -14.980, -0.315, 
94, 47000, 14.665, -18.038, -0.008, 
94, 47000, 14.669, -14.906, -0.089, 
94, 47000, 20.780, -15.777, -0.008, 
94, 47000,  6.687, -18.128,  0.141, 
94, 47000, 20.701, -15.747, -0.535, 
94, 47000, 17.010, -23.473, -0.017, 
94, 47000, 11.803, -15.475,  0.148, 
94, 47000, 14.652, -22.020,  0.103, 
94, 47000, -1.298, -18.752,  0.750, 
94, 47000, 17.914, -24.996,  0.890, 
94, 47000, 21.173, -14.829, -0.008, 

95, 47500, 20.669, -15.872, -0.613, 
95, 47500, 14.633, -18.036, -0.075, 
95, 47500, 20.723, -16.319,  0.195, 
95, 47500,  6.680, -17.968,  0.664, 
95, 47500, 17.083, -23.487, -0.024, 
95, 47500, 11.800, -15.316,  0.148, 
95, 47500, 14.500, -21.955,  0.287, 
95, 47500, -1.335, -18.187,  0.969, 
95, 47500, 20.736, -15.999, -0.007, 
95, 47500, 14.651, -18.038,  0.267, 

96, 48000, 20.658, -16.059, -0.518, 
96, 48000, 14.575, -17.967, -0.010, 
96, 48000, 20.709, -16.029, -0.069, 
96, 48000,  6.611, -17.793,  0.138, 
96, 48000, 16.709, -23.470, -0.145, 
96, 48000, 14.406, -21.939,  0.093, 
96, 48000, 15.657, -24.518,  0.679, 
96, 48000, 13.008, -17.744, -0.261, 
96, 48000, 29.573, -30.264, -0.382, 
96, 48000, 21.180, -15.199,  0.054, 
96, 48000, 30.909, -27.869,  1.415, 
96, 48000, 11.793, -15.260,  0.069, 

97, 48500, 20.638, -16.233, -0.598, 
97, 48500, 14.581, -17.996,  0.043, 
97, 48500, 20.701, -16.295,  0.047, 
97, 48500,  6.619, -18.018,  0.297, 
97, 48500, 16.753, -23.459, -0.138, 
97, 48500, 14.307, -21.873,  0.341, 
97, 48500, 10.193, -15.321,  0.187, 
97, 48500,  6.629, -17.899,  0.922, 
97, 48500, 19.719, -26.649,  0.302, 

98, 49000, 20.620, -16.797, -0.598, 
98, 49000, 14.513, -17.886,  0.080, 
98, 49000, 20.677, -16.837, -0.007, 
98, 49000, 16.259, -23.395, -0.261, 
98, 49000, 17.788, -25.146,  0.241, 
98, 49000, 14.427, -21.931,  0.173, 
98, 49000, 20.598, -17.330, -0.524, 
98, 49000, 16.807, -23.415, -0.137, 
98, 49000, 20.655, -16.502, -0.514, 
98, 49000, 31.807, -30.368,  1.255, 

99, 49500, 20.530, -17.702, -0.609, 
99, 49500, 14.501, -17.835, -0.105, 
99, 49500, 20.663, -17.088, -0.070, 
99, 49500, 14.261, -21.826,  0.156, 
99, 49500, 16.496, -23.408, -0.123, 
99, 49500, 20.593, -17.108, -0.603, 
99, 49500, 20.629, -17.534, -0.137, 
99, 49500, 15.496, -24.722,  0.690, 
99, 49500, 30.432, -28.635,  1.554, 
99, 49500, 17.959, -26.035,  0.659, 

100, 50000, 20.523, -17.748, -0.606, 
100, 50000, 14.502, -17.790, -0.005, 
100, 50000, 20.591, -17.718,  0.100, 
100, 50000, 14.082, -21.728,  0.073, 
100, 50000, 16.360, -23.402, -0.018, 
100, 50000, 31.690, -27.111,  0.496, 
100, 50000, 20.592, -17.740, -0.211, 

101, 50500, 20.510, -18.158, -0.530, 
101, 50500, 14.525, -17.876, -0.085, 
101, 50500, 14.151, -21.758, -0.097, 
101, 50500, 16.506, -23.421, -0.114, 
101, 50500, 30.203, -28.815,  1.340, 
101, 50500, 15.897, -23.444, -0.116, 
101, 50500, 18.405, -26.776,  0.801, 
101, 50500, 20.531, -18.488, -0.216, 
101, 50500, 14.530, -17.811,  0.143, 
101, 50500, 17.268, -25.116,  0.207, 

102, 51000, 20.503, -18.621, -0.634, 
102, 51000, 14.518, -17.963,  0.029, 
102, 51000, 14.175, -21.733,  0.124, 
102, 51000, 16.319, -23.416, -0.106, 
102, 51000, 30.670, -28.492,  1.236, 
102, 51000, 17.344, -25.100,  0.295, 
102, 51000, 31.926, -26.773, -0.665, 
102, 51000, 18.951, -26.787,  0.556, 
102, 51000, 28.655, -20.418,  0.158, 
102, 51000, 20.589, -18.367, -0.143, 

103, 51500, 14.516, -18.408, -0.004, 
103, 51500, 14.171, -21.822, -0.170, 
103, 51500, 16.365, -23.393, -0.103, 
103, 51500, 16.713, -23.399, -0.093, 
103, 51500, 31.839, -27.812, -0.678, 
103, 51500, 17.861, -25.090,  0.188, 
103, 51500, 11.637, -21.460,  0.530, 
103, 51500, 31.614, -27.530,  1.227, 
103, 51500, 32.561, -25.659,  0.489, 
103, 51500, 29.286, -30.279, -0.329, 

104, 52000, 14.514, -18.793,  0.173, 
104, 52000, 14.466, -21.965, -0.313, 
104, 52000, 16.464, -23.436, -0.184, 
104, 52000, 11.036, -21.760,  0.495, 
104, 52000, 31.079, -27.457,  1.189, 
104, 52000, 12.899, -21.819,  0.429, 
104, 52000, 32.568, -25.645,  0.489, 
104, 52000, 12.152, -21.745,  0.475, 
104, 52000,  6.449, -21.698,  0.428, 
104, 52000, 32.193, -40.545,  1.664, 

105, 52500, 14.499, -18.773, -0.004, 
105, 52500, 14.432, -21.922,  0.135, 
105, 52500, 29.447, -30.258, -0.637, 
105, 52500, 14.439, -21.954, -0.283, 
105, 52500, 16.658, -23.437, -0.086, 
105, 52500, 12.688, -21.913,  0.059, 

106, 53000, 14.494, -18.798,  0.090, 
106, 53000, 14.451, -21.939,  0.204, 
106, 53000, 16.570, -23.474, -0.234, 
106, 53000, 11.829, -21.864,  0.067, 
106, 53000, 14.503, -18.784, -0.133, 
106, 53000, 14.573, -22.314,  0.048, 
106, 53000, 12.714, -21.854,  0.057, 
106, 53000, 10.955, -21.805,  0.234, 
106, 53000, 15.838, -25.891,  0.520, 

107, 53500, 14.516, -18.779,  0.099, 
107, 53500, 14.431, -21.944,  0.196, 
107, 53500, 10.891, -21.697,  0.151, 
107, 53500, 11.822, -21.799,  0.286, 
107, 53500, 12.861, -19.156, -0.237, 
107, 53500, 16.579, -23.461, -0.225, 
107, 53500, 19.496, -26.687,  0.103, 
107, 53500, 14.789, -26.753,  0.198, 
107, 53500,  6.424, -21.537,  0.606, 
107, 53500, -0.305, -21.184,  1.257, 

108, 54000, 14.545, -18.779,  0.076, 
108, 54000, 14.339, -21.898,  0.163, 
108, 54000, 11.691, -21.603, -0.008, 
108, 54000, 12.894, -19.094, -0.269, 
108, 54000, 16.487, -23.494, -0.215, 
108, 54000, 14.493, -18.809, -0.116, 
108, 54000, 15.443, -26.681,  0.087, 
108, 54000, 15.709, -25.905,  0.466, 
108, 54000, 16.103, -23.597, -0.141, 

109, 54500, 14.382, -18.824,  0.019, 
109, 54500, 14.282, -21.881,  0.115, 
109, 54500, 11.803, -21.653,  0.197, 
109, 54500, 12.848, -19.045, -0.435, 
109, 54500, 16.383, -23.472, -0.137, 
109, 54500, 14.509, -26.748,  0.579, 
109, 54500, 15.282, -26.687,  0.085, 
109, 54500,  5.314, -21.141,  0.529, 
109, 54500, 12.431, -21.700,  0.253, 
109, 54500, 15.744, -25.737,  0.493, 
109, 54500, 12.908, -21.753,  0.201, 

110, 55000, 14.303, -18.830,  0.061, 
110, 55000, 14.203, -21.942, -0.038, 
110, 55000, 12.790, -19.064, -0.550, 
110, 55000, 16.081, -23.567, -0.133, 
110, 55000,  6.284, -21.872, -0.488, 
110, 55000,  6.402, -18.352, -0.323, 
110, 55000, 12.495, -21.791, -0.461, 
110, 55000, 15.549, -25.777,  0.493, 
110, 55000,  6.613, -22.104,  0.747, 
110, 55000,  5.744, -21.289,  0.812, 

111, 55500, 14.109, -18.846, -0.149, 
111, 55500, 14.126, -21.921, -0.003, 
111, 55500, 12.766, -19.149, -0.406, 
111, 55500, 15.794, -24.957,  0.419, 
111, 55500,  6.317, -21.536,  0.226, 
111, 55500, 10.996, -21.554,  0.219, 
111, 55500, 12.476, -21.738,  0.095, 
111, 55500, 12.529, -21.814, -0.188, 
111, 55500,  6.504, -18.311,  0.105, 

112, 56000, 13.853, -18.790, -0.003, 
112, 56000, 13.868, -21.902, -0.005, 
112, 56000, 12.825, -19.073, -0.490, 
112, 56000,  6.246, -21.497,  0.109, 
112, 56000, 11.795, -21.626,  0.209, 
112, 56000, 12.199, -21.686,  0.210, 
112, 56000, 12.463, -21.735, -0.081, 
112, 56000, 11.587, -21.649, -0.111, 
112, 56000, 13.347, -21.807,  0.023, 
112, 56000, 12.518, -21.732,  0.181, 
112, 56000, 12.685, -21.870,  0.180, 

113, 56500, 13.575, -18.803, -0.124, 
113, 56500, 13.429, -21.858, -0.004, 
113, 56500, 12.767, -19.175, -0.511, 
113, 56500, -20.026, -20.839, -0.067, 
113, 56500, 12.071, -21.787,  0.177, 
113, 56500, 12.561, -21.835, -0.110, 
113, 56500,  6.343, -21.990,  0.096, 
113, 56500, 12.967, -14.511,  0.166, 
113, 56500, -22.217, -17.283,  1.868, 
113, 56500,  6.184, -18.885, -0.150, 

114, 57000, 13.508, -18.790,  0.141, 
114, 57000, 13.020, -22.107, -0.003, 
114, 57000, 12.744, -19.160, -0.494, 
114, 57000, 12.198, -21.788,  0.162, 
114, 57000,  5.206, -21.349, -0.456, 
114, 57000, 13.181, -14.509, -0.112, 
114, 57000,  6.171, -18.804,  0.293, 
114, 57000,  6.447, -18.314, -0.014, 
114, 57000, 13.393, -21.860, -0.142, 
114, 57000, 12.483, -21.819, -0.155, 
114, 57000, 11.607, -21.780, -0.210, 
114, 57000, 12.522, -21.848,  0.086, 
114, 57000,  6.291, -21.759, -0.021, 
114, 57000, 10.704, -21.738, -0.274, 
114, 57000, -2.003, -20.244,  1.351, 
114, 57000, 13.380, -21.856,  0.127, 
114, 57000,  6.582, -14.464,  0.460, 
114, 57000,  6.270, -22.555, -0.144, 

115, 57500, 13.985, -14.877, -0.207, 
115, 57500, 12.456, -21.793, -0.114, 
115, 57500, 12.780, -19.157, -0.515, 
115, 57500,  6.238, -21.392, -0.013, 
115, 57500,  6.448, -18.312, -0.020, 
115, 57500, 12.655, -22.074, -0.064, 
115, 57500, 11.587, -21.736, -0.284, 
115, 57500,  9.809, -21.554, -0.459, 
115, 57500,  9.779, -21.525,  0.128, 

116, 58000, 12.491, -19.149, -0.524, 
116, 58000, 12.157, -22.031, -0.067, 
116, 58000,  6.223, -21.335, -0.019, 
116, 58000,  6.503, -18.121, -0.125, 
116, 58000, 12.433, -21.798, -0.084, 
116, 58000, 11.552, -21.720, -0.175, 
116, 58000,  9.803, -21.546, -0.241, 
116, 58000,  9.813, -21.531,  0.085, 
116, 58000, 11.717, -21.742,  0.143, 
116, 58000, -1.344, -17.190,  1.241, 

117, 58500, 12.191, -19.116, -0.518, 
117, 58500, 11.559, -21.703,  0.135, 
117, 58500,  6.196, -21.373, -0.118, 
117, 58500,  6.434, -18.213, -0.012, 
117, 58500, 12.088, -19.096, -0.517, 
117, 58500, 11.872, -19.078, -0.525, 
117, 58500, 10.645, -21.679, -0.264, 
117, 58500, 10.757, -19.009, -0.499, 
117, 58500,  9.788, -21.595, -0.223, 

118, 59000, 11.851, -19.075, -0.505, 
118, 59000, 11.304, -21.668,  0.134, 
118, 59000,  6.190, -21.421, -0.222, 
118, 59000,  6.464, -18.166, -0.110, 
118, 59000, 10.749, -18.968, -0.472, 
118, 59000,  9.748, -21.491,  0.094, 
118, 59000, 11.464, -21.680,  0.133, 
118, 59000, 11.823, -15.246,  0.197, 
118, 59000, 10.638, -21.667, -0.192, 
118, 59000,  8.032, -22.209, -0.318, 
118, 59000, 11.479, -21.716, -0.223, 

119, 59500, 11.336, -19.005, -0.504, 
119, 59500, 10.984, -21.623,  0.134, 
119, 59500,  6.148, -21.128, -0.404, 
119, 59500,  6.506, -18.020, -0.304, 
119, 59500, 10.783, -18.933, -0.514, 
119, 59500,  9.802, -21.486,  0.055, 
119, 59500, 11.191, -21.640,  0.134, 
119, 59500, 10.639, -21.587,  0.098, 
119, 59500,  8.007, -22.172, -0.229, 
119, 59500, -1.456, -17.054, -0.026, 
119, 59500, 10.555, -21.623, -0.176, 
119, 59500,  9.669, -21.511, -0.216, 
119, 59500, 11.419, -21.700,  0.135, 
119, 59500,  6.933, -14.113,  0.103, 

120, 60000, 11.070, -18.976, -0.533, 
120, 60000, 10.645, -21.581,  0.107, 
120, 60000,  6.152, -21.167, -0.492, 
120, 60000,  6.502, -18.017, -0.288, 
120, 60000, 10.741, -18.950, -0.523, 
120, 60000, 10.915, -21.613,  0.118, 
120, 60000,  7.999, -22.163,  0.049, 
120, 60000,  6.478, -18.037,  0.385, 
120, 60000,  7.979, -22.811, -0.012, 

121, 60500, 10.575, -18.923, -0.479, 
121, 60500, 10.296, -21.543,  0.079, 
121, 60500,  6.136, -21.263, -0.256, 
121, 60500,  6.465, -18.079, -0.360, 
121, 60500,  8.087, -22.364, -0.007, 
121, 60500,  9.642, -21.506, -0.173, 
121, 60500, 11.009, -18.906, -0.472, 
121, 60500,  6.212, -18.379, -0.091, 

122, 61000, 10.182, -18.889, -0.505, 
122, 61000,  9.859, -21.504,  0.079, 
122, 61000,  6.113, -21.220,  0.124, 
122, 61000,  6.442, -18.093, -0.086, 
122, 61000,  7.659, -22.507, -0.272, 
122, 61000,  6.104, -21.218, -0.253, 
122, 61000, -2.823, -18.810,  1.141, 
122, 61000,  4.237, -18.384, -0.631, 
122, 61000,  6.186, -22.874,  0.358, 
122, 61000,  5.930, -22.785, -0.010, 
122, 61000, -1.508, -17.253, -0.238, 

123, 61500,  9.821, -18.852, -0.503, 
123, 61500,  9.653, -21.503,  0.062, 
123, 61500,  6.116, -21.208, -0.011, 
123, 61500,  6.419, -18.100, -0.007, 
123, 61500,  7.887, -22.219, -0.226, 
123, 61500,  6.099, -22.830,  0.239, 
123, 61500, -1.524, -17.250, -0.023, 
123, 61500,  9.695, -18.856, -0.525, 
123, 61500,  6.820, -14.170, -0.013, 
123, 61500, 10.477, -15.150,  0.253, 
123, 61500,  7.939, -22.190, -0.619, 
123, 61500,  8.746, -23.151, -0.063, 
123, 61500,  5.950, -25.501,  0.348, 
123, 61500,  6.636, -22.903,  0.272, 
123, 61500,  4.245, -18.314, -0.564, 
123, 61500,  8.816, -23.096,  0.284, 

124, 62000,  9.494, -18.833, -0.491, 
124, 62000,  9.565, -21.776,  0.160, 
124, 62000,  6.080, -21.275, -0.291, 
124, 62000,  6.489, -17.930, -0.069, 
124, 62000,  8.067, -22.286, -0.153, 
124, 62000,  6.164, -22.840,  0.271, 
124, 62000,  9.368, -18.827, -0.517, 
124, 62000,  6.832, -14.149, -0.244, 
124, 62000,  9.611, -21.765, -0.393, 
124, 62000,  6.835, -22.821,  0.107, 
124, 62000,  9.226, -18.823, -0.521, 
124, 62000,  8.725, -22.975,  0.041, 
124, 62000,  9.695, -18.857, -0.525, 

125, 62500,  9.017, -18.798, -0.510, 
125, 62500,  6.098, -21.183, -0.181, 
125, 62500,  6.489, -18.070,  0.159, 
125, 62500,  8.003, -22.223, -0.148, 
125, 62500,  6.959, -14.143, -0.115, 
125, 62500,  8.721, -23.036, -0.118, 
125, 62500,  6.888, -22.846, -0.359, 
125, 62500,  6.252, -18.331,  0.190, 
125, 62500,  9.555, -15.070, -0.010, 
125, 62500, -17.697, -16.649, -0.054, 
125, 62500, -1.481, -17.242,  0.139, 

126, 63000,  6.106, -21.181,  0.117, 
126, 63000,  6.528, -18.046,  0.037, 
126, 63000,  8.017, -22.326,  0.072, 
126, 63000,  7.013, -14.136,  0.240, 
126, 63000,  8.662, -23.054, -0.318, 
126, 63000,  6.259, -18.307,  0.038, 
126, 63000,  9.689, -15.084, -0.180, 
126, 63000, -1.418, -17.080,  0.288, 
126, 63000,  9.007, -18.794, -0.533, 
126, 63000,  5.920, -22.699, -0.012, 
126, 63000,  8.636, -23.069,  0.089, 
126, 63000,  6.875, -22.809,  0.096, 
126, 63000,  4.289, -18.257, -0.356, 
126, 63000,  7.936, -22.230, -0.619, 
126, 63000,  8.068, -12.646,  0.294, 

127, 63500,  6.061, -21.204, -0.217, 
127, 63500,  6.243, -18.326,  0.175, 
127, 63500,  7.974, -22.216, -0.190, 
127, 63500,  7.065, -14.121,  0.075, 
127, 63500,  8.971, -14.077, -0.011, 
127, 63500, -1.404, -17.112,  0.693, 
127, 63500,  6.865, -22.813,  0.139, 
127, 63500,  4.258, -18.394, -0.403, 
127, 63500,  6.502, -18.069,  0.131, 
127, 63500,  6.262, -18.265, -0.100, 
127, 63500,  6.024, -22.821,  0.335, 
127, 63500,  7.990, -22.228,  0.174, 
127, 63500,  5.895, -22.771, -0.146, 

128, 64000,  6.042, -21.197, -0.241, 
128, 64000,  6.273, -18.327,  0.063, 
128, 64000,  7.649, -22.483, -0.052, 
128, 64000,  6.980, -14.145,  0.231, 
128, 64000,  8.852, -14.078,  0.299, 
128, 64000, -1.475, -17.267,  0.496, 
128, 64000,  5.651, -25.212,  0.164, 
128, 64000,  4.259, -18.392, -0.403, 
128, 64000,  7.963, -22.225, -0.141, 
128, 64000,  7.852, -12.663,  0.198, 
128, 64000,  6.437, -18.103, -0.041, 
128, 64000,  6.912, -22.852,  0.091, 
128, 64000, -17.679, -16.539, -0.487, 
128, 64000,  5.885, -22.747, -0.067, 

129, 64500,  5.988, -21.181, -0.161, 
129, 64500,  6.196, -18.359,  0.056, 
129, 64500,  7.194, -22.921, -0.061, 
129, 64500,  6.859, -14.141, -0.011, 
129, 64500,  8.623, -13.596, -0.230, 
129, 64500, -1.454, -17.098,  0.119, 
129, 64500,  5.651, -25.212,  0.162, 
129, 64500,  4.224, -18.359, -0.419, 
129, 64500,  7.519, -22.492, -0.273, 
129, 64500,  6.464, -18.094, -0.005, 
129, 64500,  6.861, -22.855,  0.042, 
129, 64500,  7.516, -22.482, -0.532, 
129, 64500,  6.207, -18.350, -0.194, 

130, 65000,  6.090, -21.207, -0.005, 
130, 65000,  6.177, -18.342,  0.045, 
130, 65000,  6.851, -22.842, -0.121, 
130, 65000,  6.421, -18.086, -0.035, 
130, 65000,  6.793, -14.152,  0.221, 
130, 65000, -1.506, -17.184,  0.115, 
130, 65000,  4.222, -18.357, -0.480, 
130, 65000,  6.905, -22.834,  0.222, 
130, 65000,  3.922, -20.895, -0.341, 
130, 65000,  7.224, -22.929,  0.043, 

131, 65500,  6.112, -21.214, -0.127, 
131, 65500,  6.203, -18.367,  0.054, 
131, 65500,  6.488, -22.892,  0.042, 
131, 65500,  6.458, -18.095,  0.081, 
131, 65500,  5.036, -21.053,  0.029, 
131, 65500,  6.873, -22.863, -0.006, 
131, 65500,  4.166, -18.425, -0.266, 
131, 65500, -1.610, -17.590,  0.446, 
131, 65500, -19.152, -15.849,  1.352, 

132, 66000,  6.032, -21.202, -0.003, 
132, 66000,  6.212, -18.374,  0.067, 
132, 66000,  5.137, -21.082, -0.005, 

133, 66500,  5.632, -21.179, -0.059, 
133, 66500,  5.942, -18.365,  0.016, 
133, 66500,  5.092, -21.066,  0.046, 
133, 66500,  4.181, -18.436, -0.488, 
133, 66500,  5.764, -18.346, -0.002, 
133, 66500,  5.777, -21.183, -0.090, 
133, 66500,  3.342, -20.828, -0.060, 
133, 66500,  3.784, -20.869, -0.529, 
133, 66500,  3.966, -21.095, -0.243, 
133, 66500, -1.601, -17.557,  0.214, 

134, 67000,  5.333, -21.162, -0.003, 
134, 67000,  5.517, -18.058,  0.020, 
134, 67000,  5.047, -21.062,  0.044, 
134, 67000,  4.141, -18.491, -0.445, 
134, 67000,  5.291, -14.074,  0.071, 
134, 67000, -1.592, -17.587,  0.384, 
134, 67000,  5.724, -18.333,  0.087, 
134, 67000,  4.631, -14.101,  0.072, 
134, 67000,  3.387, -20.907,  0.074, 

135, 67500,  4.818, -21.050,  0.042, 
135, 67500,  5.656, -14.162, -0.201, 
135, 67500,  4.117, -18.515, -0.469, 
135, 67500,  4.602, -14.089, -0.208, 
135, 67500, -1.619, -17.621,  0.096, 
135, 67500,  5.519, -18.030, -0.151, 
135, 67500,  2.109, -20.952, -0.422, 
135, 67500,  5.376, -21.193, -0.093, 
135, 67500,  5.130, -21.100, -0.186, 
135, 67500,  3.864, -20.926, -0.549, 
135, 67500,  4.978, -21.078,  0.043, 

136, 68000,  4.475, -21.042,  0.042, 
136, 68000,  5.248, -14.034,  0.072, 
136, 68000,  4.121, -18.550, -0.505, 
136, 68000,  4.607, -14.093,  0.071, 
136, 68000, -1.612, -17.635,  0.273, 
136, 68000,  2.096, -20.944, -0.526, 
136, 68000,  3.887, -20.932, -0.597, 
136, 68000,  3.369, -20.917,  0.052, 
136, 68000,  3.015, -20.925, -0.163, 
136, 68000,  3.534, -14.039,  0.073, 

137, 68500,  4.103, -21.035,  0.064, 
137, 68500,  4.511, -14.086,  0.071, 
137, 68500,  4.116, -18.529, -0.477, 
137, 68500, -1.629, -17.718, -0.018, 
137, 68500,  3.898, -20.948, -0.542, 
137, 68500,  3.399, -20.909, -0.003, 
137, 68500,  3.013, -20.882, -0.150, 
137, 68500,  2.298, -20.916,  0.100, 
137, 68500,  5.155, -14.023,  0.072, 
137, 68500,  2.103, -20.937, -0.508, 
137, 68500,  1.991, -13.961,  0.168, 

138, 69000,  3.763, -20.987,  0.042, 
138, 69000,  3.945, -13.952,  0.072, 
138, 69000,  3.886, -18.537, -0.509, 
138, 69000, -1.579, -17.607,  0.161, 
138, 69000,  3.353, -20.879,  0.021, 
138, 69000,  3.002, -20.871, -0.194, 
138, 69000,  1.906, -20.889,  0.105, 
138, 69000,  4.631, -14.114,  0.071, 
138, 69000,  2.105, -20.975, -0.484, 
138, 69000,  3.969, -21.012,  0.041, 
138, 69000,  3.759, -20.932, -0.576, 
138, 69000,  4.044, -18.549, -0.506, 

139, 69500,  3.382, -20.882, -0.082, 
139, 69500,  3.421, -18.494, -0.490, 
139, 69500,  3.582, -18.519, -0.510, 
139, 69500, -1.603, -17.667,  0.156, 
139, 69500,  3.035, -20.909,  0.061, 
139, 69500,  2.994, -20.870, -0.194, 
139, 69500,  2.092, -20.956, -0.432, 
139, 69500,  3.079, -20.877, -0.547, 
139, 69500,  0.598, -20.848, -0.130, 
139, 69500,  3.232, -20.923, -0.524, 
139, 69500,  2.423, -13.990,  0.073, 
139, 69500, -0.920, -13.628,  0.095, 

140, 70000,  2.988, -20.864, -0.203, 
140, 70000,  3.131, -18.500, -0.525, 
140, 70000, -1.588, -17.661,  0.150, 
140, 70000,  2.703, -20.952,  0.085, 
140, 70000,  2.091, -20.938, -0.518, 
140, 70000,  0.548, -20.863, -0.419, 
140, 70000,  2.439, -13.988,  0.071, 
140, 70000,  1.022, -20.867,  0.102, 
140, 70000,  3.330, -18.515, -0.523, 
140, 70000,  3.373, -14.027,  0.071, 
140, 70000,  3.371, -20.909, -0.173, 
140, 70000,  3.020, -20.922,  0.041, 
140, 70000,  3.393, -20.937,  0.020, 
140, 70000, -0.905, -13.584,  0.198, 

141, 70500,  2.665, -20.947,  0.061, 
141, 70500,  2.832, -18.467, -0.484, 
141, 70500, -1.606, -17.685, -0.009, 
141, 70500,  2.510, -20.945,  0.083, 
141, 70500,  0.555, -20.883, -0.152, 
141, 70500,  2.630, -18.452, -0.487, 
141, 70500,  2.929, -18.483, -0.525, 
141, 70500,  3.035, -13.955,  0.153, 
141, 70500,  2.989, -20.865, -0.203, 
141, 70500, -0.928, -13.655,  0.088, 
141, 70500,  2.060, -20.960, -0.486, 
141, 70500, -1.591, -17.677,  0.332, 
141, 70500, -3.537, -13.094,  0.248, 

142, 71000,  2.287, -20.936,  0.081, 
142, 71000,  2.456, -18.434, -0.483, 
142, 71000, -1.587, -17.634,  0.119, 
142, 71000,  0.522, -20.837,  0.123, 
142, 71000,  2.392, -13.990, -0.011, 
142, 71000, -0.890, -13.590,  0.086, 
142, 71000,  2.033, -20.923,  0.083, 
142, 71000,  1.980, -20.849, -0.673, 
142, 71000,  1.339, -13.934,  0.072, 
142, 71000,  0.109, -20.800,  0.140, 
142, 71000,  0.543, -20.870, -0.146, 
142, 71000,  2.041, -20.943, -0.485, 
142, 71000,  2.580, -20.938,  0.062, 

143, 71500,  1.861, -20.904,  0.081, 
143, 71500, -1.600, -17.662,  0.113, 
143, 71500,  1.701, -20.895,  0.081, 
143, 71500,  1.341, -13.939, -0.109, 
143, 71500,  0.507, -20.860, -0.329, 
143, 71500, -0.585, -20.787, -0.241, 
143, 71500,  2.358, -18.421, -0.510, 
143, 71500, -0.304, -20.751,  0.172, 
143, 71500,  1.949, -20.935, -0.505, 
143, 71500,  2.864, -13.961,  0.071, 
143, 71500, -3.363, -13.082, -0.164, 

144, 72000,  1.531, -20.886,  0.096, 
144, 72000, -1.599, -17.615,  0.049, 
144, 72000,  1.296, -20.875,  0.098, 
144, 72000,  1.331, -13.934, -0.102, 
144, 72000, -0.295, -20.787,  0.210, 
144, 72000, -3.459, -13.096,  0.318, 
144, 72000, -0.859, -13.614, -0.235, 
144, 72000,  1.794, -20.892,  0.080, 

145, 72500,  1.035, -20.868,  0.113, 
145, 72500, -1.607, -17.666,  0.231, 
145, 72500,  1.326, -13.917,  0.070, 
145, 72500, -0.690, -20.744,  0.199, 
145, 72500, -0.860, -13.612,  0.078, 
145, 72500,  0.898, -20.858,  0.099, 
145, 72500,  2.053, -13.929,  0.147, 
145, 72500, -0.650, -20.797, -0.403, 
145, 72500, -1.106, -20.719,  0.232, 
145, 72500, -1.735, -20.716, -0.064, 
145, 72500, -3.294, -13.061,  0.099, 
145, 72500, -4.271, -13.422,  0.223, 
145, 72500, -1.689, -20.690,  0.279, 

146, 73000,  0.703, -20.858,  0.124, 
146, 73000, -1.564, -17.673, -0.006, 
146, 73000,  1.383, -13.924,  0.145, 
146, 73000, -1.096, -20.735,  0.229, 
146, 73000, -0.783, -13.614,  0.164, 
146, 73000,  0.502, -20.826,  0.139, 
146, 73000, -1.582, -20.697,  0.257, 
146, 73000, -3.446, -13.102,  0.305, 
146, 73000,  0.257, -20.962, -0.573, 
146, 73000, -0.378, -20.782,  0.184, 
146, 73000,  0.596, -20.867, -0.125, 
146, 73000,  0.861, -20.859,  0.111, 
146, 73000, -1.373, -13.735,  0.307, 

147, 73500,  0.194, -20.824,  0.142, 
147, 73500, -1.535, -17.678,  0.215, 
147, 73500,  1.380, -13.928,  0.070, 
147, 73500, -1.701, -20.826, -0.008, 
147, 73500, -0.810, -13.640, -0.325, 
147, 73500, -0.512, -20.804,  0.173, 
147, 73500,  0.137, -21.094, -0.072, 
147, 73500,  0.495, -20.825,  0.139, 
147, 73500,  0.042, -20.950, -0.541, 
147, 73500, -1.306, -13.713,  0.409, 
147, 73500,  0.612, -13.413,  0.163, 
147, 73500, -3.390, -13.105,  0.294, 
147, 73500, -0.180, -20.938,  0.162, 

148, 74000,  0.171, -20.835,  0.141, 
148, 74000, -1.560, -17.691,  0.098, 
148, 74000,  1.023, -13.519, -0.012, 
148, 74000, -1.703, -20.811, -0.005, 
148, 74000, -1.364, -13.731,  0.157, 
148, 74000, -0.516, -20.810,  0.152, 
148, 74000, -0.212, -21.075, -0.146, 
148, 74000,  0.193, -13.405,  0.232, 
148, 74000, -0.513, -20.818, -0.066, 
148, 74000,  0.070, -20.936, -0.648, 
148, 74000, -0.875, -13.622, -0.107, 

149, 74500, -0.164, -20.915,  0.151, 
149, 74500, -1.565, -17.689, -0.039, 
149, 74500, -0.052, -13.387,  0.301, 
149, 74500, -1.668, -20.754,  0.111, 
149, 74500, -1.333, -13.734,  0.226, 
149, 74500, -0.512, -20.822,  0.068, 
149, 74500, -0.217, -20.795, -0.646, 
149, 74500, -0.879, -13.613, -0.011, 
149, 74500, -1.550, -17.686,  0.175, 

150, 75000, -1.558, -17.668,  0.113, 
150, 75000, -0.844, -13.630,  0.154, 
150, 75000, -1.700, -20.735,  0.053, 
150, 75000, -1.332, -13.718,  0.071, 
150, 75000, -0.852, -21.036,  0.051, 
150, 75000, -0.568, -20.793, -0.354, 

151, 75500, -1.568, -17.680,  0.022, 
151, 75500, -1.487, -13.741,  0.215, 
151, 75500, -1.672, -20.763,  0.050, 
151, 75500, -1.291, -21.019, -0.036, 
151, 75500, -3.181, -21.137,  0.176, 
151, 75500, -1.669, -20.760, -0.174, 
151, 75500, -1.530, -13.745, -0.306, 

152, 76000, -1.652, -17.724,  0.038, 
152, 76000, -1.712, -20.749, -0.129, 
152, 76000, -1.697, -20.753,  0.088, 

153, 76500, -2.024, -17.709,  0.017, 
153, 76500, -2.023, -20.792,  0.107, 
153, 76500, -4.928, -13.546,  0.081, 
153, 76500, -1.715, -20.751,  0.118, 
153, 76500, -3.299, -21.121, -0.049, 
153, 76500, -1.744, -20.754, -0.323, 
153, 76500, -2.275, -20.783,  0.023, 

154, 77000, -2.427, -17.695,  0.037, 
154, 77000, -2.321, -20.780,  0.048, 
154, 77000, -4.988, -13.576, -0.012, 
154, 77000, -2.128, -17.703,  0.053, 

155, 77500, -2.449, -17.685,  0.036, 
155, 77500, -2.550, -20.793,  0.158, 
155, 77500, -5.074, -13.656, -0.012, 
155, 77500, -2.550, -20.811, -0.067, 
155, 77500, -3.647, -13.161,  0.240, 
155, 77500, -3.815, -21.084,  0.218, 
155, 77500, -2.985, -21.105, -0.041, 
155, 77500, -3.851, -21.079, -0.090, 
155, 77500, -4.395, -13.596, -0.325, 
155, 77500, -11.366, -21.473,  0.125, 

156, 78000, -3.022, -21.126, -0.042, 
156, 78000, -5.126, -13.700,  0.156, 
156, 78000, -4.574, -13.500,  0.157, 
156, 78000, -3.762, -21.092,  0.164, 
156, 78000, -3.240, -21.142, -0.083, 
156, 78000, -6.230, -21.084, -0.011, 
156, 78000, -2.417, -13.725, -0.010, 
156, 78000, -3.784, -21.095, -0.277, 
156, 78000, -2.942, -21.146, -0.474, 
156, 78000, -3.838, -13.368, -0.212, 

157, 78500, -3.695, -21.119, -0.005, 
157, 78500, -5.266, -13.777,  0.150, 
157, 78500, -4.536, -13.622, -0.106, 
157, 78500, -3.927, -21.197,  0.031, 
157, 78500, -2.574, -13.711,  0.068, 
157, 78500, -3.379, -21.167, -0.274, 
157, 78500, -11.216, -21.737,  0.427, 
157, 78500, -8.869, -13.117,  0.619, 

158, 79000, -4.075, -21.171,  0.031, 
158, 79000, -5.151, -13.704,  0.146, 
158, 79000, -2.422, -13.749,  0.273, 
158, 79000, -11.305, -21.505,  0.488, 
158, 79000, -4.373, -21.157, -0.188, 
158, 79000, -3.692, -13.253,  0.342, 
158, 79000, -4.489, -13.602, -0.301, 

159, 79500, -4.333, -21.203,  0.033, 
159, 79500, -5.101, -13.714,  0.141, 
159, 79500, -2.529, -13.365, -0.107, 
159, 79500, -11.303, -21.512,  0.483, 
159, 79500, -4.675, -21.177, -0.194, 
159, 79500, -4.415, -13.579, -0.195, 
159, 79500, -4.405, -21.189, -0.243, 
159, 79500, -4.606, -21.187,  0.131, 
159, 79500, -6.318, -21.152,  0.044, 
159, 79500, -6.843, -21.160,  0.102, 

160, 80000, -4.785, -21.211,  0.034, 
160, 80000, -5.183, -13.706,  0.138, 
160, 80000, -11.239, -21.631,  0.454, 
160, 80000, -5.311, -21.174,  0.108, 
160, 80000, -4.362, -13.582,  0.141, 
160, 80000, -8.854, -13.133,  0.358, 
160, 80000, -4.404, -13.606, -0.286, 

161, 80500, -5.138, -21.209,  0.228, 
161, 80500, -5.161, -13.730,  0.251, 
161, 80500, -11.187, -21.649,  0.362, 
161, 80500, -5.403, -21.178, -0.005, 
161, 80500, -6.642, -13.515, -0.201, 
161, 80500, -5.671, -21.136, -0.005, 

162, 81000, -5.696, -21.119,  0.104, 
162, 81000, -5.487, -13.702, -0.010, 
162, 81000, -11.227, -21.598,  0.463, 

163, 81500, -6.025, -21.156,  0.109, 
163, 81500, -5.469, -13.755,  0.133, 
163, 81500, -11.151, -21.694,  0.482, 
163, 81500, -7.809, -20.735, -0.366, 
163, 81500, -6.329, -21.183, -0.005, 
163, 81500, -5.680, -21.126, -0.148, 
163, 81500, -7.682, -21.097,  0.174, 

164, 82000, -6.318, -21.211,  0.143, 
164, 82000, -5.629, -13.732,  0.062, 
164, 82000, -6.558, -21.216, -0.006, 
164, 82000, -6.021, -21.180,  0.188, 
164, 82000, -7.035, -13.583, -0.183, 
164, 82000, -11.026, -22.165,  0.313, 
164, 82000, -6.893, -21.211,  0.223, 
164, 82000, -6.494, -13.544,  0.138, 
164, 82000, -6.252, -21.223, -0.213, 

165, 82500, -6.529, -21.252,  0.114, 
165, 82500, -5.676, -13.733,  0.134, 
165, 82500, -6.998, -13.583, -0.184, 
165, 82500, -6.508, -13.539,  0.137, 
165, 82500, -10.036, -23.084, -0.109, 
165, 82500, -11.030, -22.180,  0.311, 
165, 82500, -6.540, -21.261, -0.160, 
165, 82500, -6.904, -21.213, -0.537, 
165, 82500, -9.470, -13.613, -0.011, 
165, 82500, -6.607, -21.219, -0.530, 
165, 82500, -10.250, -13.503,  0.444, 

166, 83000, -7.074, -21.261,  0.038, 
166, 83000, -5.688, -13.741,  0.130, 
166, 83000, -7.284, -13.577,  0.134, 
166, 83000, -9.534, -13.647, -0.107, 
166, 83000, -6.996, -21.227, -0.543, 
166, 83000, -7.590, -21.235, -0.006, 
166, 83000, -6.449, -13.533, -0.092, 
166, 83000, -19.765, -7.520,  0.686, 
166, 83000, -11.091, -22.191,  0.156, 
166, 83000, -9.783, -27.326,  0.263, 

167, 83500, -7.555, -21.221, -0.006, 
167, 83500, -5.916, -13.624,  0.064, 
167, 83500, -7.366, -13.553, -0.009, 
167, 83500, -9.194, -13.525, -0.193, 
167, 83500, -19.728, -7.518,  0.671, 
167, 83500, -11.036, -21.914,  0.394, 
167, 83500, -9.190, -13.341,  0.284, 
167, 83500, -10.036, -13.365,  0.346, 
167, 83500, -11.144, -22.128, -0.198, 
167, 83500, -9.998, -23.125, -0.104, 

168, 84000, -7.218, -13.584, -0.009, 
168, 84000, -9.444, -13.583, -0.098, 
168, 84000, -19.658, -7.434,  0.657, 
168, 84000, -10.069, -13.375,  0.219, 
168, 84000, -10.991, -21.939,  0.386, 
168, 84000, -9.955, -23.168, -0.011, 

169, 84500, -7.505, -13.548, -0.009, 
169, 84500, -9.434, -13.565, -0.180, 
169, 84500, -10.354, -13.518,  0.214, 
169, 84500, -8.051, -13.480, -0.009, 
169, 84500, -10.962, -21.966,  0.339, 
169, 84500, -9.088, -13.373,  0.253, 

170, 85000, -9.569, -13.645, -0.172, 
170, 85000, -10.395, -13.536,  0.141, 
170, 85000, -18.761, -28.777,  1.139, 
170, 85000, -11.075, -22.181, -0.091, 
170, 85000, -11.026, -22.027,  0.330, 
170, 85000, -10.678, -24.471,  0.351, 
170, 85000, -8.991, -13.415, -0.173, 

171, 85500, -9.579, -13.588, -0.172, 
171, 85500, -10.566, -13.573,  0.332, 
171, 85500, -8.115, -13.492, -0.009, 
171, 85500, -10.915, -22.008,  0.278, 
171, 85500, -10.611, -24.472, -0.013, 

172, 86000, -9.430, -13.576, -0.244, 
172, 86000, -10.696, -13.632,  0.243, 
172, 86000, -8.110, -13.479, -0.086, 
172, 86000, -19.041, -34.039,  0.982, 
172, 86000, -9.080, -13.397,  0.236, 
172, 86000, -11.012, -22.001,  0.345, 
172, 86000, -8.973, -13.450, -0.252, 
172, 86000, -10.722, -24.435, -0.128, 

173, 86500, -9.554, -13.564, -0.242, 
173, 86500, -10.362, -13.525,  0.123, 
173, 86500, -8.082, -13.493, -0.086, 
173, 86500, -8.968, -13.448, -0.248, 
173, 86500, -11.104, -21.974,  0.277, 
173, 86500, -17.753, -19.399,  0.426, 

174, 87000, -9.548, -13.555, -0.232, 
174, 87000, -10.677, -13.578,  0.166, 
174, 87000, -8.128, -13.493, -0.086, 
174, 87000, -11.119, -21.927,  0.276, 
174, 87000, -19.383, -33.911,  0.977, 
174, 87000, -17.763, -19.350,  0.574, 
174, 87000, -10.769, -13.435, -0.337, 
174, 87000, -20.572,  3.142,  1.628, 

175, 87500, -9.526, -13.572, -0.228, 
175, 87500, -10.683, -13.575,  0.205, 
175, 87500, -18.734, -28.867,  1.002, 
175, 87500, -20.867,  2.984,  1.422, 
175, 87500, -19.256, -33.871,  0.745, 
175, 87500, -11.676, -12.641,  0.069, 

176, 88000, -9.548, -13.564, -0.304, 
176, 88000, -10.692, -13.564,  0.153, 
176, 88000, -20.803,  3.045,  0.634, 
176, 88000, -18.489, -29.324,  0.585, 
176, 88000, -11.594, -12.629,  0.061, 
176, 88000, -10.798, -13.446, -0.308, 
176, 88000, -8.372, -13.197, -0.177, 

177, 88500, -9.741, -13.499, -0.301, 
177, 88500, -10.797, -13.569,  0.146, 
177, 88500, -11.677, -12.643,  0.126, 
177, 88500, -10.990, -13.458, -0.360, 
177, 88500, -9.224, -13.364, -0.327, 
177, 88500, -19.049, -24.954,  0.577, 

178, 89000, -9.707, -13.492, -0.300, 
178, 89000, -10.778, -13.586,  0.144, 
178, 89000, -11.648, -12.617,  0.120, 
178, 89000, -17.727, -19.630,  0.358, 
178, 89000, -19.067, -24.989,  0.574, 

179, 89500, -9.692, -13.517, -0.380, 
179, 89500, -10.819, -13.570,  0.136, 
179, 89500, -11.717, -12.650, -0.008, 
179, 89500, -21.184,  2.819,  1.539, 

180, 90000, -10.745, -13.595,  0.171, 
180, 90000, -11.751, -12.619, -0.078, 
180, 90000, -21.657,  2.972,  1.148, 
180, 90000, -15.962,  5.372,  1.956, 
180, 90000, -9.712, -13.524, -0.297, 
180, 90000, -19.266, -16.993,  0.298, 

181, 90500, -11.075, -13.477,  0.086, 
181, 90500, -11.974, -12.662, -0.072, 
181, 90500, -10.027, -13.247, -0.220, 
181, 90500, -21.371,  3.088,  0.596, 
181, 90500, -17.783, -19.582, -0.239, 
181, 90500, -17.133,  5.144,  1.710, 
181, 90500, -11.410, -13.226, -0.121, 
181, 90500, -19.513, -21.717,  0.465, 
181, 90500, -19.693, -19.012,  0.318, 

182, 91000, -11.117, -13.482,  0.082, 
182, 91000, -12.028, -12.634, -0.067, 
182, 91000, -9.901, -13.431, -0.071, 
182, 91000, -15.016, 11.409,  1.428, 
182, 91000, -17.745, -19.713, -0.359, 
182, 91000, -11.449, -13.188, -0.118, 
182, 91000, -18.903,  6.090,  2.018, 
182, 91000, -19.652, -19.167,  0.100, 

183, 91500, -11.210, -13.438,  0.039, 
183, 91500, -12.016, -12.662, -0.062, 
183, 91500, -9.884, -13.465, -0.141, 
183, 91500, -16.368, 11.205,  1.109, 
183, 91500, -11.136, -13.416, -0.223, 
183, 91500, -17.696, -19.753, -0.482, 
183, 91500, -11.409, -13.179, -0.171, 
183, 91500, -19.665, -19.132,  0.305, 
183, 91500, -21.942,  2.477,  1.052, 

184, 92000, -11.295, -13.354, -0.148, 
184, 92000, -12.042, -12.619, -0.116, 
184, 92000, -9.940, -13.383, -0.135, 
184, 92000, -11.437, -13.227,  0.109, 
184, 92000, -12.619, -11.206, -0.008, 
184, 92000, -21.860,  2.599,  0.816, 
184, 92000, -15.983,  8.583,  2.094, 
184, 92000, -17.385,  5.125,  0.583, 
184, 92000, -19.666, -19.151,  0.207, 

185, 92500, -11.422, -13.202, -0.198, 
185, 92500, -12.062, -12.635, -0.100, 
185, 92500, -11.413, -13.213,  0.132, 
185, 92500, -11.188, -13.438, -0.246, 

186, 93000, -11.425, -13.213, -0.177, 
186, 93000, -12.180, -12.557,  0.130, 
186, 93000, -11.400, -13.256,  0.160, 
186, 93000, -11.994, -12.665, -0.083, 
186, 93000, -12.199, -12.546, -0.192, 
186, 93000, -11.247, -13.420,  0.180, 

187, 93500, -11.422, -13.265, -0.169, 
187, 93500, -12.380, -12.430,  0.057, 
187, 93500, -11.402, -13.237,  0.060, 
187, 93500, -12.146, -12.609, -0.193, 
187, 93500, -18.185,  6.403,  1.861, 
187, 93500, -11.235, -13.463,  0.176, 
187, 93500, -14.613, 10.491,  2.150, 

188, 94000, -11.420, -13.186,  0.185, 
188, 94000, -12.341, -12.446,  0.074, 
188, 94000, -12.195, -12.557, -0.005, 
188, 94000, -11.397, -13.262, -0.162, 
188, 94000, -21.317,  2.859,  0.754, 

189, 94500, -11.440, -13.057,  0.179, 
189, 94500, -12.354, -12.426,  0.064, 
189, 94500, -11.275, -12.887, -0.324, 

190, 95000, -12.379, -12.402, -0.004, 
190, 95000, -12.329, -12.380, -0.263, 
190, 95000, -11.409, -13.016, -0.040, 
190, 95000, -12.603, -11.180, -0.214, 
190, 95000, -12.346, -12.055, -0.293, 
190, 95000, -21.587,  2.781,  0.496, 
190, 95000, -11.286, -12.969, -0.373, 
190, 95000, -16.745,  5.339,  0.968, 
190, 95000, -12.512, -11.198,  0.031, 
190, 95000, -10.246,  5.587,  1.681, 
190, 95000, -15.380,  8.769,  1.925, 

191, 95500, -12.421, -12.213,  0.091, 
191, 95500, -12.356, -12.108, -0.297, 
191, 95500, -12.366, -12.448,  0.015, 
191, 95500, -12.604, -11.187, -0.187, 
191, 95500, -12.394, -11.297, -0.100, 
191, 95500, -21.346,  2.880,  0.710, 
191, 95500, -12.325, -12.383, -0.288, 
191, 95500, -23.777, -8.741,  0.306, 

192, 96000, -12.419, -12.164,  0.093, 
192, 96000, -12.626, -11.175, -0.138, 
192, 96000, -12.394, -11.754,  0.108, 
192, 96000, -12.465, -11.266,  0.059, 
192, 96000, -12.374, -12.414,  0.033, 
192, 96000, -12.304, -12.417, -0.271, 
192, 96000, -9.553,  5.420,  1.413, 

193, 96500, -12.368, -11.936, -0.203, 
193, 96500, -12.611, -10.851, -0.057, 
193, 96500, -12.636, -11.166, -0.165, 
193, 96500, -12.396, -12.124,  0.083, 
193, 96500, -9.464,  5.376,  1.559, 
193, 96500, -10.840, -6.906,  0.411, 
193, 96500, -21.162,  2.973,  0.682, 

194, 97000, -12.330, -11.752, -0.046, 
194, 97000, -12.632, -10.638,  0.020, 
194, 97000, -12.632, -10.836, -0.025, 
194, 97000, -10.878, -6.915,  0.289, 
194, 97000, -12.652, -11.172, -0.158, 

195, 97500, -12.659, -11.138, -0.182, 
195, 97500, -12.621, -10.940, -0.186, 
195, 97500, -12.578, -10.590, -0.003, 
195, 97500, -10.621, -7.059,  0.198, 
195, 97500, -20.685,  3.316,  0.449, 

196, 98000, -12.582, -10.619, -0.002, 
196, 98000, -12.590, -10.853, -0.191, 
196, 98000, -12.548, -10.771,  0.028, 
196, 98000, -12.546, -11.081, -0.002, 
196, 98000, -9.029,  5.400,  1.472, 

197, 98500, -12.479, -10.465, -0.187, 
197, 98500, -12.399, -10.448,  0.105, 
197, 98500, -8.740,  5.312,  1.422, 
197, 98500, -19.957, -10.207, -0.625, 
197, 98500, -12.557, -10.568,  0.028, 
197, 98500, -10.987, -6.766,  0.288, 

198, 99000, -9.061,  5.423,  1.118, 
198, 99000, -10.936, -6.783,  0.299, 

199, 99500, -9.382,  5.513,  1.390, 
199, 99500, -10.787, -6.952,  0.156, 
199, 99500, -20.116, -7.331, -0.684, 
199, 99500, -20.802,  3.215,  0.408, 

200, 100000, -8.867,  5.380,  1.344, 
200, 100000, -10.997, -6.711,  0.314, 
200, 100000, -10.781, -6.958,  0.104, 
200, 100000, -19.983, -9.808, -0.768, 
200, 100000, -8.369, -6.865,  0.408, 
200, 100000, -11.060, -6.604, -0.068, 
200, 100000, -23.200, -9.831,  0.124, 

201, 100500, -9.275,  5.550,  1.150, 
201, 100500, -11.216, -6.520, -0.007, 
201, 100500, -23.699, -8.769,  0.281, 

202, 101000, -9.785,  5.690,  1.296, 
202, 101000, -11.226, -6.489,  0.043, 
202, 101000, -12.467, -8.517, -0.698, 
202, 101000, -23.705, -8.856,  0.130, 
202, 101000, -21.478,  2.822,  0.544, 

203, 101500, -9.112,  5.511,  1.093, 
203, 101500, -11.245, -6.448,  0.039, 
203, 101500, -12.421, -7.934, -0.637, 
203, 101500, -4.739,  6.788,  1.517, 
203, 101500, -23.715, -9.173,  0.132, 

204, 102000, -11.317, -6.201,  0.116, 
204, 102000, -12.451, -7.977, -0.686, 
204, 102000, -3.647,  6.048,  1.485, 
204, 102000, -11.213, -6.502, -0.055, 
204, 102000, -20.743, -5.603,  0.459, 
204, 102000, -20.715,  3.379,  0.169, 
204, 102000, -13.586, 10.661,  1.623, 

205, 102500, -11.235, -6.316,  0.071, 
205, 102500, -3.858,  6.106,  1.448, 
205, 102500, -14.120,  9.102,  1.417, 
205, 102500, -8.549,  5.318,  0.941, 
205, 102500, -11.168, -6.564, -0.095, 

206, 103000, -11.259, -6.213,  0.120, 
206, 103000, -3.913,  6.158,  1.420, 
206, 103000, -13.858,  8.907,  1.368, 
206, 103000, -9.086,  5.504,  1.164, 
206, 103000, -12.054, -6.782, -0.688, 
206, 103000, -11.179, -6.551, -0.133, 
206, 103000, -17.486,  5.031, -0.249, 
206, 103000, -20.244, -5.460, -0.530, 
206, 103000, -20.502,  3.536, -0.025, 

207, 103500, -11.269, -6.185,  0.160, 
207, 103500, -3.755,  6.067,  1.375, 
207, 103500, -13.093, 10.769,  1.324, 
207, 103500, -9.108,  5.422,  1.109, 
207, 103500, -20.502,  3.622, -0.233, 
207, 103500, -20.305, -6.119, -0.525, 
207, 103500, -17.189,  6.779,  1.194, 
207, 103500, -14.561,  9.026,  1.348, 

208, 104000, -11.310, -5.728,  0.026, 
208, 104000, -4.045,  6.317,  1.097, 
208, 104000, -13.580,  9.578,  1.359, 
208, 104000, -9.412,  5.613,  1.081, 
208, 104000, -20.594,  3.489, -0.024, 

209, 104500, -11.328, -5.661,  0.099, 
209, 104500, -3.916,  6.196,  1.160, 
209, 104500, -8.834,  5.371,  1.044, 
209, 104500, -13.723,  9.146,  1.320, 
209, 104500, -20.714,  3.390, -0.023, 
209, 104500, -20.180, -2.884, -0.580, 

210, 105000, -11.306, -5.412, -0.003, 
210, 105000, -3.917,  6.197,  1.160, 
210, 105000, -8.583,  5.335,  1.003, 
210, 105000, -13.434, 10.022,  1.180, 
210, 105000, -11.324, -5.630,  0.092, 
210, 105000, -17.399,  5.077, -0.022, 
210, 105000, -20.045,  4.031, -0.023, 

211, 105500, -11.308, -5.376,  0.108, 
211, 105500, -3.929,  6.245,  1.118, 
211, 105500, -8.904,  5.441,  0.989, 
211, 105500, -13.689,  9.357,  1.260, 
211, 105500, -20.567,  3.576, -0.023, 

212, 106000, -11.233, -5.177, -0.094, 
212, 106000, -3.625,  6.005,  1.090, 
212, 106000, -8.958,  5.494,  0.947, 
212, 106000, -13.558,  9.141,  1.210, 
212, 106000, -20.182,  3.909, -0.214, 
212, 106000, -11.137, -4.874,  0.046, 
212, 106000, -17.367,  5.111, -0.214, 

213, 106500, -11.128, -4.847,  0.045, 
213, 106500, -3.719,  6.111,  0.967, 
213, 106500, -8.654,  5.383,  0.913, 
213, 106500, -13.996,  9.160,  1.198, 
213, 106500, -20.240,  3.845, -0.211, 
213, 106500, -17.328,  5.141, -0.398, 
213, 106500, -11.199, -5.111, -0.093, 
213, 106500,  1.851,  5.603,  1.241, 

214, 107000, -11.031, -4.689,  0.114, 
214, 107000, -3.877,  6.262,  1.020, 
214, 107000, -9.141,  5.605,  0.902, 
214, 107000, -19.846,  4.265, -0.220, 
214, 107000,  1.258,  6.365,  1.505, 
214, 107000, -20.505,  3.633, -0.209, 
214, 107000, -24.909,  3.426, -0.029, 
214, 107000, -17.377,  5.135, -0.205, 

215, 107500, -10.758, -4.280, -0.096, 
215, 107500, -4.055,  6.380,  1.001, 
215, 107500, -8.794,  5.475,  0.847, 
215, 107500, -19.571,  5.230, -0.434, 
215, 107500,  1.774,  5.915,  1.301, 
215, 107500, -19.858,  4.301, -0.207, 
215, 107500, -23.153,  3.819, -0.250, 
215, 107500, -14.180,  9.124,  1.127, 
215, 107500, -10.943, -4.590,  0.128, 
215, 107500, -17.628,  5.014, -0.383, 
215, 107500, -20.661,  3.481, -0.208, 
215, 107500, -13.148, 10.523,  1.225, 

216, 108000, -10.592, -4.035,  0.069, 
216, 108000, -3.671,  6.159,  0.776, 
216, 108000, -8.881,  5.487,  0.830, 
216, 108000,  1.605,  5.939,  1.280, 
216, 108000, -20.691,  3.486, -0.208, 
216, 108000, -13.279,  9.180,  0.958, 
216, 108000, -10.711, -4.172,  0.021, 
216, 108000, -19.879,  4.297, -0.206, 
216, 108000, -10.745, -4.227, -0.160, 
216, 108000, -23.440,  3.948, -0.769, 
216, 108000, -15.506,  7.843,  1.008, 

217, 108500, -10.445, -3.842, -0.064, 
217, 108500, -3.984,  6.383,  0.945, 
217, 108500, -8.504,  5.413,  0.695, 
217, 108500,  1.762,  5.829,  0.998, 
217, 108500, -19.981,  4.219, -0.206, 
217, 108500, -11.747, -1.911, -0.285, 
217, 108500, -19.443,  4.753, -0.400, 
217, 108500, -10.573, -4.004,  0.086, 
217, 108500, -9.233,  5.674,  0.571, 
217, 108500, -21.286,  3.698,  0.463, 
217, 108500, -15.607,  7.776,  0.998, 
217, 108500, -13.474,  9.047,  1.061, 
217, 108500,  7.107,  6.442,  1.095, 

218, 109000, -10.402, -3.793, -0.003, 
218, 109000, -3.470,  5.963,  0.835, 
218, 109000, -8.755,  5.478,  0.537, 
218, 109000,  1.610,  6.058,  0.834, 
218, 109000, -19.544,  4.629, -0.399, 
218, 109000, -20.163,  4.087, -0.404, 
218, 109000, -12.845,  9.344,  0.925, 
218, 109000, -9.999, -3.360,  0.129, 
218, 109000, -17.372,  5.214, -0.751, 
218, 109000, -14.047,  9.187,  0.928, 

219, 109500, -10.113, -3.511,  0.068, 
219, 109500, -3.665,  6.168,  0.614, 
219, 109500, -8.902,  5.534,  0.737, 
219, 109500,  1.900,  5.650,  0.630, 
219, 109500, -19.509,  4.716, -0.205, 
219, 109500, -13.281,  9.103,  0.892, 
219, 109500, -10.000, -3.355, -0.033, 
219, 109500, -17.231,  5.310, -0.551, 
219, 109500, -10.213, -3.616, -0.063, 
219, 109500, -15.232,  7.942,  0.846, 
219, 109500, -13.995,  9.162,  1.038, 

220, 110000, -9.860, -3.254,  0.068, 
220, 110000, -3.701,  6.175,  0.779, 
220, 110000, -8.490,  5.419,  0.627, 
220, 110000,  1.798,  5.726,  0.928, 
220, 110000, -11.466, -1.537, -0.027, 
220, 110000, -13.293,  9.104,  0.886, 
220, 110000, -16.421,  7.198,  0.931, 
220, 110000, -15.443,  7.879,  0.956, 
220, 110000, -12.620, 10.812,  1.126, 
220, 110000, -19.293,  5.003, -0.402, 
220, 110000, -19.265,  6.738,  0.481, 

221, 110500, -9.548, -2.988,  0.070, 
221, 110500, -3.311,  5.891,  0.671, 
221, 110500, -8.240,  5.452,  0.213, 
221, 110500,  1.681,  5.986,  1.053, 
221, 110500, -12.779, 10.059,  1.044, 
221, 110500, -15.759,  7.761,  0.938, 
221, 110500, -19.161,  6.080, -0.426, 
221, 110500, -3.926,  6.430,  0.766, 
221, 110500, -9.801, -3.198,  0.047, 
221, 110500, -8.801,  5.558,  0.680, 
221, 110500,  7.304,  5.885,  1.509, 
221, 110500, -19.400,  4.862, -0.404, 
221, 110500, -13.857,  9.265,  0.998, 

222, 111000, -9.195, -2.635, -0.003, 
222, 111000, -3.635,  6.099,  0.908, 
222, 111000, -8.500,  5.454,  0.627, 
222, 111000,  1.727,  5.842,  1.251, 
222, 111000, -15.268,  8.424,  0.961, 
222, 111000, -17.225,  5.344, -0.550, 
222, 111000, -9.471, -2.912,  0.047, 
222, 111000, -13.137,  9.145,  0.956, 
222, 111000, -4.160, -0.801, -0.013, 
222, 111000, -9.606, -3.017,  0.119, 
222, 111000, -15.194,  5.868, -0.500, 

223, 111500, -9.158, -2.606, -0.032, 
223, 111500, -3.608,  6.145,  0.690, 
223, 111500, -8.616,  5.466,  0.619, 
223, 111500,  1.873,  5.641,  0.969, 
223, 111500, -17.251,  5.606, -0.365, 
223, 111500, -4.163, -0.787, -0.120, 
223, 111500, -7.274, -1.870, -0.305, 
223, 111500, -8.605, -2.191, -0.068, 
223, 111500, -15.226,  5.837, -0.672, 

224, 112000, -9.048, -2.510, -0.063, 
224, 112000, -3.632,  6.179,  0.513, 
224, 112000, -8.101,  5.436,  0.487, 
224, 112000,  1.732,  5.896,  0.971, 
224, 112000, -4.165, -0.757, -0.113, 
224, 112000, -7.264, -1.796, -0.332, 
224, 112000, -8.610, -2.190, -0.065, 
224, 112000, -13.813,  9.272,  0.972, 
224, 112000, -9.467,  6.196,  0.303, 
224, 112000, -8.843,  5.600,  0.602, 

225, 112500, -8.823, -2.368, -0.064, 
225, 112500, -3.487,  5.999,  0.819, 
225, 112500, -8.405,  5.497,  0.089, 
225, 112500,  1.717,  5.867,  1.138, 
225, 112500, -4.199, -0.685, -0.011, 
225, 112500, -7.266, -1.768, -0.303, 
225, 112500, -8.612, -2.178, -0.094, 
225, 112500, -13.173,  9.536,  0.845, 
225, 112500, -8.367,  5.457,  0.509, 
225, 112500, -14.094,  9.234,  0.961, 
225, 112500,  1.387,  6.894,  0.948, 
225, 112500,  7.091,  6.409,  0.960, 

226, 113000, -8.381, -2.050, -0.032, 
226, 113000, -3.577,  6.119,  0.788, 
226, 113000, -8.312,  5.450,  0.538, 
226, 113000, -4.180, -0.722, -0.015, 
226, 113000, -7.304, -1.849, -0.224, 
226, 113000, -12.929,  9.331,  0.925, 
226, 113000,  2.082,  5.349,  1.110, 
226, 113000, -7.709,  5.540, -0.013, 
226, 113000, -8.912,  5.664,  0.552, 
226, 113000, -14.312,  9.504,  0.873, 
226, 113000, -12.494, 10.873,  1.040, 

227, 113500, -8.091, -2.011, -0.034, 
227, 113500, -3.551,  6.137,  0.657, 
227, 113500, -7.876,  5.490,  0.316, 
227, 113500, -4.203, -0.826,  0.065, 
227, 113500, -7.335, -1.831, -0.214, 
227, 113500, -12.875, 10.675,  0.908, 
227, 113500, -8.560,  5.484,  0.513, 
227, 113500, -8.270, -2.068, -0.098, 
227, 113500, -15.013,  8.699,  0.143, 

228, 114000, -7.990, -2.037, -0.069, 
228, 114000, -7.533,  5.588,  0.305, 
228, 114000, -4.182, -0.643, -0.170, 
228, 114000, -7.275, -1.756, -0.297, 
228, 114000, -12.628, 10.919,  1.034, 
228, 114000, -7.999,  5.503,  0.303, 
228, 114000, -15.036,  8.685, -0.022, 
228, 114000, -6.656, -1.661,  0.182, 
228, 114000, -8.621,  5.522,  0.303, 
228, 114000, -13.219,  9.461,  0.829, 
228, 114000,  1.881,  5.838,  1.072, 

229, 114500, -7.583,  5.583,  0.231, 
229, 114500, -4.150, -0.605, -0.244, 
229, 114500, -7.209, -1.714, -0.242, 
229, 114500, -8.290,  5.560, -0.011, 
229, 114500, -6.660, -1.663,  0.161, 
229, 114500, -8.222,  5.504,  0.487, 
229, 114500, -13.009, 10.656,  0.727, 
229, 114500,  1.762,  5.847,  1.005, 
229, 114500, -8.451,  0.980, -0.509, 
229, 114500, -3.686,  6.228,  0.546, 
229, 114500, -6.627, -1.666, -0.174, 

230, 115000, -8.113,  5.560,  0.152, 
230, 115000, -4.153, -0.572, -0.011, 
230, 115000, -7.090, -1.660, -0.281, 
230, 115000, -7.636,  5.605,  0.295, 
230, 115000, -6.550, -1.584, -0.004, 
230, 115000, -8.685,  5.542,  0.218, 
230, 115000,  1.657,  6.040,  0.882, 
230, 115000, -3.227,  6.040,  0.470, 
230, 115000, -5.513, -1.484,  0.040, 
230, 115000, -13.248, 10.600,  0.825, 
230, 115000,  1.374,  7.315,  1.039, 

231, 115500, -8.070,  5.517,  0.148, 
231, 115500, -4.169, -0.577, -0.201, 
231, 115500, -6.534, -1.558, -0.041, 
231, 115500,  2.176,  5.545,  0.847, 
231, 115500, -2.121,  5.945,  0.491, 
231, 115500, -5.566, -1.530,  0.034, 
231, 115500,  1.482,  6.385,  0.966, 
231, 115500, -13.149, 10.641,  0.829, 
231, 115500,  7.179,  6.230,  0.981, 
231, 115500, -3.729,  6.287,  0.617, 
231, 115500, -3.108,  5.936,  0.443, 
231, 115500, -4.148,  7.282, -0.015, 

232, 116000, -7.860,  5.523,  0.145, 
232, 116000, -4.170, -0.569, -0.126, 
232, 116000, -6.467, -1.524,  0.083, 
232, 116000,  1.857,  5.732,  0.919, 
232, 116000, -3.276,  5.978,  0.589, 
232, 116000, -5.569, -1.536,  0.177, 
232, 116000, -8.989,  5.744,  0.495, 
232, 116000, -3.726,  6.305,  0.613, 
232, 116000, -6.504, -1.533, -0.155, 
232, 116000, -6.752,  6.042, -0.107, 
232, 116000, -7.296,  5.658,  0.327, 
232, 116000, -8.317,  5.542,  0.275, 
232, 116000, -5.573, -1.555, -0.096, 
232, 116000, -8.972,  5.835, -0.012, 

233, 116500, -7.797,  5.524,  0.144, 
233, 116500, -4.140, -0.616, -0.219, 
233, 116500, -6.286, -1.513,  0.083, 
233, 116500,  1.979,  5.504,  0.783, 
233, 116500, -3.238,  6.018,  0.352, 
233, 116500, -5.540, -1.511,  0.093, 
233, 116500, -8.314,  5.543,  0.275, 
233, 116500, -7.393,  5.637,  0.067, 
233, 116500, -6.389, -1.551, -0.203, 
233, 116500, -6.462, -1.551,  0.056, 

234, 117000, -7.351,  5.611,  0.445, 
234, 117000, -4.156, -0.644, -0.196, 
234, 117000, -6.209, -1.541,  0.084, 
234, 117000,  2.177,  5.404,  0.861, 
234, 117000, -3.148,  5.932,  0.490, 
234, 117000, -5.547, -1.524,  0.064, 
234, 117000, -7.820,  5.560,  0.145, 
234, 117000, -0.668, -3.925,  0.640, 
234, 117000, -2.379, -4.592,  0.511, 

235, 117500, -7.383,  5.624,  0.266, 
235, 117500, -4.098, -0.546, -0.132, 
235, 117500, -5.792, -1.814,  0.130, 
235, 117500, -3.177,  5.990,  0.322, 
235, 117500, -6.978,  5.807, -0.099, 
235, 117500, -5.504, -1.496,  0.029, 
235, 117500, -3.568, -4.938,  0.172, 

236, 118000, -7.140,  5.818, -0.194, 
236, 118000, -4.117, -0.530, -0.159, 
236, 118000, -5.455, -1.474,  0.062, 
236, 118000, -3.075,  5.954,  0.447, 
236, 118000, -3.620, -4.954,  0.171, 
236, 118000,  1.956,  5.788,  0.705, 
236, 118000, -3.476,  6.199,  0.237, 
236, 118000, -3.958,  6.732,  0.325, 
236, 118000, -7.559,  5.584,  0.207, 
236, 118000, -2.384,  5.965,  0.467, 
236, 118000, -2.259, -4.467,  0.550, 
236, 118000, -4.706, -5.104,  0.239, 

237, 118500, -7.131,  5.839, -0.197, 
237, 118500, -4.050, -0.463, -0.150, 
237, 118500, -2.474,  5.946,  0.368, 
237, 118500,  2.470,  5.540,  0.691, 
237, 118500, -3.147,  6.017,  0.353, 
237, 118500, -2.125, -4.489,  0.484, 
237, 118500, -4.532, -5.063,  0.372, 
237, 118500, -3.595,  6.231,  0.290, 
237, 118500, -4.103,  6.729,  0.166, 
237, 118500,  1.361,  6.973,  0.797, 
237, 118500,  7.009,  6.644,  1.040, 
237, 118500, -6.144,  9.588, -0.166, 
237, 118500,  1.739,  6.032,  0.769, 

238, 119000, -6.565,  6.446, -0.440, 
238, 119000, -3.945, -0.398, -0.097, 
238, 119000, -2.489,  5.905,  0.422, 
238, 119000,  2.028,  5.766,  0.644, 
238, 119000, -3.092,  6.028,  0.279, 
238, 119000, -3.489,  6.228,  0.228, 
238, 119000,  1.708,  6.302,  0.751, 
238, 119000, -3.147, -0.346, -0.259, 
238, 119000, -3.358, -4.862,  0.240, 

239, 119500, -3.959, -0.410, -0.122, 
239, 119500, -2.562,  5.910,  0.410, 
239, 119500,  1.940,  5.878,  0.714, 
239, 119500, -3.167,  6.034,  0.452, 
239, 119500, -3.240, -0.444, -0.110, 
239, 119500, -1.942, -0.323, -0.118, 
239, 119500, 27.552,  7.647,  2.551, 
239, 119500,  7.136,  6.465,  0.908, 

240, 120000, -3.765, -0.366, -0.054, 
240, 120000, -2.902,  5.984,  0.313, 
240, 120000,  2.130,  5.685,  0.555, 
240, 120000, -3.189, -0.417, -0.005, 
240, 120000,  7.275,  6.089,  1.103, 
240, 120000, -3.190, -0.386, -0.219, 

241, 120500, -3.143, -0.382,  0.022, 
241, 120500, -2.432,  5.899,  0.385, 
241, 120500,  2.006,  5.821,  0.574, 
241, 120500,  7.084,  6.515,  0.938, 
241, 120500, -2.938,  5.977,  0.384, 
241, 120500, -3.441,  6.161,  0.263, 
241, 120500, -3.698, -0.367, -0.113, 
241, 120500, -1.883, -0.318, -0.129, 
241, 120500, -1.751,  6.163,  0.421, 

242, 121000, -2.946, -0.310, -0.057, 
242, 121000, -1.758,  6.258,  0.277, 
242, 121000,  2.507,  5.558,  0.559, 
242, 121000,  7.446,  6.169,  1.030, 
242, 121000, -2.467,  5.990,  0.388, 
242, 121000, -2.921,  6.022,  0.431, 
242, 121000, -3.517, -0.460, -0.227, 
242, 121000, -1.849, -0.225, -0.216, 
242, 121000, -2.489, -0.268, -0.168, 
242, 121000, 27.588,  7.593,  2.747, 
242, 121000,  1.678,  6.662,  0.533, 
242, 121000,  6.902,  6.959,  0.925, 

243, 121500, -2.556, -0.279, -0.057, 
243, 121500, -2.402,  6.003, -0.010, 
243, 121500,  2.182,  5.660,  0.521, 
243, 121500,  7.184,  6.345,  1.009, 
243, 121500, -2.353,  5.921,  0.368, 
243, 121500, -2.845, -0.306,  0.019, 
243, 121500, -1.905, -0.263, -0.221, 
243, 121500, -2.872,  6.019,  0.374, 
243, 121500, -0.462, -3.729,  0.482, 
243, 121500, -3.324,  6.126,  0.259, 
243, 121500, -0.871, -0.330, -0.208, 
243, 121500, -1.798,  6.114,  0.390, 

244, 122000, -1.929, -0.267, -0.225, 
244, 122000, -2.358,  5.891,  0.415, 
244, 122000,  2.116,  5.724,  0.518, 
244, 122000,  7.281,  6.189,  0.857, 
244, 122000, -1.837,  6.109,  0.388, 
244, 122000, -2.509, -0.289, -0.146, 
244, 122000, -0.537, -3.759,  0.464, 
244, 122000, -2.865,  5.999,  0.421, 
244, 122000, -0.883, -0.395, -0.224, 
244, 122000, -1.751, -0.242, -0.124, 
244, 122000, -3.344,  6.225,  0.204, 

245, 122500, -1.785, -0.246, -0.122, 
245, 122500, -1.894,  6.114,  0.379, 
245, 122500,  2.284,  5.612,  0.543, 
245, 122500, -1.266,  7.028,  0.077, 
245, 122500, -2.370,  5.926,  0.413, 
245, 122500, -0.878, -0.350, -0.301, 
245, 122500, -2.889,  5.997,  0.370, 
245, 122500, -2.461, -0.351, -0.221, 
245, 122500, -2.428,  6.014, -0.010, 
245, 122500,  8.909, -1.811,  0.457, 
245, 122500,  1.286,  9.477, -0.170, 
245, 122500,  1.662,  6.720,  0.529, 

246, 123000, -1.581, -0.242, -0.143, 
246, 123000, -1.926,  6.051,  0.423, 
246, 123000, -0.916, -0.382, -0.234, 
246, 123000, -2.419,  5.909,  0.362, 
246, 123000, -1.689, -0.203, -0.378, 
246, 123000,  1.685,  9.061, -0.163, 

247, 123500, -1.572, -0.231, -0.207, 
247, 123500, -2.074,  6.177, -0.383, 
247, 123500, -0.814, -0.333, -0.272, 
247, 123500, -2.008,  6.033,  0.371, 
247, 123500,  7.277,  6.177,  0.886, 
247, 123500,  4.084, -3.031,  0.096, 
247, 123500,  2.377,  5.601,  0.449, 
247, 123500, -1.650, -3.397,  0.403, 
247, 123500,  1.315,  9.503, -0.165, 

248, 124000, -1.315, -0.312, -0.219, 
248, 124000, -1.630,  6.520, -0.301, 
248, 124000, -0.715, -0.305, -0.160, 
248, 124000,  7.137,  6.505,  0.873, 
248, 124000,  4.080, -2.930,  0.091, 
248, 124000,  3.068,  5.649,  0.312, 
248, 124000, -1.653, -3.397,  0.401, 
248, 124000,  2.019,  6.071,  0.309, 
248, 124000,  2.344,  5.648,  0.500, 
248, 124000,  1.119,  9.543, -0.163, 
248, 124000,  8.923, -1.622,  0.431, 
248, 124000, 27.757,  6.123,  0.816, 
248, 124000,  1.625,  6.737,  0.539, 

249, 124500, -0.695, -0.291, -0.178, 
249, 124500, -1.091,  7.553, -0.122, 
249, 124500, -0.546, -0.311, -0.213, 
249, 124500,  7.339,  6.245,  0.837, 
249, 124500,  4.011, -3.025,  0.180, 
249, 124500,  2.278,  5.694,  0.481, 
249, 124500,  1.664,  9.132, -0.157, 
249, 124500,  8.897, -1.799,  0.277, 
249, 124500, -0.500, -3.727,  0.378, 

250, 125000, -0.553, -0.310, -0.214, 
250, 125000,  7.428,  6.131,  0.801, 
250, 125000,  4.031, -3.046,  0.172, 
250, 125000,  2.537,  5.596,  0.453, 
250, 125000,  1.739,  9.052, -0.154, 
250, 125000,  8.870, -1.868,  0.267, 
250, 125000, -0.484, -3.721,  0.303, 
250, 125000, 27.849,  5.850,  0.796, 
250, 125000,  2.155,  5.866,  0.463, 

251, 125500, -0.381, -0.499, -0.164, 
251, 125500,  7.486,  6.156,  0.771, 
251, 125500,  3.967, -3.046,  0.157, 
251, 125500,  2.356,  5.690,  0.444, 
251, 125500,  8.855, -1.917,  0.266, 
251, 125500, -0.558, -3.707,  0.428, 

252, 126000,  7.282,  6.387,  0.670, 
252, 126000,  4.035, -3.048,  0.229, 
252, 126000, -0.342, -3.776,  0.065, 
252, 126000,  8.840, -1.812,  0.770, 

253, 126500,  7.261,  6.262,  0.731, 
253, 126500,  3.890, -2.997,  0.144, 
253, 126500,  8.797, -1.848,  0.240, 
253, 126500,  0.528, -5.056,  0.321, 
253, 126500,  2.635,  5.636,  0.348, 
253, 126500,  3.471,  5.526,  0.207, 
253, 126500,  0.683,  9.670,  0.231, 
253, 126500, 20.534, -2.795,  1.777, 

254, 127000,  7.240,  6.320,  0.627, 
254, 127000,  3.914, -3.025,  0.141, 
254, 127000,  8.850, -1.753,  0.434, 
254, 127000,  0.829, -5.057,  0.432, 
254, 127000,  2.176,  5.744,  0.418, 
254, 127000,  3.375,  5.558,  0.268, 
254, 127000, 27.678,  6.088,  1.412, 
254, 127000,  7.849,  5.794, -0.017, 

255, 127500,  7.474,  5.988,  0.697, 
255, 127500,  3.975, -2.989,  0.068, 
255, 127500,  8.815, -1.941,  0.333, 
255, 127500,  2.486,  5.659,  0.417, 
255, 127500, 27.880,  5.463, -0.054, 

256, 128000,  7.249,  6.272,  0.674, 
256, 128000,  3.905, -3.021,  0.195, 
256, 128000,  8.808, -1.817,  0.322, 
256, 128000,  2.725,  5.611,  0.333, 
256, 128000,  3.444,  5.558,  0.195, 
256, 128000,  7.959,  5.690,  0.103, 
256, 128000,  2.218,  5.725,  0.414, 
256, 128000,  1.354, -5.082,  0.247, 

257, 128500,  7.280,  6.340,  0.543, 
257, 128500,  3.907, -3.009,  0.060, 
257, 128500,  8.819, -1.813,  0.214, 
257, 128500,  2.726,  5.618,  0.242, 
257, 128500,  3.471,  5.544,  0.196, 
257, 128500,  7.928,  5.711, -0.015, 
257, 128500,  1.204, -5.069,  0.247, 
257, 128500, 27.718,  6.160,  1.060, 

258, 129000,  7.255,  6.267,  0.658, 
258, 129000,  3.905, -3.006,  0.128, 
258, 129000,  8.806, -1.832, -0.015, 
258, 129000,  2.635,  5.638,  0.287, 
258, 129000,  3.490,  5.534,  0.194, 
258, 129000,  7.880,  5.754,  0.099, 
258, 129000, 27.769,  5.896,  0.342, 

259, 129500,  3.912, -2.987,  0.127, 
259, 129500,  2.693,  5.618,  0.355, 
259, 129500,  3.495,  5.513,  0.244, 
259, 129500,  7.939,  5.643,  0.098, 
259, 129500,  1.591, -5.088,  0.080, 
259, 129500,  8.805, -1.814,  0.097, 

260, 130000,  3.916, -2.997,  0.059, 
260, 130000,  2.721,  5.624,  0.286, 
260, 130000,  3.444,  5.542,  0.188, 
260, 130000,  7.950,  5.654,  0.098, 
260, 130000,  1.668, -5.078,  0.432, 
260, 130000,  8.829, -1.829, -0.015, 
260, 130000,  7.321,  6.272,  0.652, 
260, 130000,  1.875,  4.499, -0.007, 
260, 130000, 20.601, -2.700,  1.468, 
260, 130000, 27.750,  6.097,  0.342, 

261, 130500,  3.930, -3.010,  0.059, 
261, 130500,  2.371,  4.370,  0.093, 
261, 130500,  3.536,  5.496,  0.188, 
261, 130500,  7.958,  5.654,  0.098, 
261, 130500,  1.399, -5.063,  0.433, 
261, 130500,  8.819, -1.837,  0.097, 
261, 130500,  7.262,  6.279,  0.648, 
261, 130500,  2.097,  4.388,  0.093, 
261, 130500, 20.605, -2.700,  1.468, 

262, 131000,  3.922, -2.985,  0.127, 
262, 131000,  2.768,  4.284,  0.043, 
262, 131000,  7.958,  5.645,  0.098, 
262, 131000,  1.459, -5.077,  0.322, 
262, 131000,  8.821, -1.830,  0.097, 
262, 131000,  7.331,  6.243,  0.650, 
262, 131000, 20.610, -2.681,  1.468, 
262, 131000,  2.002, -5.095,  0.321, 

