count, time, 
1, 500, 0, 
2, 1000, 14, 0, 0, 0.000, -1.227, -0.098, 1.372, 1, 0, 0.000, -1.326, -0.189, 1.367, 2, 0, 0.000, 1.640, -0.002, 6.031, 3, 0, 0.000, 1.005, 0.077, 5.755, 4, 0, 0.000, -0.657, 0.028, 6.726, 5, 0, 0.000, 0.663, 0.070, 10.152, 6, 0, 0.000, -0.582, 0.028, 6.764, 7, 0, 0.000, 0.896, 0.087, 6.109, 8, 0, 0.000, -0.279, 0.040, 14.233, 9, 0, 0.000, 1.646, -0.098, 5.896, 10, 0, 0.000, -1.651, -0.213, 1.492, 11, 0, 0.000, 0.241, 0.028, 29.479, 12, 0, 0.000, 0.590, 0.062, 10.055, 13, 0, 0.000, 0.490, 0.013, 10.621, 
3, 1500, 11, 1, 1, 0.003, -1.316, -0.213, 1.368, 2, 1, 0.035, 1.639, 0.013, 6.014, 3, 1, 0.013, 1.001, 0.087, 5.749, 4, 1, 0.376, -0.615, 0.028, 6.544, 12, 1, 0.305, 0.635, 0.087, 9.916, 8, 1, 0.006, -0.280, 0.040, 14.236, 10, 1, 0.010, -1.652, -0.213, 1.497, 0, 1, 0.006, -1.201, -0.120, 1.370, 14, 0, 0.000, -0.218, 0.028, 10.392, 15, 0, 0.000, -1.641, 0.040, 4.438, 16, 0, 0.000, -1.524, 0.087, 5.988, 
4, 2000, 8, 1, 2, 0.002, -1.312, -0.213, 1.367, 2, 2, 0.028, 1.657, 0.013, 6.001, 4, 2, 0.008, -0.615, 0.028, 6.540, 8, 2, 0.038, -0.279, 0.040, 14.255, 10, 2, 0.018, -1.657, -0.213, 1.506, 14, 1, 0.054, -0.221, 0.013, 10.366, 15, 1, 0.021, -1.653, 0.052, 4.428, 16, 1, 0.032, -1.550, 0.070, 6.001, 
5, 2500, 10, 1, 3, 0.016, -1.241, -0.142, 1.366, 2, 3, 0.014, 1.639, 0.013, 6.007, 4, 3, 0.000, -0.615, 0.028, 6.540, 8, 3, 0.046, -0.281, 0.040, 14.232, 10, 3, 0.024, -1.657, -0.213, 1.494, 14, 2, 0.058, -0.219, 0.028, 10.394, 15, 2, 0.042, -1.654, 0.070, 4.448, 17, 0, 0.000, 0.629, 0.077, 9.932, 18, 0, 0.000, 1.550, -0.057, 8.078, 19, 0, 0.000, 1.001, 0.087, 5.766, 
6, 3000, 10, 1, 4, 0.024, -1.325, -0.189, 1.372, 2, 4, 0.000, 1.639, 0.013, 6.007, 4, 4, 0.010, -0.614, 0.028, 6.535, 8, 4, 0.046, -0.279, 0.040, 14.255, 10, 4, 0.006, -1.651, -0.213, 1.497, 15, 3, 0.007, -1.649, 0.087, 4.445, 17, 1, 0.015, 0.594, 0.087, 9.931, 20, 0, 0.000, -1.201, -0.120, 1.377, 21, 0, 0.000, 0.250, 0.087, 29.455, 22, 0, 0.000, -1.530, 0.052, 6.006, 
7, 3500, 9, 20, 1, 0.032, -1.228, -0.098, 1.362, 2, 5, 0.066, 1.648, 0.013, 6.040, 4, 5, 0.004, -0.615, 0.028, 6.537, 8, 5, 0.044, -0.279, 0.040, 14.233, 10, 5, 0.260, -1.652, -0.213, 1.627, 15, 4, 0.014, -1.650, 0.040, 4.447, 22, 1, 0.010, -1.500, 0.052, 6.008, 23, 0, 0.000, 1.004, 0.077, 5.768, 21, 1, 6.888, 0.022, 0.040, 26.728, 
8, 4000, 11, 20, 2, 0.003, -1.241, -0.142, 1.362, 2, 6, 0.046, 1.639, 0.013, 6.017, 4, 6, 0.025, -0.644, -0.002, 6.544, 8, 6, 0.026, -0.281, 0.040, 14.220, 10, 6, 0.260, -1.653, -0.213, 1.497, 15, 5, 0.014, -1.650, 0.087, 4.445, 22, 2, 0.003, -1.511, 0.052, 6.007, 23, 1, 0.036, 0.968, 0.087, 5.782, 21, 2, 6.379, 0.229, 0.028, 29.350, 24, 0, 0.000, 0.605, 0.087, 9.916, 25, 0, 0.000, -0.218, 0.028, 10.388, 
9, 4500, 9, 20, 3, 0.019, -1.196, -0.098, 1.369, 2, 7, 0.008, 1.639, 0.013, 6.021, 4, 7, 0.106, -0.614, 0.028, 6.497, 8, 7, 0.006, -0.280, 0.040, 14.223, 10, 7, 0.004, -1.651, -0.213, 1.495, 15, 6, 0.012, -1.646, 0.052, 4.448, 22, 3, 0.021, -1.567, 0.052, 6.008, 23, 2, 0.004, 0.969, 0.087, 5.780, 24, 1, 0.034, 0.603, 0.087, 9.933, 
10, 5000, 11, 20, 4, 0.018, -1.238, -0.098, 1.361, 2, 8, 0.006, 1.638, 0.013, 6.024, 4, 8, 0.098, -0.644, -0.002, 6.540, 8, 8, 0.008, -0.279, 0.040, 14.227, 10, 8, 0.018, -1.655, -0.213, 1.486, 15, 7, 0.005, -1.655, 0.077, 4.449, 23, 3, 0.012, 1.011, 0.087, 5.779, 24, 2, 0.027, 0.593, 0.087, 9.920, 26, 0, 0.000, -1.351, -0.237, 1.375, 27, 0, 0.000, -0.219, 0.040, 10.391, 28, 0, 0.000, 0.001, 0.028, 24.671, 
11, 5500, 10, 20, 5, 0.006, -1.196, -0.098, 1.363, 2, 9, 0.014, 1.639, 0.013, 6.017, 4, 9, 0.034, -0.614, 0.028, 6.529, 10, 9, 0.068, -1.656, -0.213, 1.520, 15, 8, 0.017, -1.644, 0.070, 4.457, 23, 4, 0.007, 0.990, 0.087, 5.781, 24, 3, 0.019, 0.604, 0.087, 9.929, 26, 1, 0.004, -1.352, -0.237, 1.373, 27, 1, 0.004, -0.220, 0.040, 10.393, 28, 1, 1.736, 0.001, 0.028, 23.803, 
12, 6000, 9, 20, 6, 0.007, -1.243, -0.098, 1.361, 2, 10, 0.014, 1.637, 0.013, 6.024, 4, 10, 0.014, -0.615, 0.028, 6.536, 10, 10, 0.062, -1.645, -0.213, 1.489, 15, 9, 0.064, -1.651, 0.052, 4.426, 23, 5, 0.006, 1.010, 0.087, 5.779, 24, 4, 0.026, 0.603, 0.087, 9.916, 29, 0, 0.000, -1.555, 0.087, 6.008, 30, 0, 0.000, -0.279, 0.040, 14.238, 
13, 6500, 11, 20, 7, 0.021, -1.238, -0.142, 1.370, 2, 11, 0.028, 1.638, 0.013, 6.010, 4, 11, 0.036, -0.612, 0.028, 6.518, 10, 11, 0.020, -1.651, -0.213, 1.499, 15, 10, 0.034, -1.652, 0.052, 4.443, 23, 6, 0.025, 0.999, 0.087, 5.767, 24, 5, 0.000, 0.604, 0.087, 9.916, 29, 1, 0.012, -1.568, 0.052, 6.010, 30, 1, 0.040, -0.278, 0.040, 14.218, 31, 0, 0.000, -1.347, -0.237, 1.374, 32, 0, 0.000, -0.219, 0.028, 10.383, 
14, 7000, 11, 20, 8, 0.003, -1.247, -0.143, 1.369, 2, 12, 0.015, 1.639, 0.013, 6.018, 4, 12, 0.005, -0.614, 0.028, 6.516, 10, 12, 0.048, -1.653, -0.213, 1.475, 15, 11, 0.020, -1.650, 0.087, 4.450, 23, 7, 0.028, 1.002, 0.087, 5.781, 24, 6, 0.002, 0.604, 0.087, 9.915, 29, 2, 0.034, -1.495, 0.040, 6.009, 30, 2, 0.080, -0.283, 0.040, 14.258, 31, 1, 0.005, -1.346, -0.262, 1.376, 32, 1, 0.033, -0.221, 0.040, 10.399, 
15, 7500, 8, 20, 9, 0.027, -1.339, -0.189, 1.362, 2, 13, 0.042, 1.651, 0.013, 6.038, 4, 13, 0.038, -0.616, 0.028, 6.497, 15, 12, 0.012, -1.657, 0.062, 4.455, 24, 7, 0.028, 0.605, 0.087, 9.901, 30, 3, 0.081, -0.279, 0.040, 14.217, 32, 2, 0.045, -0.219, 0.028, 10.377, 33, 0, 0.000, 1.291, -0.019, 8.533, 
16, 8000, 10, 34, 0, 0.000, -1.268, -0.100, 1.356, 2, 14, 0.019, 1.666, 0.013, 6.029, 4, 14, 0.120, -0.620, 0.028, 6.437, 15, 13, 0.012, -1.665, 0.040, 4.450, 24, 8, 0.058, 0.607, 0.087, 9.872, 32, 3, 0.074, -0.223, 0.052, 10.343, 33, 1, 0.040, 1.298, -0.019, 8.513, 35, 0, 0.000, 1.010, 0.088, 5.723, 20, 10, 0.027, -1.423, -0.264, 1.357, 36, 0, 0.000, 0.218, 0.028, 29.332, 
17, 8500, 6, 37, 0, 0.000, -1.443, -0.144, 1.308, 2, 15, 0.031, 1.684, -0.002, 6.043, 24, 9, 0.372, 0.599, 0.088, 9.686, 36, 1, 0.333, 0.230, 0.028, 29.168, 20, 11, 0.104, -1.540, -0.214, 1.315, 38, 0, 0.000, 1.677, 0.087, 6.101, 
18, 9000, 7, 37, 1, 0.077, -1.587, -0.213, 1.286, 38, 1, 0.766, 1.681, 0.052, 6.480, 24, 10, 0.380, 0.611, 0.088, 9.497, 39, 0, 0.000, 1.674, -0.019, 6.594, 40, 0, 0.000, 1.061, 0.088, 5.518, 41, 0, 0.000, -0.250, 0.028, 9.859, 42, 0, 0.000, -0.685, 0.042, 6.100, 
19, 9500, 8, 37, 2, 0.138, -1.770, -0.140, 1.331, 43, 0, 0.000, 1.689, 0.062, 8.570, 24, 11, 0.544, 0.625, 0.089, 9.226, 40, 1, 0.318, 1.094, 0.087, 5.362, 41, 1, 0.635, -0.279, 0.040, 9.546, 42, 1, 0.368, -0.737, 0.041, 5.924, 44, 0, 0.000, -1.586, 0.077, 4.714, 45, 0, 0.000, 0.211, 0.028, 28.615, 
20, 10000, 5, 37, 3, 0.502, -1.849, -0.229, 1.573, 24, 12, 0.624, 0.629, 0.089, 8.914, 42, 2, 0.717, -0.794, 0.029, 5.575, 44, 1, 0.097, -1.684, 0.087, 4.740, 40, 2, 0.099, 1.079, 0.089, 5.313, 
21, 10500, 9, 24, 13, 0.346, 0.674, 0.087, 8.750, 42, 3, 0.537, -0.809, 0.028, 5.307, 44, 2, 2.603, -1.578, 0.052, 6.012, 40, 3, 0.354, 1.178, 0.072, 5.162, 46, 0, 0.000, -0.277, 0.028, 8.807, 47, 0, 0.000, 1.392, 0.088, 5.805, 48, 0, 0.000, 1.585, -0.002, 8.691, 49, 0, 0.000, 1.477, -0.019, 8.222, 50, 0, 0.000, 0.230, 0.041, 27.723, 
22, 11000, 10, 51, 0, 0.000, 0.732, 0.089, 8.381, 42, 4, 0.529, -0.852, 0.028, 5.047, 44, 3, 0.030, -1.547, 0.087, 6.003, 40, 4, 0.096, 1.205, 0.052, 5.117, 52, 0, 0.000, 1.383, 0.053, 5.248, 49, 1, 0.084, 1.510, -0.019, 8.259, 50, 1, 0.544, 0.230, 0.041, 27.452, 53, 0, 0.000, 1.292, 0.088, 5.003, 54, 0, 0.000, 1.101, 0.040, 5.310, 24, 14, 0.444, 0.636, 0.014, 8.557, 
23, 11500, 8, 55, 0, 0.000, 0.742, 0.078, 8.145, 42, 5, 0.404, -0.923, 0.014, 4.858, 44, 4, 0.017, -1.594, 0.062, 6.003, 53, 1, 0.117, 1.287, 0.053, 4.948, 56, 0, 0.000, 1.385, 0.088, 4.911, 50, 2, 0.922, 0.218, 0.041, 26.992, 40, 5, 0.056, 1.174, 0.028, 5.141, 51, 1, 0.332, 0.650, 0.013, 8.267, 
24, 12000, 7, 57, 0, 0.000, 0.765, 0.087, 7.850, 42, 6, 0.477, -1.009, 0.040, 4.639, 44, 5, 0.020, -1.557, 0.070, 5.997, 58, 0, 0.000, 1.369, 0.071, 4.831, 53, 2, 0.098, 1.207, 0.028, 4.980, 55, 1, 0.491, 0.654, -0.002, 7.956, 56, 1, 0.129, 1.479, 0.088, 4.954, 
25, 12500, 9, 59, 0, 0.000, 0.740, 0.079, 7.647, 42, 7, 0.420, -1.066, 0.041, 4.435, 44, 6, 0.003, -1.565, 0.052, 5.998, 58, 1, 0.037, 1.405, 0.013, 4.823, 60, 0, 0.000, 1.269, 0.041, 4.876, 57, 1, 0.428, 0.712, -0.002, 7.678, 61, 0, 0.000, 1.499, 0.087, 4.779, 62, 0, 0.000, 0.831, 0.089, 7.632, 63, 0, 0.000, -0.350, 0.014, 7.354, 
26, 13000, 9, 62, 1, 0.685, 0.723, 0.013, 7.353, 42, 8, 0.258, -1.073, 0.029, 4.307, 44, 7, 0.010, -1.569, 0.062, 6.002, 58, 2, 0.070, 1.368, 0.041, 4.794, 61, 1, 0.058, 1.492, 0.041, 4.756, 64, 0, 0.000, 0.840, 0.088, 7.306, 63, 1, 0.715, -0.363, -0.003, 6.998, 65, 0, 0.000, 1.596, 0.087, 4.803, 66, 0, 0.000, -1.158, 0.028, 4.179, 
27, 13500, 7, 67, 0, 0.000, 0.760, -0.002, 7.052, 66, 1, 0.368, -1.243, 0.028, 4.009, 44, 8, 0.007, -1.569, 0.040, 6.004, 68, 0, 0.000, 1.399, 0.028, 4.705, 64, 1, 0.484, 0.853, 0.088, 7.064, 61, 2, 0.084, 1.594, 0.052, 4.739, 69, 0, 0.000, -0.169, 0.087, 18.233, 
28, 14000, 10, 70, 0, 0.000, 0.810, 0.014, 6.787, 66, 2, 0.162, -1.343, 0.028, 3.948, 44, 9, 0.016, -1.573, 0.070, 5.999, 68, 1, 0.176, 1.492, 0.028, 4.637, 67, 1, 0.519, 0.853, 0.088, 6.850, 61, 3, 0.084, 1.610, 0.062, 4.780, 71, 0, 0.000, -1.661, 0.087, 6.009, 69, 1, 16.643, 0.230, 0.041, 25.103, 72, 0, 0.000, -0.424, -0.002, 6.257, 73, 0, 0.000, 0.949, 0.089, 6.818, 
29, 14500, 10, 74, 0, 0.000, 0.864, 0.013, 6.534, 66, 3, 0.179, -1.341, 0.013, 3.859, 68, 2, 0.052, 1.580, 0.028, 4.629, 75, 0, 0.000, 0.825, 0.090, 6.598, 69, 2, 0.751, 0.246, 0.028, 24.733, 72, 1, 0.710, -0.414, 0.053, 5.911, 70, 1, 0.466, 0.937, 0.079, 6.622, 76, 0, 0.000, -0.176, 0.053, 17.454, 61, 4, 0.103, 1.708, 0.052, 4.808, 77, 0, 0.000, 1.359, -0.002, 7.197, 
30, 15000, 11, 70, 2, 0.048, 0.887, 0.014, 6.620, 78, 0, 0.000, -1.305, -0.038, 3.762, 68, 3, 0.203, 1.738, 0.051, 4.671, 79, 0, 0.000, -0.366, 0.028, 9.512, 80, 0, 0.000, 0.975, 0.014, 6.321, 77, 1, 0.622, 1.420, -0.038, 7.490, 66, 4, 0.133, -1.458, -0.002, 3.818, 69, 3, 1.078, 0.361, 0.028, 24.355, 81, 0, 0.000, 0.656, 0.028, 17.131, 76, 1, 0.892, -0.103, 0.063, 17.053, 82, 0, 0.000, 1.087, 0.087, 6.422, 
31, 15500, 8, 82, 1, 0.153, 0.984, 0.013, 6.396, 83, 0, 0.000, -1.368, -0.038, 3.664, 68, 4, 1.556, 1.725, 0.052, 5.449, 84, 0, 0.000, -0.330, 0.014, 5.186, 85, 0, 0.000, 1.091, 0.013, 6.135, 78, 1, 0.202, -1.488, -0.002, 3.725, 86, 0, 0.000, 1.172, -0.058, 6.363, 87, 0, 0.000, 1.397, -0.019, 8.999, 
32, 16000, 6, 88, 0, 0.000, 1.135, 0.013, 5.989, 83, 1, 0.146, -1.482, -0.057, 3.615, 84, 1, 0.714, -0.385, 0.043, 4.839, 85, 1, 0.389, 1.272, 0.078, 6.216, 89, 0, 0.000, -1.115, 0.041, 6.265, 90, 0, 0.000, -0.081, 0.087, 16.343, 
33, 16500, 7, 88, 1, 0.334, 1.155, -0.020, 5.827, 84, 2, 0.776, -0.460, -0.039, 4.478, 89, 1, 0.404, -1.211, 0.013, 6.094, 90, 1, 0.852, -0.091, 0.077, 15.919, 83, 2, 0.059, -1.609, -0.057, 3.615, 91, 0, 0.000, -0.213, -0.002, 7.158, 92, 0, 0.000, 0.358, -0.002, 23.297, 
34, 17000, 6, 93, 0, 0.000, 1.244, -0.002, 5.688, 84, 3, 0.730, -0.501, 0.013, 4.122, 90, 2, 1.564, -0.088, 0.087, 15.138, 83, 3, 0.053, -1.705, -0.056, 3.625, 92, 1, 0.785, 0.367, 0.013, 22.908, 88, 2, 0.291, 1.165, 0.088, 5.714, 
35, 17500, 5, 93, 1, 0.269, 1.231, -0.002, 5.554, 84, 4, 0.773, -0.624, -0.002, 3.765, 90, 3, 0.110, -0.145, 0.041, 15.124, 92, 2, 0.826, 0.294, -0.002, 22.558, 94, 0, 0.000, -1.404, 0.070, 5.847, 
36, 18000, 8, 95, 0, 0.000, 1.193, -0.020, 5.411, 84, 5, 0.594, -0.750, 0.013, 3.496, 94, 1, 0.139, -1.540, 0.052, 5.832, 96, 0, 0.000, 1.109, -0.002, 5.388, 97, 0, 0.000, 0.541, 0.088, 15.323, 98, 0, 0.000, -1.793, 0.051, 5.744, 93, 2, 0.366, 1.130, 0.088, 5.421, 90, 4, 0.820, -0.252, 0.028, 14.800, 
37, 18500, 8, 96, 1, 0.290, 1.241, -0.002, 5.289, 84, 6, 0.578, -0.781, 0.029, 3.209, 94, 2, 0.076, -1.579, 0.052, 5.799, 90, 5, 0.858, -0.219, 0.088, 14.405, 99, 0, 0.000, -0.400, -0.039, 5.659, 100, 0, 0.000, 1.368, 0.078, 5.474, 101, 0, 0.000, 0.254, 0.013, 21.785, 102, 0, 0.000, -0.602, 0.028, 6.994, 
38, 19000, 11, 103, 0, 0.000, 1.296, 0.013, 5.173, 84, 7, 0.524, -0.859, 0.044, 2.956, 94, 3, 0.008, -1.579, 0.062, 5.803, 90, 6, 0.712, -0.219, 0.063, 14.054, 99, 1, 0.700, -0.415, -0.040, 5.310, 101, 1, 0.764, 0.277, 0.013, 21.408, 102, 1, 0.653, -0.625, 0.013, 6.670, 100, 1, 0.214, 1.471, 0.071, 5.553, 96, 2, 0.283, 1.387, -0.002, 5.203, 104, 0, 0.000, 1.180, 0.087, 5.537, 105, 0, 0.000, 1.687, 0.062, 8.617, 
39, 19500, 6, 103, 1, 0.237, 1.364, 0.013, 5.066, 94, 4, 0.022, -1.604, 0.087, 5.810, 99, 2, 0.613, -0.499, -0.020, 5.022, 84, 8, 0.470, -0.985, 0.028, 2.743, 101, 2, 0.283, 0.285, 0.088, 21.327, 102, 2, 0.562, -0.683, 0.028, 6.400, 
40, 20000, 7, 103, 2, 0.133, 1.456, 0.013, 5.021, 106, 0, 0.000, -1.646, 0.077, 5.805, 84, 9, 0.449, -1.081, -0.058, 2.540, 101, 3, 1.306, 0.280, 0.013, 20.731, 102, 3, 0.632, -0.698, 0.028, 6.085, 94, 5, 0.012, -1.565, 0.087, 5.808, 107, 0, 0.000, -0.225, 0.088, 13.298, 
41, 20500, 7, 103, 3, 0.016, 1.501, -0.002, 5.018, 106, 1, 0.004, -1.643, 0.052, 5.805, 84, 10, 0.469, -1.234, 0.090, 2.358, 101, 4, 0.765, 0.294, 0.028, 20.353, 102, 4, 0.605, -0.730, 0.014, 5.786, 107, 1, 0.775, -0.220, 0.071, 12.913, 108, 0, 0.000, 1.389, 0.087, 5.229, 
42, 21000, 10, 108, 1, 0.234, 1.503, -0.002, 5.166, 106, 2, 0.066, -1.552, 0.070, 5.796, 84, 11, 0.278, -1.325, 0.041, 2.231, 102, 5, 0.590, -0.721, 0.028, 5.492, 107, 2, 0.706, -0.195, 0.087, 12.566, 109, 0, 0.000, 1.394, -0.002, 5.772, 103, 4, 0.081, 1.610, -0.019, 5.008, 110, 0, 0.000, -0.518, -0.038, 3.942, 111, 0, 0.000, 1.687, -0.002, 5.136, 112, 0, 0.000, 1.692, 0.070, 5.159, 
43, 21500, 8, 113, 0, 0.000, 1.504, 0.013, 5.436, 84, 12, 0.240, -1.469, 0.052, 2.133, 111, 1, 0.067, 1.609, -0.002, 5.154, 103, 5, 0.159, 1.712, -0.019, 5.061, 114, 0, 0.000, 1.698, 0.087, 5.100, 102, 6, 0.592, -0.751, 0.028, 5.198, 115, 0, 0.000, 0.374, 0.028, 19.642, 116, 0, 0.000, 1.351, -0.057, 8.971, 
44, 22000, 10, 111, 2, 0.086, 1.683, 0.077, 5.167, 117, 0, 0.000, -1.558, 0.052, 5.754, 118, 0, 0.000, -0.645, -0.078, 3.273, 115, 1, 0.869, 0.346, 0.013, 19.218, 116, 1, 0.132, 1.364, -0.057, 8.906, 102, 7, 0.592, -0.843, 0.041, 4.923, 84, 13, 0.174, -1.677, -0.019, 2.169, 119, 0, 0.000, -0.555, -0.100, 3.285, 120, 0, 0.000, -0.198, 0.013, 11.757, 121, 0, 0.000, -0.424, 0.041, 11.287, 
45, 22500, 7, 111, 3, 0.438, 1.684, 0.070, 5.386, 117, 1, 0.044, -1.527, 0.052, 5.735, 118, 1, 0.680, -0.681, -0.124, 2.938, 115, 2, 0.797, 0.363, 0.013, 18.822, 116, 2, 0.176, 1.408, -0.057, 8.826, 102, 8, 0.577, -0.915, 0.040, 4.646, 121, 1, 0.613, -0.212, 0.063, 11.341, 
46, 23000, 5, 111, 4, 0.085, 1.645, 0.040, 5.422, 117, 2, 0.053, -1.585, 0.052, 5.751, 118, 2, 0.685, -0.884, -0.082, 2.652, 116, 3, 0.164, 1.403, -0.057, 8.745, 115, 3, 14.821, -0.156, 0.071, 23.723, 
47, 23500, 8, 111, 5, 0.668, 1.666, 0.013, 5.753, 117, 3, 0.047, -1.597, 0.077, 5.773, 118, 3, 0.449, -0.893, -0.124, 2.429, 116, 4, 0.144, 1.425, -0.038, 8.676, 115, 4, 1.059, -0.102, 0.087, 23.231, 122, 0, 0.000, -0.512, 0.028, 10.221, 123, 0, 0.000, 0.344, 0.028, 18.159, 124, 0, 0.000, -0.279, 0.013, 10.615, 
48, 24000, 7, 111, 6, 1.159, 1.683, -0.002, 6.331, 117, 4, 0.018, -1.606, 0.028, 5.771, 118, 4, 0.462, -1.028, -0.154, 2.219, 124, 1, 2.887, -0.130, 0.088, 11.912, 125, 0, 0.000, -0.369, 0.041, 14.005, 116, 5, 0.093, 1.488, -0.037, 8.647, 126, 0, 0.000, 0.676, 0.028, 11.094, 
49, 24500, 3, 117, 5, 0.034, -1.574, 0.062, 5.782, 118, 5, 0.380, -1.134, -0.219, 2.045, 125, 1, 17.792, -0.125, 0.088, 22.472, 
50, 25000, 7, 117, 6, 0.036, -1.574, -0.002, 5.788, 118, 6, 0.328, -1.327, -0.252, 1.915, 125, 2, 0.651, -0.118, 0.070, 22.150, 127, 0, 0.000, 0.350, 0.013, 17.019, 128, 0, 0.000, 1.543, -0.019, 8.609, 129, 0, 0.000, -0.587, 0.028, 9.288, 130, 0, 0.000, -0.187, 0.087, 10.998, 
51, 25500, 7, 118, 7, 0.161, -1.417, -0.197, 1.845, 131, 0, 0.000, -0.245, -0.002, 9.166, 129, 1, 0.699, -0.545, 0.028, 8.947, 127, 1, 0.756, 0.419, 0.028, 16.682, 132, 0, 0.000, 1.495, -0.019, 8.955, 125, 3, 0.799, -0.081, 0.077, 21.765, 128, 1, 0.256, 1.669, 0.013, 8.664, 
52, 26000, 8, 118, 8, 0.135, -1.629, -0.262, 1.820, 131, 1, 0.815, -0.204, -0.002, 8.766, 129, 2, 0.700, -0.516, 0.028, 8.600, 127, 2, 0.363, 0.443, 0.028, 16.505, 132, 1, 0.121, 1.587, -0.002, 8.933, 133, 0, 0.000, 1.662, 0.013, 8.952, 125, 4, 0.940, -0.028, 0.053, 21.332, 134, 0, 0.000, 0.864, 0.040, 9.989, 
53, 26500, 7, 118, 9, 0.046, -1.675, -0.213, 1.839, 135, 0, 0.000, 1.611, -0.037, 9.049, 133, 1, 0.125, 1.688, -0.019, 9.007, 131, 2, 0.774, -0.144, 0.014, 8.395, 136, 0, 0.000, 0.427, 0.053, 21.656, 125, 5, 0.684, 0.123, 0.052, 21.432, 134, 1, 0.595, 0.964, 0.063, 9.743, 
54, 27000, 8, 137, 0, 0.000, -1.657, -0.214, 1.813, 131, 3, 1.091, 0.050, -0.002, 8.000, 118, 10, 0.061, -1.536, -0.166, 1.827, 134, 2, 3.280, 1.312, 0.028, 10.794, 138, 0, 0.000, -1.287, -0.060, 2.349, 139, 0, 0.000, 0.461, -0.002, 36.621, 136, 1, 13.877, 0.783, 0.013, 15.717, 140, 0, 0.000, -1.161, -0.078, 2.551, 
55, 27500, 6, 137, 1, 0.043, -1.588, -0.168, 1.798, 138, 1, 0.272, -1.303, -0.058, 2.214, 136, 2, 0.775, 0.967, 0.040, 15.597, 131, 4, 0.892, 0.232, -0.002, 7.681, 134, 3, 2.476, 1.407, 0.028, 9.599, 141, 0, 0.000, 0.447, 0.070, 20.694, 
56, 28000, 10, 137, 2, 0.181, -1.756, -0.187, 1.863, 142, 0, 0.000, -1.453, -0.078, 2.120, 131, 5, 0.842, 0.299, -0.003, 7.277, 141, 1, 0.182, 0.404, 0.088, 20.625, 138, 2, 0.045, -1.260, -0.057, 2.193, 143, 0, 0.000, -1.111, -0.020, 2.814, 136, 3, 0.488, 1.046, 0.013, 15.406, 144, 0, 0.000, -0.087, 0.062, 7.082, 145, 0, 0.000, 0.835, 0.028, 21.067, 146, 0, 0.000, 1.254, 0.028, 14.627, 
57, 28500, 8, 137, 3, 0.155, -1.770, -0.162, 1.940, 142, 1, 0.165, -1.514, -0.057, 2.041, 131, 6, 0.589, 0.418, 0.028, 7.035, 143, 1, 0.492, -1.135, 0.040, 2.574, 136, 4, 0.441, 1.063, 0.041, 15.193, 145, 1, 1.237, 0.954, 0.013, 20.597, 147, 0, 0.000, 0.600, 0.071, 21.321, 146, 1, 0.511, 1.372, 0.041, 14.474, 
58, 29000, 8, 148, 0, 0.000, -1.424, -0.002, 1.932, 143, 2, 0.452, -1.107, 0.055, 2.349, 131, 7, 1.183, 0.560, 0.013, 6.510, 136, 5, 1.011, 1.293, 0.013, 15.093, 149, 0, 0.000, -0.499, 0.053, 0.858, 137, 4, 0.170, -1.571, -0.057, 1.976, 150, 0, 0.000, 1.403, 0.077, 16.805, 145, 2, 1.326, 0.768, 0.077, 20.865, 
59, 29500, 8, 148, 1, 0.109, -1.496, -0.038, 1.883, 143, 3, 0.374, -1.160, 0.052, 2.165, 136, 6, 0.126, 1.381, -0.002, 15.090, 131, 8, 0.271, 0.727, 0.013, 6.555, 151, 0, 0.000, 0.535, 0.087, 9.936, 137, 5, 0.041, -1.629, -0.038, 1.959, 152, 0, 0.000, -0.904, 0.076, 2.773, 145, 3, 3.793, 0.857, 0.087, 19.043, 
60, 30000, 4, 148, 2, 0.119, -1.623, -0.038, 1.839, 143, 4, 0.309, -1.213, 0.028, 2.014, 136, 7, 0.243, 1.499, -0.002, 15.072, 152, 1, 0.475, -0.921, 0.077, 2.536, 
61, 30500, 10, 148, 3, 0.145, -1.713, -0.056, 1.904, 153, 0, 0.000, -1.356, 0.043, 1.878, 154, 0, 0.000, 1.478, -0.037, 19.008, 152, 2, 0.518, -0.960, 0.028, 2.282, 155, 0, 0.000, 0.952, -0.002, 5.736, 156, 0, 0.000, 1.664, -0.002, 15.615, 157, 0, 0.000, 0.958, 0.089, 5.756, 158, 0, 0.000, 0.521, 0.013, 5.265, 136, 8, 0.993, 1.576, 0.062, 15.493, 159, 0, 0.000, 0.720, 0.041, 9.348, 
62, 31000, 10, 160, 0, 0.000, -1.729, -0.076, 2.175, 153, 1, 0.159, -1.432, -0.002, 1.805, 152, 3, 0.416, -0.999, 0.073, 2.077, 136, 9, 0.477, 1.694, -0.002, 15.392, 161, 0, 0.000, 0.637, -0.104, 4.844, 158, 1, 0.717, 0.638, 0.041, 4.942, 155, 1, 0.381, 1.099, -0.020, 5.607, 159, 1, 0.644, 0.856, 0.053, 9.111, 162, 0, 0.000, -0.324, 0.041, 46.229, 163, 0, 0.000, -0.119, 0.063, 13.665, 
63, 31500, 6, 153, 2, 0.213, -1.386, -0.060, 1.703, 164, 0, 0.000, -1.093, 0.089, 1.864, 161, 1, 0.507, 0.758, -0.019, 4.641, 163, 1, 14.494, -0.301, 0.041, 20.684, 155, 2, 0.468, 1.290, -0.002, 5.473, 165, 0, 0.000, 1.267, 0.087, 5.468, 
64, 32000, 6, 166, 0, 0.000, -1.520, -0.100, 1.659, 167, 0, 0.000, -1.114, 0.096, 1.694, 161, 2, 0.896, 0.980, -0.079, 4.306, 168, 0, 0.000, -1.017, -0.003, 1.697, 153, 3, 0.096, -1.204, -0.002, 1.686, 155, 3, 0.256, 1.434, -0.020, 5.401, 
65, 32500, 8, 166, 1, 0.038, -1.585, -0.002, 1.667, 169, 0, 0.000, -1.276, 0.013, 1.533, 170, 0, 0.000, 1.071, -0.103, 4.134, 171, 0, 0.000, -1.174, -0.038, 1.545, 172, 0, 0.000, -0.108, 0.078, 18.632, 173, 0, 0.000, -1.684, -0.097, 1.670, 155, 4, 0.218, 1.565, -0.002, 5.339, 161, 3, 0.308, 1.062, 0.052, 4.202, 
66, 33000, 6, 169, 1, 0.262, -1.284, -0.057, 1.405, 173, 1, 0.079, -1.684, -0.076, 1.709, 170, 1, 0.265, 1.161, 0.064, 4.074, 161, 4, 0.335, 1.268, 0.088, 4.123, 155, 5, 0.179, 1.681, -0.002, 5.392, 172, 1, 1.816, -0.223, 0.041, 17.855, 
67, 33500, 5, 169, 2, 0.159, -1.332, 0.041, 1.333, 174, 0, 0.000, -1.452, -0.077, 1.328, 170, 2, 0.210, 1.277, 0.062, 3.996, 175, 0, 0.000, -0.917, 0.014, 2.707, 176, 0, 0.000, 1.360, -0.099, 3.935, 
68, 34000, 5, 174, 1, 0.103, -1.464, 0.052, 1.287, 177, 0, 0.000, -1.563, 0.041, 1.286, 176, 1, 0.160, 1.463, -0.002, 3.894, 175, 1, 0.507, -1.019, 0.013, 2.467, 178, 0, 0.000, 1.460, -0.121, 3.881, 
69, 34500, 11, 177, 1, 0.074, -1.661, -0.099, 1.304, 176, 2, 0.062, 1.562, -0.002, 3.881, 175, 2, 0.397, -1.108, 0.013, 2.277, 178, 1, 0.038, 1.489, -0.120, 3.864, 179, 0, 0.000, 0.854, -0.019, 5.573, 180, 0, 0.000, 1.572, -0.142, 3.865, 181, 0, 0.000, -1.755, 0.051, 1.305, 182, 0, 0.000, 0.325, 0.028, 11.044, 183, 0, 0.000, 0.961, -0.057, 5.155, 184, 0, 0.000, 1.269, 0.040, 4.038, 185, 0, 0.000, 1.060, 0.028, 4.877, 
70, 35000, 4, 181, 1, 0.268, -1.820, -0.019, 1.433, 176, 3, 0.046, 1.577, -0.019, 3.860, 175, 3, 0.355, -1.286, 0.013, 2.133, 178, 2, 0.050, 1.549, -0.120, 3.845, 
71, 35500, 5, 181, 2, 0.454, -1.838, 0.074, 1.654, 176, 4, 0.007, 1.570, -0.019, 3.863, 175, 4, 0.229, -1.437, 0.013, 2.042, 178, 3, 0.001, 1.561, -0.120, 3.845, 186, 0, 0.000, -0.180, 0.042, 12.040, 
72, 36000, 6, 175, 5, 0.086, -1.603, -0.019, 2.028, 176, 5, 0.016, 1.555, 0.013, 3.857, 178, 4, 0.001, 1.552, -0.120, 3.845, 187, 0, 0.000, 1.361, -0.020, 3.945, 186, 1, 13.399, 0.084, 0.087, 18.310, 188, 0, 0.000, 1.470, -0.038, 3.885, 
73, 36500, 5, 189, 0, 0.000, -1.592, 0.040, 2.219, 176, 6, 0.005, 1.558, 0.028, 3.855, 186, 2, 0.275, 0.102, 0.077, 18.444, 175, 6, 0.237, -1.799, 0.039, 2.104, 190, 0, 0.000, -0.623, 0.062, 3.787, 
74, 37000, 7, 191, 0, 0.000, -1.585, -0.216, 2.323, 176, 7, 0.083, 1.593, -0.057, 3.881, 189, 1, 0.120, -1.729, -0.037, 2.252, 192, 0, 0.000, 1.697, -0.002, 3.892, 193, 0, 0.000, 1.473, -0.019, 4.367, 194, 0, 0.000, 1.689, -0.141, 3.885, 195, 0, 0.000, 1.160, -0.019, 4.776, 
75, 37500, 7, 191, 1, 0.007, -1.572, -0.238, 2.320, 192, 1, 0.034, 1.670, -0.002, 3.907, 193, 1, 0.149, 1.561, -0.019, 4.309, 194, 1, 0.038, 1.679, -0.142, 3.903, 196, 0, 0.000, -0.757, 0.082, 3.178, 197, 0, 0.000, -0.210, 0.042, 10.524, 198, 0, 0.000, 0.458, 0.063, 8.922, 
76, 38000, 3, 191, 2, 0.006, -1.588, -0.237, 2.318, 193, 2, 0.018, 1.565, 0.013, 4.302, 197, 1, 15.644, 0.151, 0.088, 17.660, 
77, 38500, 4, 191, 3, 0.028, -1.557, -0.213, 2.330, 193, 3, 0.010, 1.548, -0.002, 4.298, 199, 0, 0.000, -1.000, 0.063, 2.726, 200, 0, 0.000, -0.267, 0.063, 9.791, 
78, 39000, 5, 191, 4, 0.011, -1.578, -0.213, 2.335, 193, 4, 0.019, 1.554, 0.013, 4.289, 199, 1, 0.449, -1.125, 0.063, 2.521, 200, 1, 0.789, -0.269, 0.041, 9.399, 201, 0, 0.000, -0.107, 0.077, 8.790, 
79, 39500, 6, 191, 5, 0.029, -1.647, -0.238, 2.344, 193, 5, 0.001, 1.565, 0.013, 4.289, 199, 2, 0.407, -1.276, 0.070, 2.345, 201, 1, 0.792, -0.281, 0.014, 9.035, 202, 0, 0.000, -0.026, 0.040, 7.720, 203, 0, 0.000, 0.503, 0.028, 7.569, 
80, 40000, 6, 191, 6, 0.030, -1.670, -0.236, 2.358, 193, 6, 0.035, 1.566, 0.013, 4.272, 199, 3, 0.212, -1.437, 0.073, 2.268, 201, 2, 0.756, -0.311, 0.054, 8.668, 204, 0, 0.000, -0.017, -0.002, 6.452, 203, 1, 0.627, 0.516, 0.054, 7.258, 
81, 40500, 5, 199, 4, 0.087, -1.536, -0.077, 2.261, 193, 7, 0.044, 1.534, -0.037, 4.257, 201, 3, 0.693, -0.331, 0.054, 8.323, 204, 1, 1.982, 0.108, -0.057, 5.512, 203, 2, 0.622, 0.542, 0.090, 6.954, 
82, 41000, 5, 199, 5, 0.009, -1.574, -0.038, 2.260, 193, 8, 0.029, 1.554, -0.002, 4.246, 201, 4, 0.787, -0.312, 0.013, 7.937, 204, 2, 2.299, 0.191, 0.040, 4.398, 203, 3, 0.744, 0.592, 0.064, 6.593, 
83, 41500, 7, 199, 6, 0.027, -1.543, -0.057, 2.248, 193, 9, 0.025, 1.585, -0.019, 4.256, 201, 5, 0.765, -0.286, 0.014, 7.557, 204, 3, 1.600, 0.305, 0.014, 3.623, 203, 4, 0.662, 0.684, 0.014, 6.296, 205, 0, 0.000, 0.423, -0.002, 3.350, 206, 0, 0.000, 1.777, -0.019, 4.350, 
84, 42000, 10, 199, 7, 0.081, -1.659, -0.098, 2.272, 193, 10, 0.017, 1.561, -0.002, 4.263, 201, 6, 0.700, -0.300, 0.042, 7.211, 207, 0, 0.000, 0.714, 0.070, 2.423, 205, 1, 1.833, 0.594, -0.038, 2.471, 206, 1, 0.007, 1.769, -0.002, 4.353, 208, 0, 0.000, -1.683, 0.070, 2.258, 209, 0, 0.000, 0.139, 0.041, 14.012, 210, 0, 0.000, 1.664, -0.037, 4.286, 211, 0, 0.000, -0.642, 0.075, 3.611, 
85, 42500, 6, 199, 8, 0.247, -1.523, -0.214, 2.360, 193, 11, 0.031, 1.545, 0.013, 4.277, 201, 7, 0.785, -0.323, 0.029, 6.820, 207, 1, 1.175, 0.936, -0.061, 1.898, 209, 1, 0.765, 0.103, 0.028, 13.640, 212, 0, 0.000, 1.226, -0.037, 1.767, 
86, 43000, 8, 199, 9, 0.029, -1.573, -0.238, 2.348, 212, 1, 0.559, 1.601, -0.120, 1.604, 201, 8, 0.713, -0.348, 0.052, 6.468, 193, 12, 4.587, 0.803, -0.020, 5.446, 213, 0, 0.000, -0.215, 0.028, 10.277, 214, 0, 0.000, -0.800, -0.021, 3.055, 215, 0, 0.000, -0.687, 0.054, 3.183, 209, 2, 0.405, 0.205, 0.089, 13.533, 
87, 43500, 8, 216, 0, 0.000, 1.529, -0.019, 4.263, 201, 9, 0.806, -0.428, 0.013, 6.089, 217, 0, 0.000, 0.799, -0.078, 5.114, 213, 1, 0.829, -0.275, 0.028, 9.880, 214, 1, 0.282, -0.822, 0.014, 2.917, 218, 0, 0.000, -0.029, 0.028, 11.087, 219, 0, 0.000, -0.974, 0.040, 2.802, 193, 13, 0.601, 0.806, -0.002, 5.146, 
88, 44000, 9, 216, 1, 0.013, 1.540, -0.002, 4.258, 201, 10, 0.736, -0.450, 0.013, 5.723, 220, 0, 0.000, 0.850, -0.101, 4.854, 213, 2, 0.685, -0.294, 0.041, 9.540, 219, 1, 0.273, -0.921, 0.028, 2.670, 217, 1, 0.554, 0.844, 0.054, 4.885, 221, 0, 0.000, 1.303, -0.020, 4.369, 222, 0, 0.000, -1.123, 0.065, 2.618, 223, 0, 0.000, -1.566, -0.166, 2.379, 
89, 44500, 9, 216, 2, 0.006, 1.558, -0.019, 4.259, 201, 11, 0.647, -0.481, 0.053, 5.406, 224, 0, 0.000, 0.892, -0.126, 4.603, 222, 1, 0.342, -1.074, 0.028, 2.452, 220, 1, 0.421, 0.902, -0.020, 4.665, 223, 1, 0.025, -1.653, -0.212, 2.377, 225, 0, 0.000, -1.236, 0.071, 2.430, 226, 0, 0.000, -0.811, 0.014, 6.019, 213, 3, 7.642, 0.165, 0.078, 12.369, 
90, 45000, 6, 216, 3, 0.055, 1.540, 0.013, 4.235, 201, 12, 0.765, -0.586, 0.054, 5.051, 227, 0, 0.000, -1.234, 0.028, 2.282, 223, 2, 0.098, -1.595, -0.142, 2.417, 225, 1, 0.273, -1.446, 0.041, 2.347, 228, 0, 0.000, 1.524, -0.098, 4.235, 
91, 45500, 7, 228, 1, 0.116, 1.520, -0.057, 4.181, 201, 13, 0.691, -0.636, 0.073, 4.712, 227, 1, 0.251, -1.429, 0.042, 2.198, 225, 2, 0.123, -1.620, 0.077, 2.321, 216, 4, 0.100, 1.515, 0.028, 4.186, 229, 0, 0.000, 0.988, -0.002, 4.202, 223, 3, 0.145, -1.747, -0.210, 2.457, 
92, 46000, 10, 228, 2, 0.093, 1.526, -0.019, 4.137, 201, 14, 0.580, -0.687, 0.055, 4.429, 227, 2, 0.080, -1.602, 0.062, 2.191, 229, 1, 0.296, 1.037, 0.028, 4.060, 230, 0, 0.000, -1.613, -0.057, 2.200, 231, 0, 0.000, -1.341, 0.028, 11.013, 232, 0, 0.000, 1.078, -0.148, 3.951, 216, 5, 0.103, 1.421, 0.071, 4.157, 233, 0, 0.000, -1.009, -0.002, 5.307, 234, 0, 0.000, -0.426, 0.042, 8.073, 
93, 46500, 10, 235, 0, 0.000, 1.533, -0.019, 4.106, 236, 0, 0.000, -0.719, 0.064, 4.146, 237, 0, 0.000, -1.638, 0.028, 2.387, 232, 1, 0.273, 1.144, 0.028, 3.883, 231, 1, 0.136, -1.347, 0.013, 10.947, 228, 3, 0.075, 1.456, -0.002, 4.110, 238, 0, 0.000, 1.144, -0.123, 3.833, 230, 1, 0.134, -1.755, 0.013, 2.239, 201, 15, 0.575, -0.727, -0.020, 4.156, 234, 1, 2.240, -0.106, 0.042, 8.783, 
94, 47000, 12, 239, 0, 0.000, 1.549, -0.077, 4.096, 236, 1, 0.633, -0.720, -0.002, 3.838, 237, 1, 0.070, -1.672, -0.037, 2.416, 238, 1, 0.318, 1.338, -0.002, 3.771, 231, 2, 0.224, -1.323, 0.013, 10.838, 240, 0, 0.000, 1.342, -0.144, 3.726, 234, 2, 0.774, -0.048, -0.002, 8.419, 241, 0, 0.000, -1.531, 0.028, 5.295, 242, 0, 0.000, -0.375, 0.014, 7.377, 243, 0, 0.000, -1.412, 0.040, 18.760, 244, 0, 0.000, 0.044, 0.089, 10.017, 235, 1, 0.023, 1.586, -0.002, 4.100, 
95, 47500, 10, 245, 0, 0.000, 1.462, -0.168, 3.668, 236, 2, 0.562, -0.749, -0.021, 3.559, 238, 2, 0.048, 1.345, 0.052, 3.753, 231, 3, 0.266, -1.325, 0.062, 10.718, 234, 3, 0.790, 0.009, -0.003, 8.037, 241, 1, 0.046, -1.588, 0.028, 5.281, 242, 1, 0.755, -0.369, 0.041, 7.003, 243, 1, 0.242, -1.415, 0.052, 18.640, 240, 1, 0.154, 1.430, -0.002, 3.700, 246, 0, 0.000, -0.745, 0.075, 3.557, 
96, 48000, 12, 245, 1, 0.086, 1.523, -0.143, 3.632, 246, 1, 0.595, -0.846, -0.003, 3.286, 247, 0, 0.000, 1.532, -0.019, 3.645, 231, 4, 0.197, -1.369, 0.013, 10.643, 234, 4, 0.785, -0.031, -0.019, 7.651, 242, 2, 0.684, -0.395, 0.014, 6.666, 248, 0, 0.000, -0.145, 0.077, 8.829, 249, 0, 0.000, -1.114, -0.058, 4.499, 250, 0, 0.000, 0.730, -0.020, 19.101, 251, 0, 0.000, 1.739, 0.013, 4.158, 252, 0, 0.000, 0.871, 0.077, 18.398, 241, 2, 0.085, -1.662, 0.013, 5.308, 
97, 48500, 9, 245, 2, 0.033, 1.578, -0.166, 3.622, 246, 2, 0.472, -0.933, 0.014, 3.062, 247, 1, 0.025, 1.561, 0.013, 3.636, 231, 5, 0.078, -1.385, 0.028, 10.607, 234, 5, 0.785, -0.029, -0.019, 7.259, 242, 3, 0.733, -0.439, 0.054, 6.310, 241, 3, 3.253, -1.685, 0.027, 6.933, 253, 0, 0.000, -1.396, 0.087, 10.613, 254, 0, 0.000, 0.263, 0.028, 10.777, 
98, 49000, 10, 245, 3, 0.044, 1.607, -0.165, 3.642, 246, 3, 0.454, -0.995, 0.028, 2.841, 247, 2, 0.038, 1.597, -0.002, 3.652, 234, 6, 0.788, -0.016, -0.038, 6.866, 255, 0, 0.000, 0.185, 0.028, 8.604, 242, 4, 0.752, -0.356, 0.029, 5.957, 256, 0, 0.000, 1.460, -0.143, 3.680, 257, 0, 0.000, 0.064, -0.020, 6.842, 258, 0, 0.000, 1.689, -0.141, 3.658, 259, 0, 0.000, 0.917, 0.062, 20.248, 
99, 49500, 10, 256, 1, 0.022, 1.521, -0.166, 3.683, 246, 4, 0.447, -1.070, -0.040, 2.630, 247, 3, 0.109, 1.692, -0.019, 3.690, 242, 5, 0.750, -0.350, 0.028, 5.581, 257, 1, 0.739, 0.084, -0.019, 6.475, 258, 1, 0.026, 1.686, -0.165, 3.670, 260, 0, 0.000, 1.571, -0.037, 3.702, 261, 0, 0.000, -0.030, 0.087, 7.940, 259, 1, 4.897, 1.014, 0.087, 17.888, 255, 1, 1.186, 0.266, 0.072, 9.160, 
100, 50000, 7, 258, 2, 0.048, 1.630, -0.165, 3.688, 246, 5, 0.420, -1.215, -0.002, 2.448, 262, 0, 0.000, 1.640, 0.027, 3.704, 242, 6, 0.739, -0.401, 0.014, 5.219, 257, 2, 0.779, 0.081, -0.003, 6.086, 259, 2, 0.751, 1.158, 0.028, 17.726, 260, 1, 0.036, 1.634, -0.057, 3.712, 
101, 50500, 10, 260, 2, 0.101, 1.667, -0.142, 3.747, 246, 6, 0.300, -1.295, -0.037, 2.307, 242, 7, 0.774, -0.374, -0.020, 4.837, 263, 0, 0.000, 0.156, -0.020, 5.702, 259, 3, 0.721, 1.091, 0.077, 17.425, 257, 3, 0.598, 0.051, -0.020, 5.791, 264, 0, 0.000, 0.385, 0.087, 9.219, 265, 0, 0.000, 1.581, -0.057, 3.788, 266, 0, 0.000, -1.323, 0.062, 2.302, 267, 0, 0.000, 0.272, 0.028, 7.403, 
102, 51000, 10, 265, 1, 0.230, 1.684, -0.165, 3.861, 266, 1, 0.188, -1.391, 0.013, 2.216, 242, 8, 0.819, -0.367, 0.028, 4.433, 263, 1, 0.765, 0.170, -0.020, 5.321, 259, 4, 0.131, 1.178, 0.071, 17.425, 267, 1, 0.795, 0.335, 0.042, 7.021, 268, 0, 0.000, 1.300, -0.038, 17.504, 264, 1, 0.613, 0.498, 0.062, 8.972, 269, 0, 0.000, 1.627, 0.013, 12.148, 270, 0, 0.000, 1.752, -0.037, 3.871, 
103, 51500, 10, 266, 2, 0.222, -1.315, -0.002, 2.111, 242, 9, 0.597, -0.342, -0.041, 4.146, 263, 2, 0.834, 0.239, -0.021, 4.916, 271, 0, 0.000, 0.310, -0.019, 4.916, 272, 0, 0.000, 1.313, -0.038, 17.858, 267, 2, 0.734, 0.477, 0.028, 6.722, 273, 0, 0.000, -0.741, 0.091, 5.833, 268, 1, 0.299, 1.320, 0.070, 17.549, 274, 0, 0.000, 1.440, 0.028, 17.482, 259, 5, 0.453, 1.113, -0.019, 17.305, 
104, 52000, 10, 266, 3, 0.335, -1.185, 0.088, 1.968, 242, 10, 0.964, -0.161, -0.084, 3.727, 271, 1, 0.679, 0.408, -0.040, 4.599, 273, 1, 0.749, -0.668, 0.080, 6.192, 275, 0, 0.000, 1.448, 0.070, 16.999, 276, 0, 0.000, -0.466, 0.092, 4.673, 274, 1, 0.349, 1.581, 0.028, 17.480, 277, 0, 0.000, -0.569, 0.091, 5.228, 278, 0, 0.000, -0.883, 0.041, 10.433, 279, 0, 0.000, 1.037, 0.062, 26.850, 
105, 52500, 6, 266, 4, 0.330, -1.237, -0.002, 1.813, 280, 0, 0.000, -0.030, 0.041, 3.303, 275, 1, 0.665, 1.431, -0.037, 17.231, 242, 11, 0.847, -0.023, -0.085, 3.335, 271, 2, 0.894, 0.651, -0.020, 4.278, 276, 1, 0.417, -0.359, 0.013, 4.504, 
106, 53000, 9, 281, 0, 0.000, -1.287, 0.054, 1.668, 282, 0, 0.000, 0.141, 0.070, 2.918, 271, 3, 0.639, 0.846, -0.058, 4.038, 276, 2, 0.621, -0.346, 0.014, 4.814, 266, 5, 0.305, -1.297, -0.080, 1.668, 280, 1, 0.480, 0.237, 0.015, 3.177, 283, 0, 0.000, -0.240, 0.014, 4.063, 284, 0, 0.000, -0.433, 0.042, 5.570, 285, 0, 0.000, 0.680, 0.081, 6.432, 
107, 53500, 10, 281, 1, 0.267, -1.388, 0.064, 1.542, 282, 1, 0.823, 0.333, 0.077, 2.553, 284, 1, 0.791, -0.325, 0.029, 5.205, 283, 1, 0.706, -0.224, 0.065, 4.410, 286, 0, 0.000, -0.913, -0.081, 2.923, 271, 4, 0.659, 1.090, -0.059, 3.822, 287, 0, 0.000, 1.360, 0.013, 7.906, 285, 1, 1.312, 0.730, 0.028, 7.072, 288, 0, 0.000, -0.519, 0.064, 9.481, 289, 0, 0.000, -0.620, 0.078, 16.133, 
108, 54000, 9, 290, 0, 0.000, -1.506, 0.053, 1.442, 282, 2, 0.770, 0.529, 0.074, 2.210, 283, 2, 0.797, -0.131, -0.002, 4.038, 286, 1, 0.567, -0.885, -0.102, 2.641, 291, 0, 0.000, 1.323, -0.058, 3.716, 281, 2, 0.222, -1.465, -0.080, 1.451, 285, 2, 1.285, 1.029, 0.013, 6.728, 292, 0, 0.000, 1.075, 0.078, 5.978, 271, 5, 0.269, 1.216, -0.038, 3.717, 
109, 54500, 11, 281, 3, 0.054, -1.577, 0.013, 1.463, 282, 3, 0.644, 0.688, 0.060, 1.912, 283, 3, 0.952, -0.034, 0.055, 3.584, 286, 2, 0.331, -0.933, -0.176, 2.485, 291, 1, 0.313, 1.479, -0.038, 3.604, 285, 3, 0.164, 1.017, 0.087, 6.665, 293, 0, 0.000, 1.134, 0.013, 6.562, 294, 0, 0.000, -0.370, 0.054, 9.794, 295, 0, 0.000, 0.068, 0.083, 3.056, 292, 1, 0.735, 1.222, 0.087, 5.672, 296, 0, 0.000, 0.177, 0.075, 2.688, 
110, 55000, 10, 281, 4, 0.046, -1.654, 0.041, 1.481, 282, 4, 0.456, 0.950, -0.022, 1.750, 286, 3, 0.370, -0.906, -0.241, 2.306, 291, 2, 0.100, 1.628, -0.037, 3.593, 297, 0, 0.000, -0.153, -0.057, 8.566, 298, 0, 0.000, -0.569, -0.038, 8.504, 296, 1, 0.227, 0.268, -0.171, 2.710, 292, 2, 0.277, 1.384, 0.088, 5.606, 299, 0, 0.000, -0.118, 0.090, 8.312, 294, 1, 1.711, -0.228, 0.090, 9.035, 
111, 55500, 9, 281, 5, 0.083, -1.626, -0.099, 1.507, 282, 5, 0.463, 1.268, -0.002, 1.599, 286, 4, 0.652, -0.843, -0.206, 1.985, 292, 3, 1.918, 1.693, 0.086, 4.876, 299, 1, 0.537, -0.039, 0.028, 8.084, 300, 0, 0.000, 0.165, 0.062, 3.537, 301, 0, 0.000, 0.466, 0.041, 2.311, 296, 2, 0.922, 0.506, -0.081, 2.323, 298, 1, 1.033, -0.442, 0.013, 8.062, 
112, 56000, 11, 281, 6, 0.219, -1.690, -0.002, 1.607, 302, 0, 0.000, 1.372, -0.003, 1.508, 286, 5, 0.469, -1.040, -0.278, 1.787, 299, 2, 0.660, -0.020, 0.014, 7.756, 296, 3, 0.401, 0.362, 0.085, 2.467, 301, 1, 0.302, 0.480, 0.097, 2.164, 303, 0, 0.000, 0.580, -0.041, 1.983, 304, 0, 0.000, 0.330, -0.042, 2.654, 282, 6, 0.240, 1.021, 0.015, 1.525, 305, 0, 0.000, 0.598, 0.093, 1.948, 306, 0, 0.000, 0.710, 0.093, 1.934, 
113, 56500, 10, 281, 7, 0.035, -1.636, -0.077, 1.618, 302, 1, 0.135, 1.461, -0.003, 1.446, 286, 6, 0.489, -1.057, -0.337, 1.545, 307, 0, 0.000, -0.026, -0.002, 33.561, 303, 1, 0.126, 0.715, 0.088, 2.011, 308, 0, 0.000, 0.932, -0.064, 1.723, 309, 0, 0.000, 0.177, 0.013, 7.360, 310, 0, 0.000, -1.514, 0.028, 5.934, 311, 0, 0.000, -0.126, 0.052, 35.935, 299, 3, 0.881, -0.244, -0.020, 7.507, 
114, 57000, 18, 281, 8, 0.116, -1.729, 0.086, 1.647, 312, 0, 0.000, 1.568, -0.002, 1.722, 286, 7, 0.348, -1.191, -0.365, 1.383, 308, 1, 0.121, 1.045, 0.096, 1.695, 313, 0, 0.000, 0.188, -0.057, 8.006, 310, 1, 0.118, -1.510, -0.019, 5.881, 299, 4, 0.788, -0.156, 0.041, 7.154, 314, 0, 0.000, -0.233, -0.002, 7.008, 315, 0, 0.000, 1.808, -0.095, 1.499, 316, 0, 0.000, 1.207, -0.098, 1.582, 303, 2, 0.227, 0.804, -0.101, 2.081, 317, 0, 0.000, 1.237, 0.054, 1.587, 318, 0, 0.000, 0.265, -0.003, 6.986, 319, 0, 0.000, 0.573, -0.098, 2.799, 320, 0, 0.000, 0.058, 0.089, 15.205, 302, 2, 0.266, 1.800, 0.085, 1.492, 321, 0, 0.000, -0.667, 0.052, 8.851, 309, 1, 0.589, 0.373, -0.020, 7.206, 
115, 57500, 9, 310, 2, 0.706, -1.677, -0.037, 5.607, 315, 1, 0.187, 1.480, -0.077, 1.484, 286, 8, 0.270, -1.475, -0.409, 1.294, 318, 1, 0.763, 0.274, -0.002, 6.604, 314, 1, 0.767, -0.197, -0.003, 6.629, 312, 1, 0.032, 1.626, -0.037, 1.734, 308, 2, 0.404, 0.986, -0.155, 1.841, 322, 0, 0.000, 0.504, -0.143, 3.220, 319, 1, 0.889, 0.492, 0.040, 3.207, 
116, 58000, 10, 286, 9, 0.063, -1.539, -0.427, 1.265, 312, 2, 0.039, 1.577, -0.038, 1.751, 318, 2, 0.732, 0.299, -0.003, 6.240, 314, 2, 0.736, -0.223, -0.020, 6.264, 315, 2, 0.143, 1.740, -0.056, 1.506, 323, 0, 0.000, 1.178, -0.106, 1.656, 319, 2, 0.740, 0.584, -0.084, 2.871, 324, 0, 0.000, 0.581, 0.030, 2.847, 325, 0, 0.000, 1.275, 0.090, 1.596, 326, 0, 0.000, -0.091, 0.088, 14.122, 
117, 58500, 9, 327, 0, 0.000, -1.589, -0.428, 1.247, 325, 1, 0.159, 1.447, 0.088, 1.539, 318, 3, 0.692, 0.355, -0.020, 5.905, 314, 3, 0.717, -0.188, -0.002, 5.910, 286, 10, 0.028, -1.497, -0.426, 1.252, 328, 0, 0.000, -1.309, -0.425, 1.273, 329, 0, 0.000, 0.983, -0.133, 1.992, 330, 0, 0.000, -0.621, -0.280, 1.806, 324, 1, 0.578, 0.715, -0.086, 2.598, 
118, 59000, 11, 327, 1, 0.045, -1.619, -0.425, 1.225, 325, 2, 0.018, 1.550, 0.087, 1.540, 318, 4, 0.700, 0.404, -0.040, 5.562, 314, 4, 0.795, -0.195, -0.020, 5.514, 330, 1, 0.560, -0.775, -0.311, 1.543, 331, 0, 0.000, 0.797, 0.041, 2.283, 332, 0, 0.000, 1.655, 0.087, 1.529, 333, 0, 0.000, -1.440, 0.040, 4.926, 329, 1, 0.457, 1.176, -0.107, 1.797, 334, 0, 0.000, 0.696, -0.077, 4.128, 335, 0, 0.000, 1.667, -0.142, 1.574, 
119, 59500, 14, 327, 2, 0.014, -1.546, -0.426, 1.220, 325, 3, 0.007, 1.553, 0.087, 1.537, 318, 5, 0.791, 0.332, -0.078, 5.184, 314, 5, 0.756, -0.284, -0.059, 5.161, 336, 0, 0.000, -1.085, -0.389, 1.354, 337, 0, 0.000, 0.906, 0.028, 1.974, 332, 1, 0.017, 1.689, 0.087, 1.537, 338, 0, 0.000, 1.333, 0.062, 1.589, 334, 1, 0.615, 0.705, -0.060, 3.821, 339, 0, 0.000, -0.103, -0.002, 13.034, 329, 2, 0.294, 1.293, -0.106, 1.661, 331, 1, 0.422, 0.870, -0.103, 2.098, 340, 0, 0.000, 1.832, 0.084, 1.610, 341, 0, 0.000, -0.817, 0.014, 7.369, 
120, 60000, 9, 327, 3, 0.055, -1.680, -0.445, 1.239, 325, 4, 0.020, 1.553, 0.070, 1.527, 318, 6, 0.706, 0.336, -0.102, 4.832, 342, 0, 0.000, -0.337, -0.060, 4.800, 343, 0, 0.000, -1.384, -0.436, 1.239, 332, 2, 0.030, 1.730, 0.076, 1.551, 344, 0, 0.000, 0.742, 0.014, 3.523, 314, 6, 0.786, -0.331, 0.080, 4.820, 334, 2, 0.389, 0.871, -0.003, 3.957, 
121, 60500, 8, 327, 4, 0.056, -1.593, -0.405, 1.215, 325, 5, 0.014, 1.572, 0.052, 1.520, 318, 7, 0.710, 0.376, -0.057, 4.486, 345, 0, 0.000, -0.359, -0.081, 4.445, 344, 1, 0.480, 0.878, -0.002, 3.314, 346, 0, 0.000, 1.171, -0.103, 1.686, 347, 0, 0.000, -1.940, -0.358, 1.346, 342, 1, 0.541, -0.275, -0.020, 4.542, 
122, 61000, 11, 327, 5, 0.011, -1.581, -0.427, 1.220, 325, 6, 0.012, 1.538, 0.052, 1.526, 348, 0, 0.000, 0.401, 0.030, 4.135, 345, 1, 0.732, -0.384, -0.021, 4.088, 344, 2, 0.368, 0.908, -0.078, 3.487, 318, 8, 0.676, 0.400, -0.061, 4.149, 349, 0, 0.000, 0.008, 0.088, 12.987, 350, 0, 0.000, -0.170, -0.104, 6.074, 351, 0, 0.000, 0.739, 0.074, 4.841, 352, 0, 0.000, 0.694, -0.002, 4.985, 353, 0, 0.000, -0.133, -0.020, 11.891, 
123, 61500, 16, 327, 6, 0.007, -1.593, -0.426, 1.217, 325, 7, 0.078, 1.662, 0.040, 1.553, 348, 1, 0.727, 0.447, -0.003, 3.777, 345, 2, 0.684, -0.409, -0.002, 3.748, 354, 0, 0.000, 1.010, -0.078, 2.899, 351, 1, 0.494, 0.785, 0.052, 4.600, 353, 1, 0.740, -0.129, -0.002, 11.523, 355, 0, 0.000, -1.479, -0.447, 1.214, 356, 0, 0.000, -1.004, -0.002, 6.449, 357, 0, 0.000, -1.628, 0.052, 4.874, 358, 0, 0.000, 1.018, -0.215, 2.902, 344, 3, 1.091, 1.395, -0.019, 3.334, 359, 0, 0.000, 1.087, 0.052, 6.695, 360, 0, 0.000, 0.878, 0.064, 4.247, 350, 1, 0.747, -0.185, -0.099, 5.702, 361, 0, 0.000, 1.411, 0.087, 3.273, 
124, 62000, 13, 362, 0, 0.000, -1.628, -0.425, 1.192, 325, 8, 0.753, 1.845, 0.084, 1.903, 348, 2, 0.591, 0.534, -0.083, 3.506, 345, 3, 0.662, -0.483, -0.020, 3.427, 354, 1, 0.549, 1.226, -0.057, 2.687, 360, 1, 0.110, 0.884, 0.063, 4.301, 363, 0, 0.000, -1.512, -0.448, 1.193, 356, 1, 0.393, -1.037, -0.039, 6.260, 364, 0, 0.000, 1.870, -0.205, 1.933, 365, 0, 0.000, 1.001, 0.028, 3.818, 355, 1, 0.042, -1.380, -0.450, 1.198, 361, 1, 0.345, 1.518, 0.013, 3.127, 366, 0, 0.000, -1.810, -0.439, 1.235, 
125, 62500, 11, 362, 1, 0.051, -1.534, -0.451, 1.171, 348, 3, 0.790, 0.586, -0.058, 3.116, 367, 0, 0.000, -0.492, 0.053, 3.004, 354, 2, 0.318, 1.349, -0.058, 2.547, 356, 2, 0.489, -1.100, -0.019, 6.028, 361, 2, 0.207, 1.654, -0.037, 3.198, 365, 1, 0.478, 1.120, -0.099, 3.634, 345, 4, 0.782, -0.377, 0.062, 3.063, 368, 0, 0.000, -1.564, -0.002, 4.820, 369, 0, 0.000, 0.022, -0.002, 26.795, 370, 0, 0.000, -0.104, 0.013, 10.710, 
126, 63000, 15, 348, 4, 0.712, 0.658, 0.042, 2.781, 371, 0, 0.000, -0.587, 0.014, 2.644, 354, 3, 0.157, 1.512, 0.028, 2.583, 356, 3, 0.401, -1.177, 0.041, 5.856, 372, 0, 0.000, 1.751, -0.097, 3.281, 367, 1, 0.619, -0.448, 0.014, 2.699, 368, 1, 0.142, -1.681, -0.037, 4.856, 370, 1, 0.832, -0.132, 0.028, 10.299, 362, 2, 0.253, -1.896, -0.446, 1.235, 373, 0, 0.000, 0.977, -0.003, 3.895, 361, 3, 0.205, 1.743, 0.027, 3.281, 365, 2, 0.482, 1.208, 0.028, 3.434, 374, 0, 0.000, -0.214, -0.079, 4.508, 375, 0, 0.000, 1.473, -0.242, 2.581, 376, 0, 0.000, -1.374, 0.041, 7.166, 
127, 63500, 13, 348, 5, 0.555, 0.711, -0.086, 2.528, 377, 0, 0.000, -0.553, 0.074, 2.365, 378, 0, 0.000, 1.609, -0.077, 2.474, 356, 4, 0.325, -1.288, 0.013, 5.731, 379, 0, 0.000, -1.622, -0.002, 5.740, 370, 2, 0.816, -0.173, 0.070, 9.908, 365, 3, 0.267, 1.279, 0.042, 3.309, 374, 1, 0.793, -0.241, -0.098, 4.114, 380, 0, 0.000, -0.708, 0.056, 2.340, 371, 1, 0.530, -0.578, -0.042, 2.383, 381, 0, 0.000, 1.069, 0.090, 3.730, 354, 4, 0.231, 1.616, 0.070, 2.483, 373, 1, 0.304, 1.033, -0.039, 3.752, 
128, 64000, 14, 348, 6, 0.562, 0.803, -0.107, 2.257, 382, 0, 0.000, -0.677, 0.031, 2.020, 383, 0, 0.000, 1.626, -0.019, 2.763, 356, 5, 0.224, -1.351, 0.041, 5.632, 379, 1, 0.081, -1.681, 0.052, 5.762, 370, 3, 0.733, -0.175, 0.052, 9.543, 384, 0, 0.000, 1.294, 0.028, 5.874, 374, 2, 0.751, -0.280, -0.108, 3.742, 378, 1, 0.135, 1.748, -0.056, 2.517, 385, 0, 0.000, -1.502, 0.028, 7.063, 380, 1, 0.564, -0.810, -0.020, 2.074, 365, 4, 0.193, 1.400, 0.028, 3.237, 386, 0, 0.000, -0.039, -0.019, 25.615, 381, 1, 0.416, 1.108, -0.019, 3.546, 
129, 64500, 13, 348, 7, 0.501, 0.914, -0.080, 2.019, 387, 0, 0.000, -0.783, 0.032, 1.754, 388, 0, 0.000, 1.605, -0.019, 3.236, 356, 6, 0.153, -1.406, -0.002, 5.569, 389, 0, 0.000, -1.700, -0.037, 6.231, 370, 4, 0.776, -0.208, 0.013, 9.167, 384, 1, 0.214, 1.353, 0.028, 5.777, 374, 3, 0.667, -0.325, -0.123, 3.412, 383, 1, 0.156, 1.714, -0.097, 2.822, 382, 1, 0.582, -0.991, -0.003, 1.819, 365, 5, 0.103, 1.500, 0.013, 3.202, 390, 0, 0.000, 1.713, -0.188, 2.849, 391, 0, 0.000, -0.791, -0.110, 1.763, 
130, 65000, 10, 348, 8, 0.591, 1.116, -0.003, 1.765, 392, 0, 0.000, -0.984, 0.029, 1.538, 365, 6, 0.084, 1.595, -0.038, 3.178, 382, 2, 0.362, -1.189, -0.021, 1.670, 356, 7, 0.137, -1.485, 0.040, 5.523, 370, 5, 0.700, -0.229, 0.013, 8.818, 374, 4, 0.705, -0.391, -0.157, 3.068, 393, 0, 0.000, 1.612, 0.070, 3.174, 394, 0, 0.000, 0.441, -0.104, 3.289, 388, 1, 0.112, 1.710, 0.013, 3.272, 
131, 65500, 9, 348, 9, 0.368, 1.363, -0.078, 1.635, 395, 0, 0.000, -1.240, 0.041, 1.325, 388, 2, 0.074, 1.616, 0.013, 3.249, 382, 3, 0.344, -1.446, 0.052, 1.554, 396, 0, 0.000, 0.814, 0.014, 2.069, 397, 0, 0.000, 1.735, -0.002, 3.235, 374, 5, 0.761, -0.408, -0.099, 2.692, 370, 6, 0.813, -0.182, 0.053, 8.427, 398, 0, 0.000, -0.082, 0.052, 26.017, 
132, 66000, 3, 348, 10, 0.156, 1.560, -0.002, 1.592, 395, 1, 0.272, -1.541, 0.054, 1.244, 399, 0, 0.000, 1.032, -0.003, 1.789, 
133, 66500, 10, 348, 11, 0.019, 1.566, -0.037, 1.601, 400, 0, 0.000, -1.632, 0.013, 1.232, 401, 0, 0.000, 1.223, 0.028, 1.629, 402, 0, 0.000, -0.546, -0.244, 2.019, 395, 2, 0.018, -1.487, -0.002, 1.239, 403, 0, 0.000, 1.657, -0.056, 1.601, 404, 0, 0.000, 0.554, -0.022, 2.727, 405, 0, 0.000, 0.655, -0.220, 2.422, 406, 0, 0.000, 0.778, -0.103, 2.364, 407, 0, 0.000, -0.188, 0.028, 7.646, 
134, 67000, 9, 348, 12, 0.012, 1.593, -0.002, 1.597, 408, 0, 0.000, -1.610, 0.013, 1.514, 409, 0, 0.000, 1.403, 0.029, 1.533, 402, 1, 0.664, -0.663, -0.265, 1.699, 410, 0, 0.000, -1.503, 0.013, 5.493, 407, 1, 0.791, -0.225, 0.053, 7.258, 400, 1, 0.136, -1.791, 0.068, 1.283, 411, 0, 0.000, -1.383, 0.013, 5.517, 406, 1, 0.163, 0.644, 0.031, 2.403, 
135, 67500, 11, 409, 1, 0.057, 1.502, 0.028, 1.512, 412, 0, 0.000, -1.648, -0.037, 5.431, 402, 2, 0.574, -0.823, -0.334, 1.432, 410, 1, 0.060, -1.454, -0.038, 5.477, 407, 2, 0.756, -0.238, 0.014, 6.886, 408, 1, 0.310, -1.860, -0.094, 1.614, 413, 0, 0.000, 0.499, -0.131, 3.234, 414, 0, 0.000, 1.846, -0.055, 1.692, 348, 13, 0.096, 1.706, -0.119, 1.569, 415, 0, 0.000, 0.931, -0.299, 1.863, 416, 0, 0.000, 1.608, 0.028, 1.531, 
136, 68000, 10, 409, 2, 0.006, 1.523, 0.028, 1.514, 417, 0, 0.000, -1.651, 0.013, 5.538, 402, 3, 0.532, -1.079, -0.432, 1.206, 412, 1, 0.102, -1.535, 0.013, 5.441, 407, 3, 0.773, -0.260, 0.042, 6.504, 413, 1, 0.633, 0.549, -0.181, 2.924, 418, 0, 0.000, 1.134, -0.363, 1.680, 415, 1, 0.218, 0.879, 0.028, 1.854, 419, 0, 0.000, 0.756, -0.077, 2.118, 420, 0, 0.000, -1.342, 0.013, 5.599, 
137, 68500, 11, 409, 3, 0.025, 1.534, 0.042, 1.527, 412, 2, 0.015, -1.576, 0.013, 5.437, 402, 4, 0.306, -1.409, -0.448, 1.101, 407, 4, 0.764, -0.251, -0.003, 6.128, 418, 1, 0.314, 1.390, -0.353, 1.568, 421, 0, 0.000, 1.080, -0.002, 1.623, 415, 2, 0.056, 0.890, -0.082, 1.837, 419, 1, 0.586, 0.674, 0.042, 2.389, 417, 1, 0.073, -1.691, 0.013, 5.570, 413, 2, 0.651, 0.636, -0.196, 2.609, 422, 0, 0.000, -1.141, 0.028, 5.991, 
138, 69000, 12, 423, 0, 0.000, 1.566, 0.028, 1.493, 417, 2, 0.172, -1.542, 0.013, 5.546, 402, 5, 0.052, -1.570, -0.487, 1.087, 407, 5, 0.786, -0.288, 0.028, 5.742, 424, 0, 0.000, 1.279, 0.014, 1.466, 421, 1, 0.024, 1.070, -0.120, 1.622, 419, 2, 0.006, 0.671, 0.044, 2.386, 412, 3, 0.054, -1.669, 0.013, 5.441, 425, 0, 0.000, 0.753, -0.209, 2.331, 409, 4, 0.055, 1.703, 0.027, 1.521, 418, 2, 0.081, 1.561, -0.381, 1.548, 426, 0, 0.000, -1.734, -0.481, 1.094, 
139, 69500, 12, 427, 0, 0.000, 1.575, -0.058, 1.413, 428, 0, 0.000, -1.468, -0.463, 1.096, 402, 6, 0.007, -1.635, -0.487, 1.089, 407, 6, 0.723, -0.282, 0.029, 5.380, 429, 0, 0.000, 1.342, 0.041, 1.499, 424, 1, 0.071, 1.308, -0.131, 1.485, 425, 1, 0.570, 0.885, -0.211, 2.064, 430, 0, 0.000, 1.365, -0.360, 1.554, 431, 0, 0.000, 0.508, -0.041, 3.179, 418, 3, 0.033, 1.474, -0.343, 1.558, 417, 3, 0.337, -1.323, 0.013, 5.582, 432, 0, 0.000, -0.867, 0.013, 7.307, 
140, 70000, 14, 427, 1, 0.053, 1.586, -0.142, 1.434, 402, 7, 0.011, -1.571, -0.505, 1.085, 407, 7, 0.789, -0.297, 0.030, 4.986, 429, 1, 0.109, 1.404, 0.055, 1.550, 425, 2, 0.482, 1.062, -0.283, 1.855, 431, 1, 0.569, 0.582, -0.144, 2.918, 417, 4, 0.195, -1.387, 0.013, 5.495, 433, 0, 0.000, 0.677, 0.041, 2.490, 434, 0, 0.000, -1.778, -0.495, 1.101, 435, 0, 0.000, -1.558, 0.013, 5.429, 436, 0, 0.000, 1.847, -0.115, 1.504, 437, 0, 0.000, 1.610, 0.028, 1.476, 438, 0, 0.000, 1.857, 0.013, 1.526, 432, 1, 0.462, -0.906, 0.028, 7.083, 
141, 70500, 13, 439, 0, 0.000, 1.647, 0.040, 1.532, 440, 0, 0.000, -1.660, -0.466, 1.078, 441, 0, 0.000, -0.305, -0.002, 4.613, 429, 2, 0.051, 1.546, 0.054, 1.540, 433, 1, 0.201, 0.686, -0.059, 2.578, 402, 8, 0.023, -1.450, -0.467, 1.081, 434, 1, 0.000, -1.762, -0.497, 1.101, 435, 1, 0.093, -1.558, 0.028, 5.475, 436, 1, 0.015, 1.867, -0.136, 1.497, 432, 2, 0.586, -0.933, 0.013, 6.793, 425, 3, 0.320, 1.274, -0.285, 1.730, 407, 8, 0.754, -0.308, 0.072, 4.614, 442, 0, 0.000, -0.715, 0.028, 8.863, 
142, 71000, 13, 429, 3, 0.059, 1.666, 0.052, 1.558, 440, 1, 0.003, -1.672, -0.465, 1.077, 441, 1, 0.755, -0.337, 0.028, 4.240, 443, 0, 0.000, 0.781, 0.054, 2.283, 435, 2, 0.188, -1.505, -0.002, 5.391, 432, 3, 0.403, -0.983, 0.013, 6.599, 444, 0, 0.000, 1.503, 0.053, 1.564, 445, 0, 0.000, 1.460, -0.422, 1.642, 446, 0, 0.000, -1.313, 0.013, 5.526, 433, 2, 0.066, 0.668, 0.054, 2.594, 447, 0, 0.000, 0.798, -0.064, 2.289, 425, 4, 0.240, 1.510, -0.298, 1.653, 448, 0, 0.000, 1.852, 0.039, 1.589, 
143, 71500, 11, 429, 4, 0.005, 1.632, 0.052, 1.557, 441, 2, 0.716, -0.366, 0.029, 3.883, 444, 1, 0.008, 1.529, 0.052, 1.560, 435, 3, 0.175, -1.385, -0.020, 5.439, 447, 1, 0.463, 0.911, -0.159, 2.079, 449, 0, 0.000, 0.609, -0.084, 2.878, 440, 2, 0.223, -1.949, -0.457, 1.155, 433, 3, 0.041, 0.651, 0.066, 2.614, 425, 5, 0.071, 1.688, -0.308, 1.665, 450, 0, 0.000, -1.665, 0.013, 5.475, 451, 0, 0.000, -0.789, -0.020, 8.183, 
144, 72000, 8, 429, 5, 0.041, 1.679, 0.061, 1.575, 441, 3, 0.709, -0.414, 0.014, 3.534, 444, 2, 0.034, 1.529, 0.062, 1.577, 435, 4, 0.134, -1.452, -0.019, 5.384, 447, 2, 0.669, 0.775, 0.090, 2.331, 451, 1, 0.481, -0.810, 0.040, 7.959, 452, 0, 0.000, -1.091, -0.038, 6.173, 453, 0, 0.000, 1.843, 0.050, 1.607, 
145, 72500, 13, 444, 3, 0.039, 1.610, 0.071, 1.592, 441, 4, 0.760, -0.456, 0.073, 3.162, 435, 5, 0.069, -1.531, 0.013, 5.369, 447, 3, 0.018, 0.766, 0.086, 2.322, 452, 1, 0.389, -1.156, 0.013, 5.999, 454, 0, 0.000, 1.524, 0.062, 1.593, 455, 0, 0.000, -1.665, 0.027, 5.438, 456, 0, 0.000, 0.795, -0.172, 2.352, 457, 0, 0.000, 0.659, 0.088, 2.645, 458, 0, 0.000, 0.550, -0.020, 3.180, 459, 0, 0.000, -0.874, 0.013, 7.617, 451, 2, 0.045, -0.747, 0.028, 7.953, 460, 0, 0.000, 0.549, 0.089, 3.139, 
146, 73000, 13, 461, 0, 0.000, 1.630, 0.077, 1.611, 441, 5, 0.772, -0.522, -0.002, 2.790, 435, 6, 0.037, -1.612, 0.027, 5.369, 447, 4, 0.093, 0.760, 0.097, 2.368, 462, 0, 0.000, -1.228, 0.028, 5.841, 454, 1, 0.009, 1.503, 0.087, 1.597, 457, 1, 0.198, 0.637, 0.094, 2.743, 459, 1, 0.355, -0.894, 0.041, 7.443, 463, 0, 0.000, 1.377, -0.312, 1.866, 464, 0, 0.000, 1.021, 0.097, 1.901, 465, 0, 0.000, 1.564, -0.077, 1.626, 466, 0, 0.000, 1.728, 0.069, 1.616, 452, 2, 0.186, -1.126, 0.052, 5.914, 
147, 73500, 13, 461, 1, 0.018, 1.549, 0.088, 1.614, 441, 6, 0.733, -0.615, 0.088, 2.444, 435, 7, 0.087, -1.691, 0.013, 5.395, 457, 2, 0.337, 0.737, -0.003, 2.600, 467, 0, 0.000, -1.294, -0.057, 5.711, 464, 1, 0.215, 1.146, 0.096, 1.807, 468, 0, 0.000, 1.532, -0.038, 1.884, 466, 1, 0.003, 1.736, 0.086, 1.615, 463, 1, 0.076, 1.469, -0.299, 1.835, 462, 1, 0.163, -1.207, 0.071, 5.767, 469, 0, 0.000, -1.544, 0.028, 5.818, 459, 2, 0.561, -0.950, 0.041, 7.174, 470, 0, 0.000, 1.346, 0.090, 1.801, 
148, 74000, 11, 466, 2, 0.097, 1.778, 0.085, 1.662, 441, 7, 0.634, -0.703, 0.046, 2.137, 471, 0, 0.000, -1.679, -0.002, 5.773, 457, 3, 0.593, 0.850, -0.002, 2.318, 472, 0, 0.000, -1.256, 0.028, 5.622, 473, 0, 0.000, 1.364, 0.090, 1.692, 468, 1, 0.027, 1.559, -0.077, 1.895, 469, 1, 0.044, -1.534, 0.040, 5.797, 474, 0, 0.000, 1.367, -0.039, 1.693, 463, 2, 0.158, 1.713, -0.355, 1.863, 467, 1, 0.177, -1.345, -0.019, 5.634, 
149, 74500, 9, 475, 0, 0.000, 1.801, 0.085, 1.779, 476, 0, 0.000, -0.838, -0.021, 1.859, 469, 2, 0.006, -1.559, 0.052, 5.796, 457, 4, 0.647, 0.988, 0.055, 2.017, 477, 0, 0.000, -1.329, 0.041, 5.508, 466, 3, 0.055, 1.601, 0.041, 1.662, 463, 3, 0.197, 1.780, -0.374, 1.768, 467, 2, 0.161, -1.413, -0.002, 5.568, 441, 8, 0.597, -0.846, 0.094, 1.860, 
150, 75000, 6, 476, 1, 0.495, -1.023, 0.069, 1.646, 467, 3, 0.159, -1.487, 0.028, 5.505, 457, 5, 0.417, 1.145, 0.029, 1.831, 478, 0, 0.000, -1.397, 0.013, 5.440, 479, 0, 0.000, 1.630, 0.027, 1.904, 463, 4, 0.154, 1.797, -0.208, 1.715, 
151, 75500, 7, 476, 2, 0.436, -1.253, 0.015, 1.468, 480, 0, 0.000, -1.447, 0.040, 5.374, 457, 6, 0.308, 1.373, 0.029, 1.722, 479, 1, 0.032, 1.602, -0.019, 1.917, 481, 0, 0.000, 0.874, 0.062, 2.835, 482, 0, 0.000, 1.374, -0.101, 1.727, 478, 1, 0.164, -1.439, -0.057, 5.377, 
152, 76000, 3, 476, 3, 0.293, -1.460, 0.028, 1.351, 482, 1, 0.165, 1.588, -0.077, 1.683, 457, 7, 0.162, 1.597, 0.052, 1.684, 
153, 76500, 7, 476, 4, 0.048, -1.461, 0.013, 1.327, 457, 8, 0.157, 1.656, 0.061, 1.759, 483, 0, 0.000, -0.986, 0.013, 6.220, 484, 0, 0.000, 1.834, 0.068, 1.743, 485, 0, 0.000, 1.111, -0.020, 2.454, 486, 0, 0.000, 1.817, -0.184, 1.767, 487, 0, 0.000, 1.513, 0.013, 1.768, 
154, 77000, 4, 476, 5, 0.043, -1.453, 0.028, 1.306, 457, 9, 0.051, 1.703, 0.027, 1.782, 483, 1, 0.429, -1.033, -0.002, 6.013, 488, 0, 0.000, -1.681, 0.040, 1.325, 
155, 77500, 10, 488, 1, 0.021, -1.718, 0.027, 1.316, 457, 10, 0.183, 1.813, 0.085, 1.859, 483, 2, 0.483, -1.050, -0.002, 5.772, 489, 0, 0.000, 1.812, -0.036, 1.871, 490, 0, 0.000, -1.310, 0.041, 5.863, 491, 0, 0.000, 1.235, 0.092, 2.373, 492, 0, 0.000, 1.593, -0.019, 2.158, 493, 0, 0.000, 1.220, -0.038, 2.376, 494, 0, 0.000, -1.166, -0.058, 5.605, 495, 0, 0.000, 0.399, 0.014, 8.941, 
156, 78000, 10, 492, 1, 0.192, 1.763, -0.019, 2.222, 496, 0, 0.000, -1.075, 0.028, 5.572, 494, 1, 0.064, -1.180, 0.028, 5.594, 491, 1, 0.287, 1.432, 0.072, 2.274, 497, 0, 0.000, 1.665, -0.037, 2.237, 498, 0, 0.000, 0.749, -0.003, 3.769, 499, 0, 0.000, -1.578, -0.002, 5.235, 493, 1, 0.276, 1.423, -0.121, 2.293, 500, 0, 0.000, 1.798, -0.208, 2.297, 501, 0, 0.000, -1.314, -0.038, 5.586, 
157, 78500, 8, 497, 1, 0.102, 1.688, -0.002, 2.286, 496, 1, 0.452, -1.062, 0.028, 5.347, 502, 0, 0.000, -1.202, -0.020, 5.310, 503, 0, 0.000, 1.593, 0.013, 2.389, 499, 1, 0.033, -1.577, 0.013, 5.219, 500, 1, 0.128, 1.825, -0.117, 2.351, 504, 0, 0.000, 0.543, 0.052, 8.209, 505, 0, 0.000, -0.640, 0.079, 7.838, 
158, 79000, 7, 503, 1, 0.074, 1.703, 0.013, 2.412, 502, 1, 0.240, -1.147, 0.028, 5.204, 499, 2, 0.113, -1.676, 0.052, 5.246, 504, 1, 0.668, 0.545, 0.062, 7.875, 506, 0, 0.000, 1.580, -0.077, 2.440, 507, 0, 0.000, -1.427, 0.062, 5.526, 508, 0, 0.000, -1.276, -0.058, 5.199, 
159, 79500, 10, 509, 0, 0.000, 1.747, 0.013, 2.509, 510, 0, 0.000, -1.232, 0.028, 5.043, 507, 1, 0.672, -1.712, -0.019, 5.622, 504, 2, 0.658, 0.566, 0.064, 7.548, 511, 0, 0.000, 1.610, -0.077, 2.516, 508, 1, 0.205, -1.369, -0.038, 5.120, 506, 1, 0.184, 1.718, -0.097, 2.508, 512, 0, 0.000, 1.638, 0.052, 2.513, 513, 0, 0.000, 1.070, 0.014, 3.170, 514, 0, 0.000, 0.956, 0.029, 3.532, 
160, 80000, 7, 512, 1, 0.191, 1.732, 0.013, 2.595, 510, 1, 0.227, -1.284, 0.028, 4.936, 504, 3, 0.708, 0.623, 0.063, 7.206, 515, 0, 0.000, 1.530, 0.041, 2.629, 508, 2, 0.196, -1.449, 0.028, 5.049, 516, 0, 0.000, -0.733, 0.052, 6.884, 517, 0, 0.000, -1.441, -0.057, 5.028, 
161, 80500, 6, 518, 0, 0.000, 1.702, 0.086, 2.659, 510, 2, 0.278, -1.411, 0.052, 4.837, 504, 4, 0.736, 0.616, 0.053, 6.838, 519, 0, 0.000, 1.601, -0.002, 2.636, 520, 0, 0.000, -1.127, -0.038, 5.280, 515, 1, 0.028, 1.498, -0.002, 2.639, 
162, 81000, 3, 519, 1, 0.054, 1.592, 0.040, 2.612, 510, 3, 0.072, -1.469, -0.002, 4.816, 504, 5, 0.618, 0.594, 0.071, 6.532, 
163, 81500, 7, 521, 0, 0.000, 1.578, 0.041, 2.668, 510, 4, 0.195, -1.594, 0.028, 4.758, 504, 6, 0.690, 0.608, 0.078, 6.188, 522, 0, 0.000, 0.922, -0.123, 2.981, 523, 0, 0.000, 1.467, -0.002, 2.727, 519, 2, 0.123, 1.708, -0.056, 2.643, 524, 0, 0.000, 1.027, 0.055, 3.172, 
164, 82000, 9, 525, 0, 0.000, 1.626, 0.052, 2.747, 510, 5, 0.053, -1.636, 0.013, 4.780, 523, 1, 0.084, 1.539, -0.002, 2.762, 521, 1, 0.191, 1.735, 0.069, 2.730, 526, 0, 0.000, -1.346, -0.037, 4.947, 504, 7, 0.417, 0.732, 0.052, 6.027, 527, 0, 0.000, 1.420, 0.079, 2.820, 528, 0, 0.000, -1.456, 0.028, 4.931, 529, 0, 0.000, 1.650, -0.077, 2.763, 
165, 82500, 11, 529, 1, 0.221, 1.751, 0.040, 2.841, 510, 6, 0.024, -1.651, 0.028, 4.791, 530, 0, 0.000, -1.374, -0.038, 4.848, 528, 1, 0.098, -1.475, 0.028, 4.883, 531, 0, 0.000, 1.076, -0.019, 5.754, 504, 8, 0.595, 0.842, 0.054, 5.765, 532, 0, 0.000, 1.747, -0.056, 2.852, 533, 0, 0.000, 1.618, -0.189, 2.856, 534, 0, 0.000, -0.914, -0.002, 5.559, 535, 0, 0.000, 1.724, -0.187, 2.853, 536, 0, 0.000, -0.812, 0.073, 6.094, 
166, 83000, 10, 532, 1, 0.120, 1.716, 0.013, 2.904, 510, 7, 0.055, -1.701, 0.027, 4.813, 530, 1, 0.143, -1.365, 0.028, 4.788, 534, 1, 0.463, -0.929, -0.020, 5.329, 535, 1, 0.137, 1.743, -0.187, 2.921, 537, 0, 0.000, 1.539, -0.002, 2.929, 528, 2, 0.074, -1.538, -0.019, 4.861, 538, 0, 0.000, -0.550, 0.041, 16.725, 504, 9, 0.408, 0.914, 0.028, 5.577, 539, 0, 0.000, 1.430, 0.028, 9.382, 
167, 83500, 10, 532, 2, 0.054, 1.697, -0.002, 2.930, 528, 3, 0.255, -1.716, 0.013, 4.910, 530, 2, 0.109, -1.416, -0.002, 4.741, 540, 0, 0.000, -1.048, -0.038, 5.088, 538, 1, 0.723, -0.551, 0.041, 16.364, 541, 0, 0.000, 0.956, 0.077, 5.124, 534, 2, 0.250, -1.061, 0.054, 5.264, 542, 0, 0.000, -0.916, 0.062, 5.586, 504, 10, 0.511, 0.970, -0.037, 5.341, 543, 0, 0.000, 1.251, -0.019, 5.472, 
168, 84000, 6, 530, 3, 0.177, -1.525, -0.002, 4.680, 540, 1, 0.353, -1.059, -0.020, 4.913, 538, 2, 0.688, -0.562, 0.041, 16.021, 534, 3, 0.211, -0.961, 0.041, 5.343, 541, 1, 0.503, 1.044, 0.079, 4.892, 543, 1, 0.228, 1.343, -0.002, 5.381, 
169, 84500, 6, 530, 4, 0.049, -1.530, -0.002, 4.656, 544, 0, 0.000, -1.117, -0.038, 4.746, 545, 0, 0.000, -0.944, 0.042, 5.104, 546, 0, 0.000, -1.412, -0.002, 4.672, 541, 2, 0.402, 1.142, 0.072, 4.713, 540, 2, 0.220, -1.196, 0.052, 4.861, 
170, 85000, 7, 547, 0, 0.000, -1.133, -0.038, 4.522, 540, 3, 0.257, -0.971, 0.029, 4.866, 548, 0, 0.000, 1.036, 0.077, 14.807, 549, 0, 0.000, 1.255, -0.019, 4.804, 541, 3, 0.162, 1.247, 0.071, 4.658, 550, 0, 0.000, 1.482, 0.052, 6.746, 546, 1, 0.124, -1.265, -0.037, 4.664, 
171, 85500, 5, 547, 1, 0.219, -1.178, -0.039, 4.417, 551, 0, 0.000, -0.967, 0.071, 4.676, 546, 2, 0.487, -1.505, -0.002, 4.554, 541, 4, 0.421, 1.385, 0.062, 4.490, 550, 1, 0.164, 1.585, -0.002, 6.709, 
172, 86000, 8, 552, 0, 0.000, -1.254, -0.057, 4.275, 553, 0, 0.000, -0.963, 0.055, 4.423, 546, 3, 0.028, -1.549, -0.019, 4.544, 554, 0, 0.000, 1.335, 0.052, 18.889, 555, 0, 0.000, -1.333, 0.053, 4.463, 541, 5, 0.071, 1.497, 0.077, 4.483, 547, 2, 0.148, -1.358, -0.057, 4.419, 550, 2, 0.093, 1.671, -0.019, 6.730, 
173, 86500, 6, 556, 0, 0.000, -1.295, -0.058, 4.168, 552, 1, 0.189, -1.103, 0.029, 4.244, 546, 4, 0.030, -1.624, -0.019, 4.542, 547, 3, 0.163, -1.429, -0.057, 4.349, 541, 6, 0.050, 1.581, 0.062, 4.475, 557, 0, 0.000, 0.527, 0.052, 8.198, 
174, 87000, 8, 556, 1, 0.202, -1.370, -0.057, 4.079, 558, 0, 0.000, -1.091, 0.041, 4.053, 546, 5, 0.035, -1.682, -0.019, 4.552, 541, 7, 0.072, 1.684, 0.062, 4.462, 559, 0, 0.000, 1.395, 0.052, 18.796, 557, 1, 0.675, 0.567, 0.073, 7.869, 552, 2, 0.105, -1.074, -0.080, 4.218, 560, 0, 0.000, -0.763, 0.070, 23.275, 
175, 87500, 6, 556, 2, 0.186, -1.435, -0.057, 3.994, 558, 1, 0.356, -1.141, 0.053, 3.879, 561, 0, 0.000, 1.324, 0.071, 14.127, 560, 1, 0.676, -0.722, 0.062, 22.958, 559, 1, 0.393, 1.459, 0.040, 18.638, 562, 0, 0.000, -0.949, 0.014, 4.948, 
176, 88000, 7, 556, 3, 0.096, -1.504, -0.077, 3.956, 563, 0, 0.000, -1.210, 0.041, 3.730, 560, 2, 0.652, -0.712, 0.028, 22.646, 561, 1, 0.397, 1.409, 0.041, 14.268, 562, 1, 0.479, -1.009, 0.013, 4.717, 558, 2, 0.126, -1.181, -0.080, 3.854, 564, 0, 0.000, -1.712, -0.037, 4.786, 
177, 88500, 6, 556, 4, 0.085, -1.497, -0.077, 3.913, 565, 0, 0.000, -1.227, 0.041, 3.572, 562, 2, 0.442, -1.007, 0.028, 4.497, 563, 1, 0.176, -1.171, -0.098, 3.680, 566, 0, 0.000, -1.598, -0.077, 4.256, 561, 2, 6.630, 1.245, 0.052, 11.103, 
178, 89000, 5, 556, 5, 0.033, -1.536, -0.077, 3.900, 565, 1, 0.309, -1.270, 0.042, 3.420, 562, 3, 0.393, -1.019, 0.028, 4.300, 567, 0, 0.000, 0.944, 0.053, 6.754, 561, 3, 0.241, 1.351, 0.052, 11.045, 
179, 89500, 4, 556, 6, 0.047, -1.585, -0.098, 3.882, 565, 2, 0.219, -1.309, 0.041, 3.313, 562, 4, 0.479, -1.024, -0.002, 4.063, 568, 0, 0.000, -0.542, 0.071, 21.693, 
180, 90000, 6, 565, 3, 0.200, -1.403, 0.053, 3.228, 562, 5, 0.359, -1.052, -0.020, 3.885, 568, 1, 0.126, -0.487, 0.053, 21.666, 569, 0, 0.000, -0.769, 0.088, 22.261, 556, 7, 0.047, -1.637, -0.077, 3.864, 570, 0, 0.000, 0.703, 0.042, 7.107, 
181, 90500, 9, 571, 0, 0.000, -1.290, 0.028, 3.082, 562, 6, 0.601, -0.959, -0.020, 3.600, 556, 8, 0.084, -1.508, -0.057, 3.855, 572, 0, 0.000, -0.391, 0.028, 21.280, 573, 0, 0.000, 1.310, -0.038, 6.295, 568, 2, 0.885, -0.608, 0.078, 21.943, 565, 4, 0.303, -1.160, -0.038, 3.183, 574, 0, 0.000, 1.409, 0.052, 8.948, 570, 1, 2.486, 1.115, 0.041, 7.756, 
182, 91000, 8, 575, 0, 0.000, -1.261, 0.028, 2.920, 576, 0, 0.000, -0.888, -0.020, 3.365, 556, 9, 0.198, -1.528, -0.019, 3.759, 577, 0, 0.000, -0.600, 0.052, 27.472, 573, 1, 0.340, 1.531, -0.057, 6.310, 571, 1, 0.232, -1.115, -0.039, 3.019, 568, 3, 2.891, -0.410, 0.088, 22.962, 570, 2, 0.525, 1.323, 0.013, 7.662, 
183, 91500, 9, 578, 0, 0.000, -1.221, 0.014, 2.755, 571, 2, 0.325, -0.851, -0.020, 3.076, 556, 10, 0.101, -1.511, -0.038, 3.710, 577, 1, 1.652, -0.427, 0.041, 27.054, 579, 0, 0.000, -1.237, -0.079, 2.827, 573, 2, 0.333, 1.730, -0.076, 6.351, 575, 1, 0.210, -1.110, -0.060, 2.858, 570, 3, 0.308, 1.497, 0.040, 7.625, 568, 4, 7.490, -0.092, 0.052, 20.238, 
184, 92000, 9, 578, 1, 0.316, -1.186, -0.057, 2.605, 575, 2, 0.324, -0.806, -0.041, 2.826, 556, 11, 0.121, -1.465, -0.037, 3.654, 580, 0, 0.000, -1.113, 0.042, 2.605, 581, 0, 0.000, -0.543, -0.002, 4.065, 568, 5, 0.959, 0.028, 0.041, 19.903, 577, 2, 6.304, -0.308, 0.087, 24.095, 582, 0, 0.000, -0.221, 0.028, 20.828, 570, 4, 0.318, 1.677, 0.027, 7.659, 
185, 92500, 4, 583, 0, 0.000, -1.125, -0.081, 2.448, 584, 0, 0.000, -0.779, -0.040, 2.512, 585, 0, 0.000, -1.131, 0.054, 2.442, 578, 2, 0.261, -1.260, -0.099, 2.484, 
186, 93000, 6, 586, 0, 0.000, -1.184, -0.078, 2.266, 587, 0, 0.000, -0.735, 0.058, 2.235, 588, 0, 0.000, -1.206, 0.071, 2.261, 589, 0, 0.000, -0.831, -0.037, 2.241, 590, 0, 0.000, -0.725, -0.086, 2.240, 585, 1, 0.330, -1.302, 0.078, 2.311, 
187, 93500, 7, 591, 0, 0.000, -1.332, -0.080, 2.121, 587, 1, 0.557, -0.702, 0.029, 1.959, 592, 0, 0.000, -1.324, 0.028, 2.145, 593, 0, 0.000, -0.853, -0.099, 1.951, 594, 0, 0.000, 0.048, 0.088, 21.177, 588, 1, 0.198, -1.448, 0.079, 2.226, 595, 0, 0.000, -0.132, 0.087, 24.748, 
188, 94000, 5, 596, 0, 0.000, -1.467, 0.089, 2.080, 597, 0, 0.000, -0.860, 0.044, 1.685, 593, 1, 0.538, -0.968, -0.003, 1.701, 591, 1, 0.141, -1.505, -0.078, 2.081, 594, 1, 6.558, 0.277, 0.041, 18.400, 
189, 94500, 3, 596, 1, 0.055, -1.578, 0.087, 2.065, 597, 1, 0.502, -1.032, 0.044, 1.456, 598, 0, 0.000, -1.514, -0.143, 2.273, 
190, 95000, 11, 599, 0, 0.000, -1.229, -0.003, 1.277, 600, 0, 0.000, -1.231, -0.195, 1.357, 596, 2, 0.159, -1.711, -0.019, 2.115, 601, 0, 0.000, -0.593, -0.106, 2.023, 597, 2, 0.209, -1.029, -0.194, 1.519, 602, 0, 0.000, 0.355, 0.028, 17.701, 598, 1, 0.078, -1.689, -0.165, 2.268, 603, 0, 0.000, 0.056, 0.052, 18.615, 604, 0, 0.000, -0.637, 0.015, 2.040, 605, 0, 0.000, -0.293, 0.089, 18.918, 606, 0, 0.000, -0.033, 0.088, 21.902, 
191, 95500, 8, 607, 0, 0.000, -1.326, 0.077, 1.189, 600, 1, 0.084, -1.263, -0.228, 1.316, 608, 0, 0.000, -1.529, 0.013, 1.191, 597, 3, 0.546, -0.663, -0.111, 1.689, 609, 0, 0.000, -0.800, -0.058, 1.725, 602, 1, 0.797, 0.403, 0.041, 17.323, 610, 0, 0.000, -1.480, -0.228, 1.273, 611, 0, 0.000, 1.148, 0.028, 10.926, 
192, 96000, 7, 608, 1, 0.087, -1.575, 0.081, 1.151, 612, 0, 0.000, -0.780, -0.099, 1.401, 613, 0, 0.000, -1.244, 0.086, 1.260, 614, 0, 0.000, -0.905, 0.041, 1.448, 615, 0, 0.000, -1.785, 0.027, 1.209, 610, 1, 0.176, -1.778, -0.209, 1.307, 602, 2, 9.062, -0.265, 0.078, 18.132, 
193, 96500, 7, 616, 0, 0.000, -1.699, -0.166, 1.230, 612, 1, 0.085, -0.812, -0.042, 1.361, 613, 1, 0.352, -0.994, -0.144, 1.150, 615, 1, 0.036, -1.855, 0.068, 1.223, 602, 3, 0.786, -0.259, 0.088, 17.740, 617, 0, 0.000, -0.533, 0.073, 5.630, 618, 0, 0.000, 0.450, 0.041, 16.630, 
194, 97000, 5, 616, 1, 0.153, -1.822, -0.036, 1.286, 619, 0, 0.000, -0.867, 0.016, 1.224, 613, 2, 0.101, -1.005, -0.023, 1.108, 617, 1, 0.743, -0.530, 0.055, 5.259, 620, 0, 0.000, -1.297, -0.164, 0.966, 
195, 97500, 5, 621, 0, 0.000, -1.674, -0.196, 0.934, 620, 1, 0.038, -1.462, -0.193, 0.972, 613, 3, 0.059, -1.141, -0.003, 1.088, 617, 2, 0.657, -0.632, 0.040, 4.957, 622, 0, 0.000, 0.466, 0.028, 16.027, 
196, 98000, 5, 620, 2, 0.120, -1.577, -0.002, 1.007, 623, 0, 0.000, -1.808, -0.185, 1.037, 624, 0, 0.000, -1.724, 0.027, 1.048, 625, 0, 0.000, -2.000, -0.002, 1.129, 622, 1, 10.713, -0.314, 0.088, 16.750, 
197, 98500, 6, 626, 0, 0.000, -1.793, -0.162, 1.158, 627, 0, 0.000, -1.767, 0.086, 1.223, 622, 2, 0.777, -0.335, 0.087, 16.365, 628, 0, 0.000, 1.532, -0.098, 6.387, 625, 1, 0.086, -1.900, 0.026, 1.092, 629, 0, 0.000, -0.676, 0.066, 4.364, 
198, 99000, 2, 622, 3, 0.760, -0.336, 0.070, 15.988, 629, 1, 0.571, -0.763, 0.073, 4.094, 
199, 99500, 4, 622, 4, 0.711, -0.328, 0.089, 15.635, 629, 2, 0.652, -0.899, 0.041, 3.805, 630, 0, 0.000, 1.201, -0.100, 6.855, 631, 0, 0.000, 0.463, 0.028, 14.571, 
200, 100000, 7, 622, 5, 0.711, -0.370, 0.088, 15.293, 632, 0, 0.000, -0.893, 0.088, 3.576, 633, 0, 0.000, -0.985, 0.029, 3.575, 630, 1, 2.059, 1.635, -0.120, 6.415, 634, 0, 0.000, -1.224, 0.071, 5.747, 629, 3, 0.451, -0.859, -0.019, 3.589, 635, 0, 0.000, 1.599, 0.013, 9.574, 
201, 100500, 3, 622, 6, 0.708, -0.345, 0.077, 14.944, 633, 1, 0.629, -0.894, -0.002, 3.276, 635, 1, 0.950, 1.534, 0.028, 10.028, 
202, 101000, 5, 622, 7, 0.773, -0.290, 0.089, 14.581, 633, 2, 0.457, -0.954, 0.014, 3.054, 636, 0, 0.000, -1.765, -0.514, 1.420, 635, 2, 0.074, 1.608, 0.013, 10.037, 637, 0, 0.000, 0.593, 0.040, 13.592, 
203, 101500, 5, 622, 8, 0.782, -0.234, 0.077, 14.213, 633, 3, 0.479, -0.931, 0.014, 2.815, 636, 1, 0.153, -1.495, -0.479, 1.383, 638, 0, 0.000, -0.453, 0.088, 17.257, 635, 3, 0.542, 1.787, 0.013, 10.146, 
204, 102000, 7, 633, 4, 0.351, -0.928, 0.044, 2.641, 636, 2, 0.179, -1.829, -0.507, 1.413, 638, 1, 0.789, -0.515, 0.088, 16.895, 639, 0, 0.000, -1.049, -0.021, 2.597, 635, 4, 6.441, 1.426, 0.062, 7.411, 640, 0, 0.000, 0.696, 0.013, 13.019, 641, 0, 0.000, 0.117, 0.089, 18.256, 
205, 102500, 5, 639, 1, 0.294, -1.094, 0.029, 2.455, 638, 2, 0.856, -0.495, 0.088, 16.471, 641, 1, 3.945, 0.172, 0.087, 16.308, 642, 0, 0.000, -0.245, 0.070, 13.451, 643, 0, 0.000, -1.199, -0.039, 2.449, 
206, 103000, 9, 644, 0, 0.000, -1.177, 0.052, 2.306, 638, 3, 0.637, -0.488, 0.088, 16.153, 641, 2, 1.137, 0.173, 0.087, 15.740, 642, 1, 0.755, -0.195, 0.089, 13.092, 645, 0, 0.000, -1.430, -0.446, 1.596, 643, 1, 0.279, -1.327, -0.057, 2.329, 646, 0, 0.000, 0.476, -0.020, 12.459, 647, 0, 0.000, 1.529, -0.077, 6.896, 648, 0, 0.000, 0.747, -0.002, 12.462, 
207, 103500, 8, 644, 1, 0.310, -1.270, 0.074, 2.161, 638, 4, 0.688, -0.452, 0.087, 15.819, 649, 0, 0.000, 0.189, 0.077, 17.208, 642, 2, 0.985, -0.142, 0.088, 12.617, 648, 1, 0.473, 0.824, -0.019, 12.264, 647, 1, 0.343, 1.740, -0.076, 6.915, 650, 0, 0.000, 0.487, 0.087, 13.746, 641, 3, 0.636, 0.282, 0.087, 15.512, 
208, 104000, 5, 644, 2, 0.309, -1.164, 0.013, 2.021, 638, 5, 0.814, -0.376, 0.071, 15.458, 641, 4, 0.267, 0.286, 0.087, 15.645, 642, 3, 0.718, -0.055, 0.088, 12.304, 648, 2, 0.716, 0.923, -0.002, 11.966, 
209, 104500, 6, 644, 3, 0.335, -1.259, 0.053, 1.863, 638, 6, 0.791, -0.338, 0.077, 15.074, 642, 4, 0.849, -0.050, 0.088, 11.880, 641, 5, 1.686, 0.363, 0.089, 14.847, 648, 3, 0.547, 1.022, -0.002, 11.750, 651, 0, 0.000, 1.523, -0.077, 7.535, 
210, 105000, 7, 652, 0, 0.000, -1.295, -0.002, 1.749, 638, 7, 0.758, -0.312, 0.079, 14.700, 642, 5, 0.671, -0.038, 0.087, 11.545, 641, 6, 0.988, 0.386, 0.077, 15.336, 644, 4, 0.240, -1.419, 0.052, 1.766, 653, 0, 0.000, 0.759, -0.002, 11.219, 648, 4, 0.234, 1.006, -0.002, 11.634, 
211, 105500, 5, 652, 1, 0.226, -1.471, 0.065, 1.666, 638, 8, 0.704, -0.288, 0.078, 14.352, 642, 6, 0.864, 0.021, 0.089, 11.132, 641, 7, 2.053, 0.445, 0.088, 14.335, 648, 5, 0.573, 1.125, -0.002, 11.429, 
212, 106000, 7, 654, 0, 0.000, -1.555, -0.057, 1.642, 638, 9, 0.723, -0.303, 0.078, 13.992, 642, 7, 0.723, 0.049, 0.088, 10.775, 641, 8, 1.147, 0.469, 0.088, 13.766, 648, 6, 0.335, 1.131, -0.019, 11.263, 652, 2, 0.067, -1.361, 0.028, 1.643, 655, 0, 0.000, 0.856, -0.020, 10.709, 
213, 106500, 8, 656, 0, 0.000, -1.572, 0.028, 1.600, 638, 10, 0.739, -0.288, 0.071, 13.625, 642, 8, 0.777, 0.033, 0.088, 10.388, 641, 9, 0.624, 0.528, 0.089, 13.477, 648, 7, 0.361, 1.184, -0.019, 11.098, 655, 1, 0.490, 0.893, -0.038, 10.473, 654, 1, 0.104, -1.735, -0.056, 1.668, 657, 0, 0.000, -0.552, 0.071, 17.489, 
214, 107000, 8, 656, 1, 0.072, -1.660, 0.070, 1.629, 638, 11, 0.753, -0.239, 0.077, 13.264, 642, 9, 0.801, 0.129, 0.090, 10.034, 648, 8, 0.208, 1.205, -0.020, 10.996, 657, 1, 0.854, -0.467, 0.088, 17.126, 658, 0, 0.000, 1.288, -0.019, 11.013, 659, 0, 0.000, 1.507, -0.002, 14.452, 655, 2, 0.496, 0.968, -0.020, 10.255, 
215, 107500, 12, 656, 2, 0.115, -1.539, -0.058, 1.661, 638, 12, 0.893, -0.166, 0.078, 12.852, 642, 10, 0.799, 0.160, 0.088, 9.639, 660, 0, 0.000, 1.225, -0.038, 11.418, 657, 2, 0.431, -0.454, 0.077, 16.913, 648, 9, 0.255, 1.300, -0.019, 10.917, 659, 1, 2.594, 1.506, -0.019, 13.157, 661, 0, 0.000, 0.679, 0.088, 12.820, 662, 0, 0.000, -1.755, 0.076, 1.686, 655, 3, 0.486, 1.091, -0.038, 10.090, 663, 0, 0.000, 1.405, -0.019, 10.953, 664, 0, 0.000, 0.591, 0.087, 14.102, 
216, 108000, 11, 656, 3, 0.031, -1.529, 0.042, 1.654, 638, 13, 0.660, -0.136, 0.062, 12.530, 642, 11, 0.869, 0.247, 0.090, 9.239, 657, 3, 1.050, -0.388, 0.078, 16.423, 663, 1, 0.127, 1.510, -0.019, 10.949, 661, 1, 0.740, 0.696, 0.077, 12.453, 665, 0, 0.000, -1.639, 0.013, 1.633, 648, 10, 0.242, 1.405, -0.019, 10.857, 666, 0, 0.000, -1.678, -0.097, 1.649, 659, 2, 0.831, 1.607, -0.057, 13.496, 667, 0, 0.000, 0.901, 0.087, 11.601, 
217, 108500, 13, 656, 4, 0.024, -1.561, -0.039, 1.648, 638, 14, 0.898, -0.053, 0.078, 12.124, 642, 12, 0.635, 0.271, 0.078, 8.924, 657, 4, 0.643, -0.353, 0.062, 16.113, 668, 0, 0.000, 1.506, -0.019, 10.846, 669, 0, 0.000, 0.624, -0.291, 0.994, 648, 11, 0.090, 1.436, -0.037, 10.819, 670, 0, 0.000, -1.686, 0.052, 1.655, 671, 0, 0.000, 0.358, 0.064, 8.924, 672, 0, 0.000, 1.614, 0.040, 11.569, 667, 1, 0.589, 0.993, 0.088, 11.354, 661, 2, 0.855, 0.789, 0.088, 12.078, 673, 0, 0.000, -0.466, 0.052, 21.073, 
218, 109000, 10, 670, 1, 0.022, -1.707, -0.002, 1.663, 638, 15, 0.721, -0.065, 0.071, 11.764, 671, 1, 0.794, 0.360, 0.063, 8.527, 657, 5, 0.800, -0.298, 0.053, 15.738, 648, 12, 0.173, 1.531, -0.037, 10.781, 674, 0, 0.000, 1.606, -0.037, 10.910, 661, 3, 0.120, 0.802, 0.077, 12.020, 675, 0, 0.000, -1.357, 0.075, 1.726, 676, 0, 0.000, 1.336, -0.077, 9.761, 677, 0, 0.000, 0.903, 0.077, 12.058, 
219, 109500, 11, 678, 0, 0.000, -1.662, 0.040, 1.690, 638, 16, 0.816, -0.005, 0.054, 11.379, 671, 2, 0.712, 0.434, 0.090, 8.195, 657, 6, 0.718, -0.301, 0.041, 15.381, 648, 13, 0.109, 1.595, -0.019, 10.812, 679, 0, 0.000, 0.903, 0.077, 11.592, 670, 2, 0.043, -1.548, -0.020, 1.663, 676, 1, 0.226, 1.394, -0.057, 9.667, 680, 0, 0.000, -1.747, -0.037, 1.704, 681, 0, 0.000, 1.098, 0.077, 10.995, 677, 1, 0.544, 0.962, 0.088, 11.807, 
220, 110000, 11, 678, 1, 0.014, -1.640, 0.040, 1.696, 638, 17, 0.822, 0.039, 0.071, 10.980, 671, 3, 0.690, 0.442, 0.080, 7.851, 657, 7, 0.852, -0.260, 0.062, 14.971, 682, 0, 0.000, 1.567, -0.041, 0.658, 679, 1, 0.500, 0.972, 0.078, 11.369, 683, 0, 0.000, 1.301, 0.087, 10.715, 681, 1, 0.341, 1.191, 0.088, 10.872, 684, 0, 0.000, 0.894, 0.087, 12.959, 648, 14, 0.122, 1.638, -0.037, 10.862, 685, 0, 0.000, 1.526, 0.040, 12.037, 
221, 110500, 13, 678, 2, 0.044, -1.575, 0.041, 1.715, 638, 18, 0.661, 0.046, 0.063, 10.650, 671, 4, 0.531, 0.485, 0.028, 7.603, 657, 8, 0.717, -0.197, 0.072, 14.642, 686, 0, 0.000, 0.990, 0.087, 12.018, 683, 1, 0.153, 1.305, 0.087, 10.792, 685, 1, 1.269, 1.641, -0.037, 11.513, 687, 0, 0.000, 0.123, 0.072, 10.646, 688, 0, 0.000, -1.766, 0.027, 1.727, 689, 0, 0.000, 0.560, 0.090, 7.570, 690, 0, 0.000, -0.354, 0.077, 19.622, 648, 15, 0.208, 1.738, -0.037, 10.912, 679, 2, 0.398, 1.095, 0.087, 11.482, 
222, 111000, 11, 691, 0, 0.000, -1.478, -0.002, 1.690, 687, 1, 0.873, 0.119, 0.089, 10.211, 689, 1, 0.709, 0.579, 0.087, 7.217, 657, 9, 0.816, -0.179, 0.088, 14.238, 683, 2, 0.541, 1.305, 0.087, 11.062, 692, 0, 0.000, 1.634, -0.057, 9.646, 688, 1, 0.011, -1.707, 0.027, 1.725, 693, 0, 0.000, 1.100, 0.087, 11.002, 694, 0, 0.000, -0.614, -0.002, 6.299, 695, 0, 0.000, -1.805, 0.068, 1.750, 696, 0, 0.000, 1.426, -0.057, 8.770, 
223, 111500, 9, 691, 1, 0.061, -1.648, -0.019, 1.684, 687, 2, 0.708, 0.157, 0.070, 9.866, 689, 2, 0.697, 0.659, 0.090, 6.891, 657, 10, 0.758, -0.170, 0.070, 13.861, 692, 1, 0.497, 1.687, -0.037, 9.880, 694, 1, 0.637, -0.616, -0.020, 5.981, 697, 0, 0.000, -0.911, -0.104, 2.939, 698, 0, 0.000, -1.254, -0.038, 1.801, 696, 1, 0.118, 1.506, -0.077, 8.740, 
224, 112000, 10, 691, 2, 0.047, -1.744, -0.037, 1.699, 687, 3, 0.769, 0.210, 0.054, 9.496, 699, 0, 0.000, 0.660, 0.073, 6.682, 657, 11, 0.781, -0.111, 0.072, 13.494, 694, 2, 0.628, -0.606, -0.020, 5.667, 697, 1, 0.476, -0.950, -0.123, 2.703, 700, 0, 0.000, -1.423, -0.038, 1.702, 692, 2, 4.033, 1.292, 0.088, 11.062, 701, 0, 0.000, 0.872, 0.042, 7.212, 689, 3, 0.467, 0.774, 0.090, 6.701, 
225, 112500, 12, 691, 3, 0.051, -1.749, -0.037, 1.725, 687, 4, 0.808, 0.258, 0.090, 9.108, 699, 1, 0.771, 0.810, 0.014, 6.380, 702, 0, 0.000, -0.052, 0.087, 13.098, 694, 3, 0.724, -0.568, -0.002, 5.310, 697, 2, 0.482, -1.000, -0.123, 2.466, 703, 0, 0.000, -1.586, -0.057, 1.658, 692, 3, 0.164, 1.325, 0.077, 10.986, 704, 0, 0.000, 0.803, 0.080, 6.367, 705, 0, 0.000, 1.413, 0.087, 11.061, 657, 12, 0.515, 0.027, 0.071, 13.363, 706, 0, 0.000, -0.178, 0.053, 18.117, 
226, 113000, 11, 703, 1, 0.026, -1.628, -0.019, 1.668, 687, 5, 0.720, 0.323, 0.090, 8.766, 707, 0, 0.000, 0.877, 0.088, 6.117, 694, 4, 0.631, -0.580, -0.003, 4.995, 697, 3, 0.444, -1.148, -0.099, 2.269, 692, 4, 0.725, 1.381, 0.087, 10.641, 702, 1, 0.656, -0.067, 0.087, 12.771, 704, 1, 0.188, 0.784, -0.002, 6.295, 708, 0, 0.000, 0.977, 0.088, 6.276, 705, 1, 0.651, 1.490, 0.077, 11.353, 709, 0, 0.000, 1.301, 0.087, 11.972, 
227, 113500, 9, 710, 0, 0.000, -1.675, -0.019, 1.791, 687, 6, 0.682, 0.349, 0.078, 8.429, 707, 1, 0.309, 0.867, 0.053, 5.966, 694, 5, 0.675, -0.634, 0.014, 4.665, 697, 4, 0.384, -1.302, -0.102, 2.101, 709, 1, 0.401, 1.380, 0.077, 11.809, 711, 0, 0.000, 0.982, 0.087, 5.901, 703, 2, 0.262, -1.780, -0.055, 1.779, 705, 2, 0.988, 1.627, 0.013, 10.983, 
228, 114000, 11, 710, 1, 0.289, -1.818, -0.036, 1.917, 711, 1, 0.127, 0.884, 0.052, 5.869, 694, 6, 0.641, -0.624, -0.039, 4.351, 697, 5, 0.211, -1.424, -0.148, 2.012, 709, 2, 0.184, 1.406, 0.087, 11.896, 712, 0, 0.000, 0.962, 0.053, 5.726, 705, 3, 0.113, 1.685, -0.002, 11.020, 713, 0, 0.000, -1.191, 0.077, 2.369, 714, 0, 0.000, 1.071, 0.053, 5.723, 715, 0, 0.000, 1.505, 0.077, 10.774, 716, 0, 0.000, 0.006, 0.089, 12.058, 
229, 114500, 11, 714, 1, 0.238, 0.980, 0.041, 5.628, 694, 7, 0.570, -0.634, -0.060, 4.067, 697, 6, 0.117, -1.546, -0.123, 1.969, 717, 0, 0.000, 1.106, -0.002, 5.571, 718, 0, 0.000, -1.319, 0.072, 2.242, 719, 0, 0.000, 1.094, 0.088, 5.536, 709, 3, 0.452, 1.510, 0.062, 11.737, 716, 1, 0.992, 0.046, 0.087, 11.571, 720, 0, 0.000, 1.364, -0.459, 1.149, 721, 0, 0.000, 0.461, 0.071, 7.699, 713, 1, 0.289, -1.309, -0.077, 2.267, 
230, 115000, 11, 722, 0, 0.000, 1.196, 0.028, 5.413, 694, 8, 0.690, -0.628, -0.003, 3.728, 697, 7, 0.025, -1.625, -0.143, 1.975, 719, 1, 0.165, 1.108, 0.054, 5.458, 718, 1, 0.205, -1.376, -0.002, 2.149, 723, 0, 0.000, 1.301, 0.040, 5.459, 724, 0, 0.000, 0.125, 0.079, 11.179, 721, 1, 0.459, 0.478, 0.063, 7.471, 725, 0, 0.000, -1.052, 0.014, 2.823, 709, 4, 0.272, 1.620, 0.070, 11.802, 716, 2, 0.631, 0.231, 0.089, 11.689, 
231, 115500, 12, 722, 1, 0.400, 1.348, 0.028, 5.274, 694, 9, 0.658, -0.594, -0.059, 3.406, 718, 2, 0.191, -1.444, -0.020, 2.059, 724, 1, 0.348, 0.161, 0.077, 11.012, 726, 0, 0.000, 0.476, 0.063, 7.799, 725, 1, 0.414, -1.102, 0.013, 2.620, 727, 0, 0.000, 0.260, 0.089, 10.869, 709, 5, 0.246, 1.734, 0.070, 11.849, 728, 0, 0.000, 0.047, 0.062, 15.831, 729, 0, 0.000, 0.676, 0.087, 7.097, 721, 2, 0.713, 0.576, 0.062, 7.149, 730, 0, 0.000, 0.790, -0.002, 7.745, 
232, 116000, 14, 731, 0, 0.000, 1.420, 0.028, 5.186, 694, 10, 0.671, -0.621, -0.041, 3.072, 718, 3, 0.115, -1.561, 0.041, 2.019, 727, 1, 0.838, 0.237, 0.088, 10.452, 732, 0, 0.000, 0.671, 0.087, 6.782, 733, 0, 0.000, -1.207, 0.072, 2.463, 734, 0, 0.000, 1.612, 0.087, 5.698, 729, 1, 0.588, 0.753, 0.090, 6.823, 735, 0, 0.000, -1.580, -0.077, 2.021, 736, 0, 0.000, 1.211, -0.019, 5.656, 722, 2, 0.016, 1.310, 0.062, 5.275, 737, 0, 0.000, 1.505, 0.052, 5.298, 725, 2, 0.336, -1.213, -0.039, 2.470, 738, 0, 0.000, 1.604, -0.002, 5.757, 
233, 116500, 10, 739, 0, 0.000, 1.497, 0.028, 5.135, 694, 11, 0.547, -0.701, -0.078, 2.810, 718, 4, 0.112, -1.654, 0.040, 2.066, 727, 2, 0.805, 0.234, 0.078, 10.050, 732, 1, 0.546, 0.721, 0.054, 6.520, 733, 1, 0.300, -1.335, 0.040, 2.333, 737, 1, 0.051, 1.592, 0.052, 5.293, 731, 1, 0.023, 1.416, 0.013, 5.175, 740, 0, 0.000, -1.706, -0.097, 2.093, 741, 0, 0.000, -1.741, 0.027, 2.074, 
234, 117000, 9, 739, 1, 0.049, 1.504, 0.087, 5.120, 694, 12, 0.606, -0.794, -0.078, 2.517, 740, 1, 0.187, -1.785, 0.039, 2.160, 727, 3, 0.506, 0.244, 0.088, 9.798, 732, 2, 0.626, 0.763, 0.079, 6.215, 733, 2, 0.168, -1.490, 0.028, 2.277, 742, 0, 0.000, 1.595, 0.028, 5.168, 743, 0, 0.000, -0.945, 0.088, 7.282, 744, 0, 0.000, -1.191, 0.078, 6.554, 
235, 117500, 7, 739, 2, 0.048, 1.585, 0.052, 5.116, 694, 13, 0.560, -0.872, -0.059, 2.244, 745, 0, 0.000, -1.781, 0.051, 2.543, 732, 3, 0.528, 0.816, 0.054, 5.961, 742, 1, 0.104, 1.500, -0.019, 5.191, 733, 3, 0.086, -1.645, 0.013, 2.261, 744, 1, 1.230, -1.444, 0.028, 6.141, 
236, 118000, 12, 742, 2, 0.211, 1.635, -0.037, 5.248, 694, 14, 0.546, -0.987, -0.080, 1.985, 733, 4, 0.093, -1.761, 0.027, 2.292, 746, 0, 0.000, 0.879, 0.078, 5.731, 744, 2, 0.110, -1.485, 0.028, 6.091, 747, 0, 0.000, 0.344, 0.078, 9.048, 748, 0, 0.000, 0.960, 0.041, 5.782, 749, 0, 0.000, 1.065, 0.053, 6.142, 739, 3, 0.215, 1.726, 0.040, 5.172, 732, 4, 0.239, 0.777, 0.077, 6.074, 750, 0, 0.000, -1.251, 0.088, 6.257, 751, 0, 0.000, -1.666, 0.040, 5.985, 
237, 118500, 13, 742, 3, 0.232, 1.762, -0.037, 5.323, 694, 15, 0.437, -1.058, -0.085, 1.771, 746, 1, 0.034, 0.895, 0.064, 5.747, 747, 1, 0.137, 0.362, 0.077, 8.981, 752, 0, 0.000, 1.009, 0.064, 5.527, 750, 1, 0.103, -1.238, 0.078, 6.206, 751, 1, 0.036, -1.646, 0.062, 6.000, 753, 0, 0.000, 1.098, 0.052, 5.579, 749, 1, 0.524, 1.204, 0.028, 5.940, 754, 0, 0.000, 0.565, 0.089, 8.969, 755, 0, 0.000, 0.257, 0.077, 13.521, 756, 0, 0.000, 1.497, -0.019, 8.753, 757, 0, 0.000, 0.455, 0.089, 8.656, 
238, 119000, 9, 742, 4, 0.953, 1.735, -0.076, 5.793, 694, 16, 0.371, -1.158, -0.061, 1.594, 752, 1, 0.096, 0.988, 0.077, 5.481, 758, 0, 0.000, 0.467, 0.077, 8.373, 759, 0, 0.000, 1.100, 0.052, 5.363, 760, 0, 0.000, 1.181, 0.042, 5.442, 757, 1, 0.467, 0.541, 0.089, 8.453, 761, 0, 0.000, -0.815, -0.123, 2.109, 751, 2, 0.194, -1.477, 0.040, 5.990, 
239, 119500, 8, 694, 17, 0.303, -1.403, -0.082, 1.487, 759, 1, 0.214, 1.071, 0.078, 5.260, 758, 1, 0.694, 0.515, 0.089, 8.036, 762, 0, 0.000, 1.189, 0.087, 5.202, 761, 1, 0.587, -1.031, -0.059, 1.862, 763, 0, 0.000, -0.633, -0.042, 2.802, 764, 0, 0.000, 0.065, 0.078, 32.743, 765, 0, 0.000, 0.302, 0.071, 12.804, 
240, 120000, 6, 694, 18, 0.108, -1.546, -0.037, 1.449, 762, 1, 0.292, 1.198, 0.062, 5.058, 758, 2, 0.651, 0.495, 0.072, 7.713, 761, 2, 0.396, -1.210, -0.003, 1.693, 765, 1, 0.806, 0.269, 0.089, 12.410, 766, 0, 0.000, -1.201, -0.131, 1.680, 
241, 120500, 9, 766, 1, 0.307, -1.397, 0.014, 1.573, 767, 0, 0.000, 1.187, 0.078, 4.946, 758, 3, 0.729, 0.557, 0.078, 7.363, 765, 2, 0.799, 0.328, 0.078, 12.032, 768, 0, 0.000, 1.291, 0.078, 4.926, 762, 2, 0.200, 1.395, 0.052, 5.056, 694, 19, 0.146, -1.758, -0.076, 1.488, 769, 0, 0.000, -0.827, -0.057, 2.261, 770, 0, 0.000, 1.076, 0.078, 5.402, 
242, 121000, 12, 694, 20, 0.136, -1.464, -0.038, 1.492, 770, 1, 0.234, 1.195, 0.052, 5.325, 758, 4, 0.196, 0.561, 0.077, 7.265, 765, 3, 0.364, 0.346, 0.087, 11.852, 768, 1, 0.023, 1.319, 0.079, 4.916, 771, 0, 0.000, 1.412, 0.088, 4.901, 772, 0, 0.000, -1.833, -0.138, 1.650, 769, 1, 0.592, -0.872, -0.110, 1.970, 766, 2, 0.182, -1.176, -0.104, 1.615, 773, 0, 0.000, 0.113, 0.087, 31.616, 774, 0, 0.000, 0.749, 0.072, 7.407, 775, 0, 0.000, 0.427, 0.079, 11.726, 
243, 121500, 12, 694, 21, 0.011, -1.416, -0.038, 1.488, 776, 0, 0.000, 1.415, -0.002, 4.852, 758, 5, 1.050, 0.667, 0.077, 6.777, 775, 1, 0.750, 0.416, 0.089, 11.352, 777, 0, 0.000, 1.403, 0.077, 4.789, 778, 0, 0.000, -1.612, 0.013, 1.480, 766, 3, 0.293, -1.038, -0.127, 1.746, 771, 1, 0.133, 1.512, 0.077, 4.859, 779, 0, 0.000, -1.173, 0.088, 5.484, 780, 0, 0.000, 1.603, 0.052, 4.979, 781, 0, 0.000, -0.704, -0.083, 2.511, 782, 0, 0.000, 1.298, 0.077, 5.070, 
244, 122000, 11, 783, 0, 0.000, -1.252, -0.143, 1.577, 777, 1, 0.184, 1.499, 0.088, 4.719, 758, 6, 0.628, 0.733, 0.080, 6.478, 775, 2, 0.702, 0.428, 0.078, 11.003, 782, 1, 0.239, 1.395, 0.078, 4.974, 778, 1, 0.034, -1.633, -0.098, 1.488, 779, 1, 0.313, -1.241, 0.087, 5.340, 771, 2, 0.080, 1.605, 0.087, 4.840, 781, 1, 0.527, -0.826, -0.099, 2.265, 766, 4, 0.284, -1.143, -0.077, 1.615, 784, 0, 0.000, 1.695, 0.040, 5.110, 
245, 122500, 12, 778, 2, 0.097, -1.377, -0.082, 1.487, 782, 2, 0.143, 1.505, 0.077, 4.932, 758, 7, 0.469, 0.765, 0.087, 6.246, 785, 0, 0.000, 1.405, 0.013, 5.887, 777, 2, 0.115, 1.604, 0.087, 4.750, 781, 2, 0.554, -0.925, -0.151, 2.000, 786, 0, 0.000, 1.710, 0.076, 4.874, 787, 0, 0.000, -1.820, -0.138, 1.608, 771, 3, 0.070, 1.615, -0.002, 4.824, 775, 3, 6.279, -0.290, 0.040, 11.427, 788, 0, 0.000, 1.159, -0.019, 8.945, 789, 0, 0.000, 0.949, 0.079, 6.702, 
246, 123000, 6, 778, 3, 0.072, -1.493, -0.098, 1.462, 786, 1, 0.076, 1.598, 0.087, 4.867, 781, 3, 0.477, -1.120, -0.131, 1.795, 777, 3, 0.082, 1.703, 0.076, 4.768, 790, 0, 0.000, -1.567, -0.262, 1.460, 788, 1, 0.770, 1.146, -0.019, 8.561, 
247, 123500, 9, 790, 1, 0.094, -1.743, -0.141, 1.475, 791, 0, 0.000, 1.721, -0.076, 5.040, 781, 4, 0.331, -1.252, -0.166, 1.645, 786, 2, 0.104, 1.712, 0.076, 4.888, 792, 0, 0.000, 0.524, 0.089, 9.971, 793, 0, 0.000, -0.665, 0.014, 6.871, 794, 0, 0.000, 0.871, 0.078, 5.760, 795, 0, 0.000, -1.642, 0.087, 4.634, 788, 2, 0.407, 1.263, -0.019, 8.706, 
248, 124000, 13, 790, 2, 0.183, -1.776, -0.140, 1.566, 791, 1, 0.677, 1.731, -0.056, 5.377, 796, 0, 0.000, -1.383, -0.105, 1.527, 792, 1, 0.594, 0.614, 0.090, 9.713, 793, 1, 0.734, -0.654, 0.014, 6.505, 797, 0, 0.000, 0.870, 0.052, 6.006, 795, 1, 0.067, -1.690, 0.086, 4.663, 794, 1, 0.286, 1.057, 0.054, 5.717, 798, 0, 0.000, 0.967, 0.090, 5.561, 788, 3, 0.291, 1.361, -0.019, 8.602, 799, 0, 0.000, -0.245, 0.042, 10.275, 800, 0, 0.000, 0.203, 0.028, 29.137, 801, 0, 0.000, 1.169, 0.088, 6.134, 
249, 124500, 9, 802, 0, 0.000, -1.618, -0.120, 1.484, 803, 0, 0.000, 1.704, -0.019, 6.401, 796, 1, 0.080, -1.517, -0.142, 1.502, 792, 2, 0.591, 0.620, 0.089, 9.417, 793, 2, 0.610, -0.695, 0.029, 6.206, 798, 1, 0.461, 1.060, 0.090, 5.353, 788, 4, 0.683, 1.348, -0.019, 8.261, 799, 1, 0.732, -0.256, 0.028, 9.911, 795, 2, 0.659, -1.511, 0.077, 4.918, 
250, 125000, 9, 802, 1, 0.132, -1.778, -0.140, 1.531, 792, 3, 0.608, 0.631, 0.088, 9.114, 793, 3, 0.537, -0.735, 0.029, 5.942, 804, 0, 0.000, 1.075, 0.087, 5.218, 788, 5, 0.284, 1.385, -0.019, 8.124, 799, 2, 0.761, -0.272, 0.028, 9.532, 795, 3, 0.069, -1.585, 0.062, 4.897, 805, 0, 0.000, 0.217, 0.028, 28.417, 798, 2, 0.222, 1.164, 0.088, 5.271, 
251, 125500, 6, 802, 2, 0.456, -1.873, -0.094, 1.751, 792, 4, 0.497, 0.651, 0.087, 8.868, 793, 4, 0.657, -0.793, 0.028, 5.623, 804, 1, 0.393, 1.178, 0.088, 5.049, 799, 3, 0.731, -0.293, 0.029, 9.168, 795, 4, 0.106, -1.682, 0.087, 4.926, 
252, 126000, 4, 792, 5, 0.569, 0.712, 0.078, 8.599, 793, 5, 0.324, -0.819, 0.042, 5.463, 795, 5, 0.124, -1.693, 0.013, 4.975, 799, 4, 0.645, -0.288, 0.087, 8.861, 
253, 126500, 8, 792, 6, 0.560, 0.725, 0.088, 8.320, 793, 6, 0.620, -0.867, 0.028, 5.159, 799, 5, 0.636, -0.299, 0.028, 8.558, 795, 6, 2.507, -1.556, 0.052, 6.178, 806, 0, 0.000, 1.234, 0.071, 4.908, 807, 0, 0.000, 1.076, 0.040, 5.181, 808, 0, 0.000, 1.635, 0.027, 8.565, 809, 0, 0.000, -0.141, 0.088, 20.224, 
254, 127000, 8, 810, 0, 0.000, 0.747, 0.077, 8.149, 793, 7, 0.242, -0.909, 0.028, 5.042, 799, 6, 0.424, -0.300, 0.052, 8.349, 795, 7, 0.012, -1.552, 0.070, 6.173, 806, 1, 0.296, 1.375, 0.087, 4.807, 807, 1, 0.272, 1.133, 0.053, 5.053, 809, 1, 16.705, 0.234, 0.052, 27.163, 792, 7, 0.171, 0.651, -0.002, 8.292, 
255, 127500, 5, 810, 1, 0.450, 0.704, 0.088, 7.932, 793, 8, 0.314, -0.951, 0.014, 4.890, 799, 7, 0.455, -0.347, 0.041, 8.131, 806, 2, 0.125, 1.347, 0.088, 4.747, 809, 2, 0.519, 0.198, -0.002, 26.961, 
256, 128000, 8, 811, 0, 0.000, 0.753, 0.087, 7.756, 793, 9, 0.311, -1.028, 0.041, 4.751, 799, 8, 0.565, -0.362, 0.041, 7.849, 812, 0, 0.000, 1.328, 0.071, 4.695, 813, 0, 0.000, 1.182, 0.040, 4.872, 810, 2, 0.113, 0.638, 0.013, 7.915, 806, 3, 0.111, 1.439, 0.088, 4.710, 814, 0, 0.000, -1.581, 0.040, 6.174, 
257, 128500, 8, 815, 0, 0.000, 0.774, 0.071, 7.660, 793, 10, 0.249, -1.068, 0.013, 4.632, 799, 9, 0.390, -0.373, 0.028, 7.655, 812, 1, 0.102, 1.371, 0.052, 4.649, 813, 1, 0.168, 1.215, 0.041, 4.791, 811, 1, 0.184, 0.657, -0.002, 7.731, 814, 1, 0.032, -1.642, 0.040, 6.179, 816, 0, 0.000, 0.208, 0.040, 26.495, 
258, 129000, 7, 817, 0, 0.000, 0.778, 0.088, 7.487, 793, 11, 0.157, -1.105, 0.028, 4.556, 799, 10, 0.321, -0.390, -0.002, 7.499, 812, 2, 0.060, 1.419, 0.062, 4.625, 813, 2, 0.115, 1.236, 0.041, 4.734, 815, 1, 0.237, 0.672, 0.013, 7.593, 816, 1, 0.375, 0.193, 0.013, 26.319, 
259, 129500, 6, 793, 12, 0.065, -1.114, 0.028, 4.524, 812, 3, 0.026, 1.411, 0.077, 4.613, 813, 3, 0.062, 1.238, 0.052, 4.704, 815, 2, 0.110, 0.655, 0.013, 7.539, 818, 0, 0.000, -1.622, 0.013, 6.179, 799, 11, 0.095, -0.394, 0.013, 7.453, 
260, 130000, 10, 793, 13, 0.010, -1.115, 0.013, 4.529, 812, 4, 0.011, 1.408, 0.062, 4.617, 813, 4, 0.013, 1.253, 0.040, 4.709, 815, 3, 0.015, 0.657, 0.013, 7.547, 818, 1, 0.022, -1.610, 0.070, 6.180, 799, 12, 0.041, -0.394, -0.002, 7.472, 819, 0, 0.000, 0.774, 0.087, 7.500, 820, 0, 0.000, 1.598, -0.002, 3.419, 821, 0, 0.000, -0.194, 0.077, 19.090, 822, 0, 0.000, 0.198, 0.013, 26.288, 
261, 130500, 9, 793, 14, 0.028, -1.115, 0.013, 4.543, 823, 0, 0.000, 1.451, 0.028, 3.316, 813, 5, 0.034, 1.233, 0.040, 4.693, 815, 4, 0.000, 0.657, 0.013, 7.547, 818, 2, 0.021, -1.655, 0.070, 6.184, 799, 13, 0.028, -0.396, 0.013, 7.459, 819, 1, 0.087, 0.781, 0.087, 7.457, 820, 1, 0.233, 1.534, 0.028, 3.311, 821, 1, 0.008, -0.194, 0.077, 19.086, 
262, 131000, 8, 793, 15, 0.049, -1.113, 0.028, 4.519, 823, 1, 0.071, 1.329, 0.013, 3.305, 815, 5, 0.010, 0.657, 0.013, 7.542, 818, 3, 0.007, -1.644, 0.052, 6.186, 799, 14, 0.000, -0.394, 0.013, 7.459, 819, 2, 0.050, 0.772, 0.087, 7.482, 821, 2, 0.004, -0.192, 0.077, 19.088, 824, 0, 0.000, -1.556, 0.052, 6.185, 
