count, time, geo_lat, geo_lon, geo_alt, geo_tim, geo_sat, geo_quality, , 
50, 500, 34.660649, 135.446116, 7.523000, 16177, 12, 5, 
100, 1000, 34.660650, 135.446116, 7.472000, 16177, 12, 5, 
150, 1500, 34.660650, 135.446116, 7.431000, 16178, 12, 5, 
200, 2000, 34.660650, 135.446117, 7.327000, 16179, 12, 5, 
250, 2500, 34.660651, 135.446117, 7.277000, 16179, 12, 5, 
300, 3000, 34.660651, 135.446117, 7.226000, 16180, 12, 5, 
350, 3500, 34.660651, 135.446118, 7.213000, 16181, 12, 5, 
400, 4000, 34.660652, 135.446118, 7.185000, 16181, 12, 5, 
450, 4500, 34.660652, 135.446118, 7.180000, 16182, 12, 5, 
500, 5000, 34.660652, 135.446119, 7.066000, 16182, 12, 5, 
550, 5500, 34.660652, 135.446120, 6.850000, 16183, 12, 5, 
600, 6000, 34.660652, 135.446120, 6.705000, 16184, 12, 5, 
650, 6500, 34.660652, 135.446121, 6.598000, 16184, 12, 5, 
700, 7000, 34.660652, 135.446121, 6.523000, 16185, 12, 5, 
750, 7500, 34.660652, 135.446122, 6.473000, 16186, 12, 5, 
800, 8000, 34.660652, 135.446122, 6.431000, 16186, 12, 5, 
850, 8500, 34.660653, 135.446122, 6.393000, 16187, 12, 5, 
900, 9000, 34.660653, 135.446123, 6.358000, 16187, 12, 5, 
950, 9500, 34.660653, 135.446123, 6.338000, 16188, 12, 5, 
1000, 10000, 34.660653, 135.446123, 6.307000, 16189, 12, 5, 
1050, 10500, 34.660653, 135.446123, 6.264000, 16189, 12, 5, 
1100, 11000, 34.660653, 135.446123, 6.222000, 16190, 12, 5, 
1150, 11500, 34.660654, 135.446124, 6.174000, 16190, 12, 5, 
1200, 12000, 34.660654, 135.446124, 6.119000, 16191, 12, 5, 
1250, 12500, 34.660654, 135.446124, 6.051000, 16192, 12, 5, 
1300, 13000, 34.660654, 135.446124, 5.958000, 16192, 12, 5, 
1350, 13500, 34.660654, 135.446125, 5.882000, 16193, 12, 5, 
1400, 14000, 34.660654, 135.446125, 5.856000, 16194, 12, 5, 
1450, 14500, 34.660655, 135.446125, 5.839000, 16194, 12, 5, 
1500, 15000, 34.660655, 135.446125, 5.832000, 16195, 12, 5, 
1550, 15500, 34.660655, 135.446126, 5.811000, 16196, 12, 5, 
1600, 16000, 34.660655, 135.446126, 5.802000, 16196, 12, 5, 
1650, 16500, 34.660655, 135.446126, 5.771000, 16197, 12, 5, 
1700, 17000, 34.660655, 135.446126, 5.745000, 16197, 12, 5, 
1750, 17500, 34.660655, 135.446126, 5.721000, 16198, 12, 5, 
1800, 18000, 34.660655, 135.446126, 5.704000, 16199, 12, 5, 
1850, 18500, 34.660655, 135.446127, 5.685000, 16199, 12, 5, 
1900, 19000, 34.660656, 135.446127, 5.656000, 16200, 12, 5, 
1950, 19500, 34.660656, 135.446127, 5.635000, 16201, 12, 5, 
2000, 20000, 34.660656, 135.446127, 5.597000, 16201, 12, 5, 
2050, 20500, 34.660656, 135.446127, 5.571000, 16202, 12, 5, 
2100, 21000, 34.660656, 135.446127, 5.569000, 16203, 12, 5, 
2150, 21500, 34.660656, 135.446127, 5.577000, 16203, 12, 5, 
2200, 22000, 34.660656, 135.446127, 5.590000, 16204, 12, 5, 
2250, 22500, 34.660656, 135.446127, 5.596000, 16205, 12, 5, 
2300, 23000, 34.660656, 135.446127, 5.620000, 16205, 12, 5, 
2350, 23500, 34.660657, 135.446126, 5.683000, 16206, 12, 5, 
2400, 24000, 34.660659, 135.446126, 5.653000, 16207, 12, 5, 
2450, 24500, 34.660660, 135.446125, 5.559000, 16207, 12, 5, 
2500, 25000, 34.660662, 135.446124, 5.401000, 16208, 12, 5, 
2550, 25500, 34.660664, 135.446123, 5.289000, 16208, 12, 5, 
2600, 26000, 34.660666, 135.446121, 5.201000, 16209, 12, 5, 
2650, 26500, 34.660669, 135.446120, 5.110000, 16210, 12, 5, 
2700, 27000, 34.660671, 135.446118, 5.037000, 16210, 12, 5, 
2750, 27500, 34.660675, 135.446115, 4.970000, 16211, 12, 5, 
2800, 28000, 34.660678, 135.446113, 4.817000, 16212, 12, 5, 
2850, 28500, 34.660682, 135.446111, 4.723000, 16212, 12, 5, 
2900, 29000, 34.660686, 135.446109, 4.656000, 16213, 12, 5, 
2950, 29500, 34.660691, 135.446106, 4.698000, 16214, 12, 5, 
3000, 30000, 34.660694, 135.446105, 4.765000, 16214, 12, 5, 
3050, 30500, 34.660698, 135.446102, 4.820000, 16215, 12, 5, 
3100, 31000, 34.660703, 135.446099, 4.906000, 16216, 12, 5, 
3150, 31500, 34.660706, 135.446097, 4.990000, 16216, 12, 5, 
3200, 32000, 34.660710, 135.446095, 5.019000, 16217, 12, 5, 
3250, 32500, 34.660715, 135.446093, 5.087000, 16218, 12, 5, 
3300, 33000, 34.660719, 135.446091, 5.166000, 16218, 12, 5, 
3350, 33500, 34.660723, 135.446088, 5.270000, 16219, 12, 5, 
3400, 34000, 34.660727, 135.446085, 5.388000, 16220, 12, 5, 
3450, 34500, 34.660731, 135.446082, 5.465000, 16220, 12, 5, 
3500, 35000, 34.660734, 135.446079, 5.538000, 16221, 12, 5, 
3550, 35500, 34.660737, 135.446075, 5.614000, 16222, 12, 5, 
3600, 36000, 34.660741, 135.446071, 5.703000, 16222, 12, 5, 
3650, 36500, 34.660744, 135.446067, 5.761000, 16223, 12, 5, 
3700, 37000, 34.660747, 135.446065, 5.750000, 16223, 12, 5, 
3750, 37500, 34.660751, 135.446061, 5.806000, 16224, 12, 5, 
3800, 38000, 34.660754, 135.446057, 5.858000, 16225, 12, 5, 
3850, 38500, 34.660757, 135.446054, 5.866000, 16225, 12, 5, 
3900, 39000, 34.660760, 135.446051, 5.884000, 16226, 12, 5, 
3950, 39500, 34.660763, 135.446046, 5.904000, 16227, 12, 5, 
4000, 40000, 34.660766, 135.446042, 5.918000, 16227, 12, 5, 
4050, 40500, 34.660768, 135.446038, 5.925000, 16228, 12, 5, 
4100, 41000, 34.660770, 135.446032, 5.910000, 16228, 12, 5, 
4150, 41500, 34.660772, 135.446028, 5.911000, 16229, 12, 5, 
4200, 42000, 34.660773, 135.446022, 5.909000, 16230, 12, 5, 
4250, 42500, 34.660774, 135.446017, 5.891000, 16230, 12, 5, 
4300, 43000, 34.660775, 135.446010, 5.899000, 16231, 12, 5, 
4350, 43500, 34.660775, 135.446006, 5.905000, 16232, 12, 5, 
4400, 44000, 34.660776, 135.446001, 5.924000, 16232, 12, 5, 
4450, 44500, 34.660776, 135.445996, 5.916000, 16233, 12, 5, 
4500, 45000, 34.660777, 135.445991, 5.948000, 16233, 12, 5, 
4550, 45500, 34.660777, 135.445985, 5.962000, 16234, 12, 5, 
4600, 46000, 34.660777, 135.445979, 6.014000, 16235, 12, 5, 
4650, 46500, 34.660776, 135.445974, 6.087000, 16235, 12, 5, 
4700, 47000, 34.660775, 135.445968, 6.167000, 16236, 12, 5, 
4750, 47500, 34.660773, 135.445963, 6.249000, 16237, 12, 5, 
4800, 48000, 34.660772, 135.445958, 6.302000, 16237, 12, 5, 
4850, 48500, 34.660771, 135.445952, 6.355000, 16238, 12, 2, 
4900, 49000, 34.660769, 135.445946, 6.350000, 16239, 12, 5, 
4950, 49500, 34.660767, 135.445941, 6.378000, 16239, 12, 2, 
5000, 50000, 34.660766, 135.445936, 6.416000, 16240, 12, 2, 
5050, 50500, 34.660763, 135.445930, 6.438000, 16241, 12, 5, 
5100, 51000, 34.660761, 135.445926, 6.467000, 16241, 12, 2, 
5150, 51500, 34.660759, 135.445920, 6.520000, 16242, 12, 5, 
5200, 52000, 34.660757, 135.445915, 6.544000, 16243, 12, 5, 
5250, 52500, 34.660756, 135.445910, 6.670000, 16243, 12, 5, 
5300, 53000, 34.660754, 135.445905, 6.737000, 16244, 12, 5, 
5350, 53500, 34.660752, 135.445900, 6.807000, 16245, 12, 5, 
5400, 54000, 34.660751, 135.445896, 6.882000, 16245, 12, 5, 
5450, 54500, 34.660749, 135.445890, 6.965000, 16246, 12, 5, 
5500, 55000, 34.660748, 135.445885, 7.031000, 16247, 12, 5, 
5550, 55500, 34.660746, 135.445880, 7.069000, 16247, 12, 5, 
5600, 56000, 34.660745, 135.445876, 7.080000, 16248, 12, 5, 
5650, 56500, 34.660744, 135.445869, 7.115000, 16248, 12, 5, 
5700, 57000, 34.660742, 135.445865, 7.127000, 16249, 12, 5, 
5750, 57500, 34.660741, 135.445860, 7.172000, 16250, 12, 5, 
5800, 58000, 34.660739, 135.445856, 7.175000, 16250, 12, 2, 
5850, 58500, 34.660737, 135.445851, 7.257000, 16251, 12, 5, 
5900, 59000, 34.660735, 135.445846, 7.260000, 16251, 12, 5, 
5950, 59500, 34.660733, 135.445842, 7.365000, 16252, 12, 5, 
6000, 60000, 34.660731, 135.445836, 7.401000, 16253, 12, 5, 
6050, 60500, 34.660728, 135.445831, 7.439000, 16253, 12, 5, 
6100, 61000, 34.660726, 135.445827, 7.470000, 16254, 12, 5, 
6150, 61500, 34.660724, 135.445823, 7.515000, 16255, 12, 5, 
6200, 62000, 34.660722, 135.445818, 7.594000, 16255, 12, 5, 
6250, 62500, 34.660719, 135.445813, 7.627000, 16256, 12, 2, 
6300, 63000, 34.660717, 135.445808, 7.676000, 16257, 12, 2, 
6350, 63500, 34.660715, 135.445804, 7.717000, 16257, 12, 2, 
6400, 64000, 34.660713, 135.445799, 7.715000, 16258, 12, 5, 
6450, 64500, 34.660711, 135.445795, 7.757000, 16258, 12, 5, 
6500, 65000, 34.660709, 135.445789, 7.815000, 16259, 12, 5, 
6550, 65500, 34.660706, 135.445784, 7.832000, 16260, 12, 5, 
6600, 66000, 34.660704, 135.445780, 7.859000, 16260, 12, 5, 
6650, 66500, 34.660702, 135.445775, 7.898000, 16261, 12, 5, 
6700, 67000, 34.660700, 135.445770, 7.908000, 16262, 12, 5, 
6750, 67500, 34.660697, 135.445765, 7.976000, 16262, 12, 5, 
6800, 68000, 34.660694, 135.445761, 8.004000, 16263, 12, 2, 
6850, 68500, 34.660692, 135.445757, 8.024000, 16264, 12, 5, 
6900, 69000, 34.660689, 135.445752, 8.079000, 16264, 12, 5, 
6950, 69500, 34.660686, 135.445748, 8.105000, 16265, 12, 5, 
7000, 70000, 34.660682, 135.445744, 8.101000, 16266, 12, 5, 
7050, 70500, 34.660679, 135.445740, 8.126000, 16266, 12, 5, 
7100, 71000, 34.660676, 135.445737, 8.124000, 16267, 12, 5, 
7150, 71500, 34.660672, 135.445734, 8.130000, 16267, 12, 5, 
7200, 72000, 34.660669, 135.445732, 8.147000, 16268, 12, 5, 
7250, 72500, 34.660664, 135.445729, 8.113000, 16269, 12, 5, 
7300, 73000, 34.660661, 135.445727, 8.120000, 16269, 12, 5, 
7350, 73500, 34.660657, 135.445725, 8.126000, 16270, 12, 5, 
7400, 74000, 34.660652, 135.445722, 8.108000, 16270, 12, 5, 
7450, 74500, 34.660648, 135.445720, 8.118000, 16271, 12, 5, 
7500, 75000, 34.660643, 135.445718, 8.079000, 16272, 12, 5, 
7550, 75500, 34.660639, 135.445716, 8.043000, 16272, 12, 5, 
7600, 76000, 34.660634, 135.445714, 8.022000, 16273, 12, 5, 
7650, 76500, 34.660630, 135.445713, 8.013000, 16274, 12, 5, 
7700, 77000, 34.660625, 135.445711, 7.995000, 16274, 12, 5, 
7750, 77500, 34.660621, 135.445708, 7.959000, 16275, 12, 5, 
7800, 78000, 34.660617, 135.445706, 7.965000, 16276, 12, 5, 
7850, 78500, 34.660612, 135.445703, 7.942000, 16276, 12, 5, 
7900, 79000, 34.660608, 135.445702, 7.909000, 16277, 12, 5, 
7950, 79500, 34.660604, 135.445700, 7.860000, 16278, 12, 5, 
8000, 80000, 34.660599, 135.445699, 7.783000, 16278, 12, 5, 
8050, 80500, 34.660596, 135.445698, 7.756000, 16279, 12, 5, 
8100, 81000, 34.660592, 135.445696, 7.726000, 16279, 12, 5, 
8150, 81500, 34.660587, 135.445694, 7.693000, 16280, 12, 5, 
8200, 82000, 34.660583, 135.445692, 7.690000, 16281, 12, 5, 
8250, 82500, 34.660579, 135.445690, 7.692000, 16281, 12, 5, 
8300, 83000, 34.660574, 135.445687, 7.696000, 16282, 12, 5, 
8350, 83500, 34.660571, 135.445685, 7.652000, 16283, 12, 5, 
8400, 84000, 34.660566, 135.445684, 7.627000, 16283, 12, 5, 
8450, 84500, 34.660561, 135.445683, 7.588000, 16284, 12, 5, 
8500, 85000, 34.660558, 135.445682, 7.604000, 16285, 12, 5, 
8550, 85500, 34.660554, 135.445682, 7.543000, 16285, 12, 2, 
8600, 86000, 34.660550, 135.445681, 7.570000, 16286, 12, 2, 
8650, 86500, 34.660544, 135.445680, 7.559000, 16287, 12, 5, 
8700, 87000, 34.660541, 135.445680, 7.538000, 16287, 12, 5, 
8750, 87500, 34.660536, 135.445679, 7.521000, 16288, 12, 5, 
8800, 88000, 34.660530, 135.445679, 7.481000, 16288, 12, 5, 
8850, 88500, 34.660526, 135.445678, 7.474000, 16289, 12, 5, 
8900, 89000, 34.660522, 135.445678, 7.458000, 16290, 12, 5, 
8950, 89500, 34.660518, 135.445678, 7.458000, 16290, 12, 2, 
9000, 90000, 34.660514, 135.445677, 7.432000, 16291, 12, 5, 
9050, 90500, 34.660509, 135.445677, 7.431000, 16291, 12, 5, 
9100, 91000, 34.660505, 135.445676, 7.418000, 16292, 12, 5, 
9150, 91500, 34.660500, 135.445676, 7.359000, 16293, 12, 5, 
9200, 92000, 34.660496, 135.445676, 7.308000, 16293, 12, 2, 
9250, 92500, 34.660492, 135.445676, 7.253000, 16294, 12, 5, 
9300, 93000, 34.660487, 135.445675, 7.270000, 16295, 12, 5, 
9350, 93500, 34.660483, 135.445675, 7.238000, 16295, 12, 5, 
9400, 94000, 34.660478, 135.445676, 7.168000, 16296, 12, 5, 
9450, 94500, 34.660473, 135.445675, 7.151000, 16297, 12, 5, 
9500, 95000, 34.660470, 135.445675, 7.132000, 16297, 12, 5, 
9550, 95500, 34.660466, 135.445675, 7.099000, 16298, 12, 5, 
9600, 96000, 34.660461, 135.445676, 7.060000, 16298, 12, 5, 
9650, 96500, 34.660457, 135.445676, 7.042000, 16299, 12, 5, 
9700, 97000, 34.660452, 135.445677, 7.069000, 16300, 12, 5, 
9750, 97500, 34.660449, 135.445677, 7.079000, 16300, 12, 5, 
9800, 98000, 34.660444, 135.445678, 7.070000, 16301, 12, 5, 
9850, 98500, 34.660439, 135.445679, 7.084000, 16302, 12, 5, 
9900, 99000, 34.660435, 135.445679, 7.091000, 16302, 12, 5, 
9950, 99500, 34.660432, 135.445681, 7.105000, 16303, 12, 5, 
10000, 100000, 34.660427, 135.445682, 7.133000, 16304, 12, 5, 
10050, 100500, 34.660423, 135.445683, 7.139000, 16304, 12, 5, 
10100, 101000, 34.660418, 135.445684, 7.149000, 16305, 12, 5, 
10150, 101500, 34.660414, 135.445686, 7.222000, 16306, 12, 5, 
10200, 102000, 34.660410, 135.445687, 7.222000, 16306, 12, 5, 
10250, 102500, 34.660405, 135.445690, 7.245000, 16307, 12, 5, 
10300, 103000, 34.660402, 135.445692, 7.271000, 16307, 12, 5, 
10350, 103500, 34.660399, 135.445694, 7.316000, 16308, 12, 5, 
10400, 104000, 34.660395, 135.445696, 7.320000, 16309, 12, 5, 
10450, 104500, 34.660391, 135.445699, 7.306000, 16309, 12, 5, 
10500, 105000, 34.660387, 135.445701, 7.288000, 16310, 12, 5, 
10550, 105500, 34.660384, 135.445703, 7.292000, 16310, 12, 5, 
10600, 106000, 34.660379, 135.445706, 7.312000, 16311, 12, 5, 
10650, 106500, 34.660376, 135.445709, 7.321000, 16312, 12, 5, 
10700, 107000, 34.660372, 135.445711, 7.340000, 16312, 12, 5, 
10750, 107500, 34.660367, 135.445714, 7.385000, 16313, 12, 5, 
10800, 108000, 34.660364, 135.445717, 7.415000, 16314, 12, 5, 
10850, 108500, 34.660360, 135.445720, 7.441000, 16314, 12, 5, 
10900, 109000, 34.660356, 135.445723, 7.419000, 16315, 12, 5, 
10950, 109500, 34.660353, 135.445726, 7.414000, 16316, 12, 5, 
11000, 110000, 34.660348, 135.445731, 7.463000, 16316, 12, 5, 
11050, 110500, 34.660345, 135.445734, 7.512000, 16317, 12, 5, 
11100, 111000, 34.660342, 135.445736, 7.542000, 16318, 12, 5, 
11150, 111500, 34.660338, 135.445740, 7.556000, 16318, 12, 5, 
11200, 112000, 34.660335, 135.445742, 7.579000, 16319, 12, 5, 
11250, 112500, 34.660331, 135.445746, 7.564000, 16320, 12, 5, 
11300, 113000, 34.660328, 135.445749, 7.589000, 16320, 12, 5, 
11350, 113500, 34.660323, 135.445752, 7.578000, 16321, 12, 5, 
11400, 114000, 34.660320, 135.445756, 7.608000, 16322, 12, 5, 
11450, 114500, 34.660317, 135.445759, 7.582000, 16322, 12, 5, 
11500, 115000, 34.660313, 135.445761, 7.627000, 16323, 12, 5, 
11550, 115500, 34.660310, 135.445764, 7.651000, 16323, 12, 5, 
11600, 116000, 34.660306, 135.445767, 7.670000, 16324, 12, 5, 
11650, 116500, 34.660301, 135.445771, 7.666000, 16325, 12, 5, 
11700, 117000, 34.660298, 135.445773, 7.673000, 16325, 12, 5, 
11750, 117500, 34.660294, 135.445776, 7.695000, 16326, 12, 5, 
11800, 118000, 34.660290, 135.445779, 7.691000, 16327, 12, 5, 
11850, 118500, 34.660286, 135.445781, 7.700000, 16327, 12, 5, 
11900, 119000, 34.660282, 135.445784, 7.714000, 16328, 12, 5, 
11950, 119500, 34.660278, 135.445787, 7.722000, 16329, 12, 5, 
12000, 120000, 34.660274, 135.445790, 7.703000, 16329, 12, 5, 
12050, 120500, 34.660270, 135.445793, 7.730000, 16330, 12, 5, 
12100, 121000, 34.660266, 135.445797, 7.679000, 16331, 12, 5, 
12150, 121500, 34.660262, 135.445799, 7.718000, 16331, 12, 2, 
12200, 122000, 34.660259, 135.445802, 7.675000, 16332, 12, 5, 
12250, 122500, 34.660254, 135.445805, 7.662000, 16333, 12, 5, 
12300, 123000, 34.660251, 135.445807, 7.657000, 16333, 12, 5, 
12350, 123500, 34.660246, 135.445810, 7.710000, 16334, 12, 2, 
12400, 124000, 34.660242, 135.445813, 7.758000, 16335, 12, 5, 
12450, 124500, 34.660238, 135.445816, 7.745000, 16335, 12, 5, 
12500, 125000, 34.660235, 135.445818, 7.744000, 16336, 12, 5, 
12550, 125500, 34.660231, 135.445820, 7.711000, 16336, 12, 5, 
12600, 126000, 34.660227, 135.445823, 7.660000, 16337, 12, 2, 
12650, 126500, 34.660224, 135.445826, 7.669000, 16338, 12, 5, 
12700, 127000, 34.660219, 135.445830, 7.665000, 16338, 12, 5, 
12750, 127500, 34.660215, 135.445832, 7.730000, 16339, 12, 2, 
12800, 128000, 34.660212, 135.445835, 7.747000, 16340, 12, 5, 
12850, 128500, 34.660209, 135.445837, 7.756000, 16340, 12, 5, 
12900, 129000, 34.660207, 135.445838, 7.761000, 16341, 12, 5, 
12950, 129500, 34.660206, 135.445838, 7.746000, 16342, 12, 5, 
13000, 130000, 34.660206, 135.445838, 7.713000, 16342, 12, 5, 
13050, 130500, 34.660205, 135.445839, 7.676000, 16343, 12, 5, 
13100, 131000, 34.660204, 135.445839, 7.657000, 16344, 12, 5, 
13150, 131500, 34.660202, 135.445840, 7.627000, 16344, 12, 5, 
13200, 132000, 34.660200, 135.445842, 7.609000, 16345, 12, 5, 
13250, 132500, 34.660198, 135.445843, 7.652000, 16346, 12, 5, 
13300, 133000, 34.660196, 135.445846, 7.640000, 16346, 12, 5, 
13350, 133500, 34.660195, 135.445848, 7.634000, 16347, 12, 5, 
13400, 134000, 34.660193, 135.445850, 7.618000, 16348, 12, 5, 
13450, 134500, 34.660193, 135.445850, 7.568000, 16348, 12, 5, 
13500, 135000, 34.660192, 135.445851, 7.551000, 16349, 12, 5, 
13550, 135500, 34.660191, 135.445851, 7.544000, 16349, 12, 5, 
13600, 136000, 34.660190, 135.445853, 7.519000, 16350, 12, 5, 
13650, 136500, 34.660189, 135.445853, 7.535000, 16351, 12, 5, 
13700, 137000, 34.660188, 135.445854, 7.534000, 16351, 12, 5, 
13750, 137500, 34.660187, 135.445854, 7.534000, 16352, 12, 5, 
13800, 138000, 34.660186, 135.445855, 7.515000, 16353, 12, 5, 
13850, 138500, 34.660184, 135.445856, 7.516000, 16353, 12, 5, 
13900, 139000, 34.660183, 135.445856, 7.523000, 16354, 12, 5, 
13950, 139500, 34.660183, 135.445857, 7.526000, 16355, 12, 5, 
14000, 140000, 34.660183, 135.445857, 7.519000, 16355, 12, 5, 
14050, 140500, 34.660182, 135.445857, 7.514000, 16356, 12, 5, 
14100, 141000, 34.660182, 135.445857, 7.479000, 16357, 12, 5, 
14150, 141500, 34.660182, 135.445857, 7.460000, 16357, 12, 5, 
14200, 142000, 34.660182, 135.445857, 7.441000, 16358, 12, 5, 
14250, 142500, 34.660182, 135.445857, 7.426000, 16358, 12, 5, 
14300, 143000, 34.660181, 135.445858, 7.423000, 16359, 12, 5, 
14350, 143500, 34.660180, 135.445858, 7.426000, 16360, 12, 5, 
14400, 144000, 34.660179, 135.445859, 7.431000, 16360, 12, 5, 
14450, 144500, 34.660177, 135.445860, 7.490000, 16361, 12, 5, 
14500, 145000, 34.660175, 135.445861, 7.499000, 16362, 12, 5, 
14550, 145500, 34.660173, 135.445861, 7.452000, 16362, 12, 5, 
14600, 146000, 34.660170, 135.445862, 7.445000, 16363, 12, 5, 
14650, 146500, 34.660166, 135.445863, 7.486000, 16364, 12, 5, 
14700, 147000, 34.660164, 135.445863, 7.534000, 16364, 12, 5, 
14750, 147500, 34.660161, 135.445865, 7.584000, 16365, 12, 5, 
14800, 148000, 34.660158, 135.445866, 7.581000, 16366, 12, 5, 
14850, 148500, 34.660156, 135.445866, 7.568000, 16366, 12, 5, 
14900, 149000, 34.660154, 135.445867, 7.583000, 16367, 12, 5, 
14950, 149500, 34.660152, 135.445868, 7.571000, 16367, 12, 5, 
15000, 150000, 34.660149, 135.445870, 7.538000, 16368, 12, 5, 
15050, 150500, 34.660146, 135.445871, 7.503000, 16369, 12, 5, 
15100, 151000, 34.660142, 135.445873, 7.479000, 16369, 12, 5, 
15150, 151500, 34.660139, 135.445874, 7.466000, 16370, 12, 5, 
15200, 152000, 34.660135, 135.445876, 7.465000, 16371, 12, 5, 
15250, 152500, 34.660130, 135.445878, 7.463000, 16371, 12, 5, 
15300, 153000, 34.660125, 135.445880, 7.467000, 16372, 12, 5, 
15350, 153500, 34.660121, 135.445882, 7.475000, 16373, 12, 5, 
15400, 154000, 34.660119, 135.445884, 7.478000, 16373, 12, 5, 
15450, 154500, 34.660117, 135.445886, 7.469000, 16374, 12, 5, 
15500, 155000, 34.660116, 135.445887, 7.475000, 16375, 12, 5, 
15550, 155500, 34.660114, 135.445887, 7.481000, 16375, 12, 5, 
15600, 156000, 34.660113, 135.445886, 7.487000, 16376, 12, 5, 
15650, 156500, 34.660110, 135.445886, 7.522000, 16377, 12, 5, 
15700, 157000, 34.660107, 135.445885, 7.568000, 16377, 12, 5, 
15750, 157500, 34.660105, 135.445884, 7.601000, 16378, 12, 5, 
15800, 158000, 34.660102, 135.445883, 7.626000, 16378, 12, 5, 
15850, 158500, 34.660098, 135.445881, 7.638000, 16379, 12, 5, 
15900, 159000, 34.660096, 135.445880, 7.649000, 16380, 12, 5, 
15950, 159500, 34.660094, 135.445879, 7.625000, 16380, 12, 5, 
16000, 160000, 34.660091, 135.445879, 7.646000, 16381, 12, 5, 
16050, 160500, 34.660089, 135.445879, 7.659000, 16382, 12, 5, 
16100, 161000, 34.660087, 135.445879, 7.668000, 16382, 12, 5, 
16150, 161500, 34.660084, 135.445880, 7.666000, 16383, 12, 5, 
16200, 162000, 34.660082, 135.445880, 7.651000, 16383, 12, 5, 
16250, 162500, 34.660080, 135.445881, 7.665000, 16384, 12, 5, 
16300, 163000, 34.660078, 135.445882, 7.656000, 16385, 12, 5, 
16350, 163500, 34.660078, 135.445882, 7.662000, 16385, 12, 5, 
16400, 164000, 34.660078, 135.445882, 7.650000, 16386, 12, 5, 
16450, 164500, 34.660077, 135.445882, 7.652000, 16387, 12, 5, 
16500, 165000, 34.660077, 135.445882, 7.655000, 16387, 12, 5, 
16550, 165500, 34.660077, 135.445882, 7.662000, 16388, 12, 5, 
16600, 166000, 34.660077, 135.445882, 7.683000, 16389, 12, 5, 
16650, 166500, 34.660077, 135.445882, 7.696000, 16389, 12, 5, 
16700, 167000, 34.660077, 135.445882, 7.700000, 16390, 12, 5, 
16750, 167500, 34.660077, 135.445883, 7.691000, 16391, 12, 5, 
16800, 168000, 34.660077, 135.445883, 7.680000, 16391, 12, 5, 
16850, 168500, 34.660076, 135.445883, 7.667000, 16392, 12, 5, 
16900, 169000, 34.660075, 135.445884, 7.633000, 16392, 12, 5, 
16950, 169500, 34.660073, 135.445885, 7.591000, 16393, 12, 5, 
17000, 170000, 34.660071, 135.445887, 7.552000, 16394, 12, 5, 
17050, 170500, 34.660068, 135.445889, 7.489000, 16395, 12, 5, 
17100, 171000, 34.660067, 135.445891, 7.412000, 16395, 12, 5, 
17150, 171500, 34.660064, 135.445895, 7.400000, 16396, 12, 5, 
17200, 172000, 34.660063, 135.445897, 7.403000, 16396, 12, 5, 
17250, 172500, 34.660063, 135.445898, 7.433000, 16397, 12, 5, 
17300, 173000, 34.660060, 135.445901, 7.469000, 16398, 12, 5, 
17350, 173500, 34.660058, 135.445903, 7.469000, 16398, 12, 5, 
17400, 174000, 34.660056, 135.445907, 7.445000, 16399, 12, 5, 
17450, 174500, 34.660052, 135.445911, 7.444000, 16400, 12, 5, 
17500, 175000, 34.660049, 135.445915, 7.405000, 16400, 12, 5, 
17550, 175500, 34.660045, 135.445918, 7.367000, 16401, 12, 5, 
17600, 176000, 34.660041, 135.445920, 7.354000, 16402, 12, 5, 
17650, 176500, 34.660037, 135.445923, 7.362000, 16402, 12, 5, 
17700, 177000, 34.660033, 135.445926, 7.390000, 16403, 12, 5, 
17750, 177500, 34.660029, 135.445928, 7.400000, 16404, 12, 5, 
17800, 178000, 34.660025, 135.445931, 7.411000, 16404, 12, 5, 
17850, 178500, 34.660021, 135.445934, 7.438000, 16405, 12, 5, 
17900, 179000, 34.660017, 135.445938, 7.445000, 16406, 12, 5, 
17950, 179500, 34.660013, 135.445940, 7.472000, 16406, 12, 5, 
18000, 180000, 34.660009, 135.445942, 7.463000, 16407, 12, 5, 
18050, 180500, 34.660005, 135.445945, 7.462000, 16408, 12, 5, 
18100, 181000, 34.660000, 135.445948, 7.506000, 16409, 12, 5, 
18150, 181500, 34.659996, 135.445950, 7.499000, 16409, 12, 5, 
18200, 182000, 34.659992, 135.445952, 7.481000, 16410, 12, 5, 
18250, 182500, 34.659988, 135.445954, 7.514000, 16410, 12, 5, 
18300, 183000, 34.659983, 135.445956, 7.504000, 16411, 12, 5, 
18350, 183500, 34.659979, 135.445958, 7.515000, 16412, 12, 5, 
18400, 184000, 34.659975, 135.445960, 7.513000, 16412, 12, 5, 
18450, 184500, 34.659971, 135.445962, 7.540000, 16413, 12, 5, 
18500, 185000, 34.659968, 135.445964, 7.550000, 16414, 12, 5, 
18550, 185500, 34.659962, 135.445967, 7.547000, 16414, 12, 5, 
18600, 186000, 34.659958, 135.445967, 7.544000, 16415, 12, 5, 
18650, 186500, 34.659954, 135.445968, 7.540000, 16416, 12, 5, 
18700, 187000, 34.659950, 135.445970, 7.558000, 16416, 12, 5, 
18750, 187500, 34.659945, 135.445972, 7.556000, 16417, 12, 5, 
18800, 188000, 34.659942, 135.445973, 7.552000, 16417, 12, 5, 
18850, 188500, 34.659937, 135.445975, 7.603000, 16418, 12, 5, 
18900, 189000, 34.659933, 135.445976, 7.647000, 16419, 12, 5, 
18950, 189500, 34.659928, 135.445978, 7.659000, 16420, 12, 5, 
19000, 190000, 34.659924, 135.445979, 7.660000, 16420, 12, 5, 
19050, 190500, 34.659919, 135.445980, 7.693000, 16421, 12, 5, 
19100, 191000, 34.659915, 135.445982, 7.696000, 16422, 12, 5, 
19150, 191500, 34.659910, 135.445983, 7.728000, 16422, 12, 5, 
19200, 192000, 34.659906, 135.445984, 7.710000, 16423, 12, 5, 
19250, 192500, 34.659902, 135.445985, 7.696000, 16423, 12, 5, 
19300, 193000, 34.659897, 135.445986, 7.695000, 16424, 12, 5, 
19350, 193500, 34.659893, 135.445986, 7.667000, 16425, 12, 5, 
19400, 194000, 34.659888, 135.445986, 7.662000, 16425, 12, 5, 
19450, 194500, 34.659884, 135.445988, 7.659000, 16426, 12, 5, 
19500, 195000, 34.659880, 135.445988, 7.654000, 16427, 12, 5, 
19550, 195500, 34.659875, 135.445989, 7.623000, 16427, 12, 5, 
19600, 196000, 34.659871, 135.445990, 7.599000, 16428, 12, 5, 
19650, 196500, 34.659866, 135.445990, 7.591000, 16429, 12, 5, 
19700, 197000, 34.659862, 135.445991, 7.598000, 16429, 12, 5, 
19750, 197500, 34.659858, 135.445992, 7.585000, 16430, 12, 5, 
19800, 198000, 34.659854, 135.445992, 7.572000, 16430, 12, 5, 
19850, 198500, 34.659850, 135.445992, 7.566000, 16431, 12, 5, 
19900, 199000, 34.659844, 135.445993, 7.563000, 16432, 12, 5, 
19950, 199500, 34.659840, 135.445993, 7.552000, 16432, 12, 5, 
20000, 200000, 34.659837, 135.445993, 7.575000, 16433, 12, 5, 
20050, 200500, 34.659832, 135.445994, 7.604000, 16434, 12, 5, 
20100, 201000, 34.659828, 135.445994, 7.626000, 16434, 12, 5, 
20150, 201500, 34.659824, 135.445994, 7.642000, 16435, 12, 5, 
20200, 202000, 34.659819, 135.445995, 7.624000, 16436, 12, 5, 
20250, 202500, 34.659815, 135.445995, 7.610000, 16436, 12, 5, 
20300, 203000, 34.659811, 135.445996, 7.642000, 16437, 12, 5, 
20350, 203500, 34.659806, 135.445996, 7.684000, 16438, 12, 5, 
20400, 204000, 34.659802, 135.445996, 7.743000, 16438, 12, 5, 
20450, 204500, 34.659797, 135.445996, 7.772000, 16439, 12, 5, 
20500, 205000, 34.659793, 135.445997, 7.784000, 16439, 12, 5, 
20550, 205500, 34.659788, 135.445997, 7.805000, 16440, 12, 5, 
20600, 206000, 34.659783, 135.445997, 7.833000, 16441, 12, 5, 
20650, 206500, 34.659778, 135.445997, 7.863000, 16442, 12, 5, 
20700, 207000, 34.659774, 135.445998, 7.869000, 16442, 12, 5, 
20750, 207500, 34.659769, 135.445998, 7.877000, 16443, 12, 5, 
20800, 208000, 34.659765, 135.445998, 7.875000, 16443, 12, 5, 
20850, 208500, 34.659760, 135.445998, 7.865000, 16444, 12, 5, 
20900, 209000, 34.659756, 135.445999, 7.830000, 16445, 12, 5, 
20950, 209500, 34.659751, 135.445999, 7.854000, 16445, 12, 5, 
21000, 210000, 34.659747, 135.446000, 7.835000, 16446, 12, 5, 
21050, 210500, 34.659742, 135.446000, 7.849000, 16447, 12, 5, 
21100, 211000, 34.659739, 135.446000, 7.848000, 16447, 12, 5, 
21150, 211500, 34.659735, 135.446000, 7.844000, 16448, 12, 5, 
21200, 212000, 34.659730, 135.446001, 7.835000, 16448, 12, 5, 
21250, 212500, 34.659725, 135.446001, 7.839000, 16449, 12, 5, 
21300, 213000, 34.659721, 135.446001, 7.846000, 16450, 12, 5, 
21350, 213500, 34.659716, 135.446002, 7.861000, 16450, 12, 5, 
21400, 214000, 34.659712, 135.446002, 7.882000, 16451, 12, 5, 
21450, 214500, 34.659708, 135.446002, 7.898000, 16452, 12, 5, 
21500, 215000, 34.659704, 135.446002, 7.909000, 16452, 12, 5, 
21550, 215500, 34.659699, 135.446002, 7.904000, 16453, 12, 5, 
21600, 216000, 34.659696, 135.446002, 7.919000, 16453, 12, 5, 
21650, 216500, 34.659691, 135.446002, 7.957000, 16454, 12, 5, 
21700, 217000, 34.659687, 135.446002, 7.972000, 16455, 12, 5, 
21750, 217500, 34.659682, 135.446002, 7.976000, 16455, 12, 5, 
21800, 218000, 34.659677, 135.446002, 7.986000, 16456, 12, 5, 
21850, 218500, 34.659673, 135.446002, 7.981000, 16457, 12, 5, 
21900, 219000, 34.659668, 135.446002, 7.981000, 16457, 12, 5, 
21950, 219500, 34.659663, 135.446003, 7.987000, 16458, 12, 5, 
22000, 220000, 34.659658, 135.446003, 7.959000, 16459, 12, 5, 
22050, 220500, 34.659654, 135.446003, 7.961000, 16459, 12, 5, 
22100, 221000, 34.659650, 135.446004, 7.954000, 16460, 12, 5, 
22150, 221500, 34.659646, 135.446004, 7.962000, 16460, 12, 5, 
22200, 222000, 34.659641, 135.446004, 7.978000, 16461, 12, 5, 
22250, 222500, 34.659636, 135.446004, 7.986000, 16462, 12, 5, 
22300, 223000, 34.659631, 135.446005, 8.011000, 16462, 12, 5, 
22350, 223500, 34.659627, 135.446005, 8.043000, 16463, 12, 5, 
22400, 224000, 34.659622, 135.446005, 8.054000, 16464, 12, 5, 
22450, 224500, 34.659617, 135.446006, 8.068000, 16464, 12, 5, 
22500, 225000, 34.659613, 135.446006, 8.062000, 16465, 12, 5, 
22550, 225500, 34.659609, 135.446007, 8.042000, 16466, 12, 5, 
22600, 226000, 34.659604, 135.446008, 8.033000, 16466, 12, 5, 
22650, 226500, 34.659601, 135.446009, 8.019000, 16467, 12, 5, 
22700, 227000, 34.659596, 135.446010, 8.032000, 16467, 12, 5, 
22750, 227500, 34.659592, 135.446012, 8.024000, 16468, 12, 5, 
22800, 228000, 34.659588, 135.446013, 8.050000, 16469, 12, 5, 
22850, 228500, 34.659583, 135.446015, 8.048000, 16469, 12, 5, 
22900, 229000, 34.659579, 135.446017, 8.038000, 16470, 12, 5, 
22950, 229500, 34.659575, 135.446018, 8.056000, 16471, 12, 5, 
23000, 230000, 34.659571, 135.446021, 8.085000, 16471, 12, 5, 
23050, 230500, 34.659567, 135.446023, 8.086000, 16472, 12, 5, 
23100, 231000, 34.659564, 135.446024, 8.090000, 16472, 12, 5, 
23150, 231500, 34.659559, 135.446027, 8.141000, 16473, 12, 5, 
23200, 232000, 34.659555, 135.446029, 8.189000, 16474, 12, 5, 
23250, 232500, 34.659551, 135.446031, 8.219000, 16474, 12, 5, 
23300, 233000, 34.659548, 135.446033, 8.244000, 16475, 12, 5, 
23350, 233500, 34.659544, 135.446036, 8.240000, 16475, 12, 5, 
23400, 234000, 34.659540, 135.446038, 8.217000, 16476, 12, 5, 
23450, 234500, 34.659536, 135.446041, 8.226000, 16477, 12, 5, 
23500, 235000, 34.659533, 135.446043, 8.205000, 16477, 12, 5, 
23550, 235500, 34.659529, 135.446046, 8.169000, 16478, 12, 5, 
23600, 236000, 34.659525, 135.446049, 8.167000, 16479, 12, 5, 
23650, 236500, 34.659520, 135.446053, 8.160000, 16479, 12, 5, 
23700, 237000, 34.659517, 135.446055, 8.141000, 16480, 12, 5, 
23750, 237500, 34.659514, 135.446057, 8.152000, 16481, 12, 5, 
23800, 238000, 34.659510, 135.446061, 8.169000, 16481, 12, 5, 
23850, 238500, 34.659507, 135.446063, 8.161000, 16482, 12, 5, 
23900, 239000, 34.659503, 135.446067, 8.137000, 16482, 12, 5, 
23950, 239500, 34.659500, 135.446070, 8.154000, 16483, 12, 5, 
24000, 240000, 34.659496, 135.446073, 8.161000, 16484, 12, 5, 
24050, 240500, 34.659493, 135.446077, 8.158000, 16484, 12, 5, 
24100, 241000, 34.659490, 135.446081, 8.192000, 16485, 12, 5, 
24150, 241500, 34.659487, 135.446085, 8.190000, 16486, 12, 5, 
24200, 242000, 34.659483, 135.446089, 8.212000, 16486, 12, 5, 
24250, 242500, 34.659480, 135.446094, 8.199000, 16487, 12, 5, 
24300, 243000, 34.659477, 135.446097, 8.200000, 16487, 12, 5, 
24350, 243500, 34.659474, 135.446101, 8.244000, 16488, 12, 5, 
24400, 244000, 34.659472, 135.446105, 8.278000, 16489, 12, 5, 
24450, 244500, 34.659470, 135.446108, 8.303000, 16489, 12, 5, 
24500, 245000, 34.659467, 135.446113, 8.319000, 16490, 12, 5, 
24550, 245500, 34.659465, 135.446118, 8.336000, 16491, 12, 5, 
24600, 246000, 34.659462, 135.446123, 8.349000, 16491, 12, 5, 
24650, 246500, 34.659460, 135.446127, 8.374000, 16492, 12, 5, 
24700, 247000, 34.659459, 135.446131, 8.376000, 16492, 12, 5, 
24750, 247500, 34.659457, 135.446136, 8.377000, 16493, 12, 5, 
24800, 248000, 34.659455, 135.446141, 8.379000, 16494, 12, 5, 
24850, 248500, 34.659453, 135.446147, 8.416000, 16494, 12, 5, 
24900, 249000, 34.659452, 135.446151, 8.467000, 16495, 12, 5, 
24950, 249500, 34.659451, 135.446157, 8.516000, 16496, 12, 5, 
25000, 250000, 34.659450, 135.446161, 8.538000, 16496, 12, 5, 
25050, 250500, 34.659450, 135.446164, 8.547000, 16497, 12, 5, 
25100, 251000, 34.659450, 135.446164, 8.532000, 16498, 12, 5, 
25150, 251500, 34.659450, 135.446164, 8.529000, 16498, 12, 5, 
25200, 252000, 34.659450, 135.446164, 8.516000, 16499, 12, 5, 
25250, 252500, 34.659450, 135.446164, 8.516000, 16500, 12, 5, 
25300, 253000, 34.659450, 135.446164, 8.506000, 16500, 12, 5, 
25350, 253500, 34.659450, 135.446167, 8.513000, 16501, 12, 5, 
25400, 254000, 34.659451, 135.446171, 8.525000, 16501, 12, 5, 
25450, 254500, 34.659450, 135.446176, 8.552000, 16502, 12, 5, 
25500, 255000, 34.659450, 135.446180, 8.579000, 16503, 12, 5, 
25550, 255500, 34.659449, 135.446185, 8.596000, 16503, 12, 5, 
25600, 256000, 34.659448, 135.446191, 8.602000, 16504, 12, 5, 
25650, 256500, 34.659447, 135.446197, 8.588000, 16505, 12, 5, 
25700, 257000, 34.659447, 135.446202, 8.561000, 16505, 12, 5, 
25750, 257500, 34.659446, 135.446208, 8.575000, 16506, 12, 5, 
25800, 258000, 34.659446, 135.446213, 8.597000, 16506, 12, 5, 
25850, 258500, 34.659446, 135.446219, 8.611000, 16507, 12, 5, 
25900, 259000, 34.659446, 135.446224, 8.650000, 16508, 12, 5, 
25950, 259500, 34.659446, 135.446229, 8.651000, 16508, 12, 5, 
26000, 260000, 34.659446, 135.446234, 8.671000, 16509, 12, 5, 
26050, 260500, 34.659446, 135.446240, 8.700000, 16510, 12, 5, 
26100, 261000, 34.659446, 135.446244, 8.692000, 16510, 12, 5, 
26150, 261500, 34.659446, 135.446249, 8.712000, 16511, 12, 5, 
26200, 262000, 34.659446, 135.446255, 8.713000, 16511, 12, 5, 
26250, 262500, 34.659447, 135.446261, 8.732000, 16512, 12, 5, 
26300, 263000, 34.659447, 135.446266, 8.749000, 16513, 12, 5, 
26350, 263500, 34.659447, 135.446270, 8.780000, 16513, 12, 5, 
26400, 264000, 34.659447, 135.446276, 8.809000, 16514, 12, 5, 
26450, 264500, 34.659447, 135.446281, 8.820000, 16515, 12, 5, 
26500, 265000, 34.659448, 135.446285, 8.836000, 16515, 12, 5, 
26550, 265500, 34.659448, 135.446290, 8.849000, 16516, 12, 5, 
26600, 266000, 34.659448, 135.446295, 8.885000, 16516, 12, 5, 
26650, 266500, 34.659448, 135.446302, 8.898000, 16517, 12, 5, 
26700, 267000, 34.659448, 135.446307, 8.909000, 16518, 12, 5, 
26750, 267500, 34.659448, 135.446311, 8.914000, 16518, 12, 5, 
26800, 268000, 34.659448, 135.446318, 8.934000, 16519, 12, 5, 
26850, 268500, 34.659448, 135.446323, 8.954000, 16520, 12, 5, 
26900, 269000, 34.659448, 135.446328, 8.978000, 16520, 12, 5, 
26950, 269500, 34.659448, 135.446333, 8.993000, 16521, 12, 5, 
27000, 270000, 34.659448, 135.446334, 8.999000, 16521, 12, 5, 
27050, 270500, 34.659448, 135.446334, 8.995000, 16522, 12, 5, 
27100, 271000, 34.659448, 135.446337, 9.001000, 16523, 12, 5, 
27150, 271500, 34.659447, 135.446341, 9.004000, 16523, 12, 5, 
27200, 272000, 34.659447, 135.446344, 9.028000, 16524, 12, 5, 
27250, 272500, 34.659447, 135.446348, 9.053000, 16525, 12, 5, 
27300, 273000, 34.659446, 135.446351, 9.068000, 16525, 12, 5, 
27350, 273500, 34.659446, 135.446353, 9.121000, 16526, 12, 5, 
27400, 274000, 34.659445, 135.446357, 9.158000, 16527, 12, 5, 
27450, 274500, 34.659444, 135.446361, 9.159000, 16528, 12, 5, 
27500, 275000, 34.659444, 135.446364, 9.170000, 16528, 12, 5, 
27550, 275500, 34.659444, 135.446367, 9.201000, 16529, 12, 5, 
27600, 276000, 34.659444, 135.446370, 9.225000, 16529, 12, 5, 
27650, 276500, 34.659444, 135.446374, 9.247000, 16530, 12, 5, 
27700, 277000, 34.659445, 135.446377, 9.240000, 16531, 12, 5, 
27750, 277500, 34.659445, 135.446380, 9.239000, 16531, 12, 5, 
27800, 278000, 34.659445, 135.446383, 9.240000, 16532, 12, 5, 
27850, 278500, 34.659446, 135.446386, 9.240000, 16533, 12, 5, 
27900, 279000, 34.659446, 135.446389, 9.243000, 16533, 12, 5, 
27950, 279500, 34.659446, 135.446391, 9.244000, 16534, 12, 5, 
28000, 280000, 34.659446, 135.446391, 9.248000, 16535, 12, 5, 
28050, 280500, 34.659446, 135.446391, 9.251000, 16535, 12, 5, 
28100, 281000, 34.659446, 135.446392, 9.238000, 16536, 12, 5, 
28150, 281500, 34.659446, 135.446395, 9.254000, 16536, 12, 5, 
28200, 282000, 34.659446, 135.446399, 9.284000, 16537, 12, 5, 
28250, 282500, 34.659446, 135.446398, 9.300000, 16538, 12, 5, 
28300, 283000, 34.659445, 135.446405, 9.298000, 16538, 12, 5, 
28350, 283500, 34.659445, 135.446406, 9.248000, 16539, 12, 5, 
28400, 284000, 34.659445, 135.446410, 9.200000, 16540, 12, 5, 
28450, 284500, 34.659444, 135.446413, 9.143000, 16540, 12, 5, 
28500, 285000, 34.659443, 135.446416, 9.081000, 16541, 12, 5, 
28550, 285500, 34.659443, 135.446419, 9.050000, 16541, 12, 5, 
28600, 286000, 34.659443, 135.446423, 9.032000, 16542, 12, 5, 
28650, 286500, 34.659444, 135.446427, 9.030000, 16543, 12, 5, 
28700, 287000, 34.659446, 135.446436, 7.032000, 16543, 12, 4, 
28750, 287500, 34.659447, 135.446439, 7.034000, 16544, 12, 4, 
28800, 288000, 34.659448, 135.446442, 7.051000, 16545, 12, 4, 
28850, 288500, 34.659449, 135.446445, 7.039000, 16545, 12, 4, 
28900, 289000, 34.659449, 135.446448, 7.057000, 16546, 12, 4, 
28950, 289500, 34.659450, 135.446452, 7.042000, 16547, 12, 4, 
29000, 290000, 34.659450, 135.446456, 7.054000, 16547, 12, 4, 
29050, 290500, 34.659450, 135.446460, 7.042000, 16548, 12, 4, 
29100, 291000, 34.659450, 135.446462, 7.080000, 16549, 12, 4, 
29150, 291500, 34.659450, 135.446466, 7.058000, 16549, 12, 4, 
29200, 292000, 34.659450, 135.446469, 7.075000, 16550, 12, 4, 
29250, 292500, 34.659450, 135.446472, 7.081000, 16550, 12, 4, 
29300, 293000, 34.659450, 135.446475, 7.074000, 16551, 12, 4, 
29350, 293500, 34.659450, 135.446479, 7.046000, 16552, 12, 4, 
29400, 294000, 34.659450, 135.446482, 7.037000, 16552, 12, 4, 
29450, 294500, 34.659450, 135.446485, 7.075000, 16553, 12, 4, 
29500, 295000, 34.659450, 135.446488, 7.033000, 16553, 12, 4, 
29550, 295500, 34.659450, 135.446491, 7.046000, 16554, 12, 4, 
29600, 296000, 34.659450, 135.446495, 7.056000, 16555, 12, 4, 
29650, 296500, 34.659449, 135.446498, 7.058000, 16555, 12, 4, 
29700, 297000, 34.659449, 135.446501, 7.015000, 16556, 12, 4, 
29750, 297500, 34.659449, 135.446503, 7.059000, 16557, 12, 4, 
29800, 298000, 34.659449, 135.446506, 7.030000, 16557, 12, 4, 
29850, 298500, 34.659449, 135.446510, 7.018000, 16558, 12, 4, 
29900, 299000, 34.659449, 135.446513, 7.014000, 16559, 12, 4, 
29950, 299500, 34.659449, 135.446518, 7.025000, 16559, 12, 4, 
30000, 300000, 34.659449, 135.446520, 7.011000, 16560, 12, 4, 
30050, 300500, 34.659448, 135.446524, 6.989000, 16561, 12, 4, 
30100, 301000, 34.659448, 135.446528, 6.977000, 16561, 12, 4, 
30150, 301500, 34.659448, 135.446530, 6.993000, 16562, 12, 4, 
30200, 302000, 34.659448, 135.446534, 6.989000, 16562, 12, 4, 
30250, 302500, 34.659448, 135.446537, 6.987000, 16563, 12, 4, 
30300, 303000, 34.659449, 135.446540, 6.979000, 16564, 12, 4, 
30350, 303500, 34.659449, 135.446544, 6.996000, 16564, 12, 4, 
30400, 304000, 34.659449, 135.446547, 6.978000, 16565, 12, 4, 
30450, 304500, 34.659449, 135.446550, 6.989000, 16566, 12, 4, 
30500, 305000, 34.659449, 135.446553, 6.987000, 16566, 12, 4, 
30550, 305500, 34.659449, 135.446556, 6.930000, 16567, 12, 4, 
30600, 306000, 34.659449, 135.446559, 6.940000, 16567, 12, 4, 
30650, 306500, 34.659449, 135.446563, 6.942000, 16568, 12, 4, 
30700, 307000, 34.659449, 135.446567, 6.931000, 16569, 12, 4, 
30750, 307500, 34.659449, 135.446570, 6.925000, 16569, 12, 4, 
30800, 308000, 34.659449, 135.446574, 6.912000, 16570, 12, 4, 
30850, 308500, 34.659449, 135.446577, 6.914000, 16571, 12, 4, 
30900, 309000, 34.659449, 135.446580, 6.907000, 16571, 12, 4, 
30950, 309500, 34.659449, 135.446582, 6.910000, 16572, 12, 4, 
31000, 310000, 34.659449, 135.446586, 6.911000, 16572, 12, 4, 
31050, 310500, 34.659449, 135.446590, 6.902000, 16573, 12, 4, 
31100, 311000, 34.659449, 135.446594, 6.877000, 16574, 12, 4, 
31150, 311500, 34.659449, 135.446597, 6.883000, 16574, 12, 4, 
31200, 312000, 34.659450, 135.446600, 6.880000, 16575, 12, 4, 
31250, 312500, 34.659450, 135.446603, 6.894000, 16576, 12, 4, 
31300, 313000, 34.659451, 135.446607, 6.853000, 16576, 12, 4, 
31350, 313500, 34.659452, 135.446610, 6.866000, 16577, 12, 4, 
31400, 314000, 34.659452, 135.446610, 6.859000, 16578, 12, 4, 
31450, 314500, 34.659452, 135.446612, 6.850000, 16578, 12, 4, 
31500, 315000, 34.659453, 135.446615, 6.839000, 16579, 12, 4, 
31550, 315500, 34.659454, 135.446622, 6.827000, 16579, 12, 4, 
31600, 316000, 34.659454, 135.446627, 6.824000, 16580, 12, 4, 
31650, 316500, 34.659455, 135.446632, 6.819000, 16581, 12, 4, 
31700, 317000, 34.659456, 135.446637, 6.813000, 16581, 12, 4, 
31750, 317500, 34.659457, 135.446643, 6.823000, 16582, 12, 4, 
31800, 318000, 34.659459, 135.446649, 6.747000, 16583, 12, 4, 
31850, 318500, 34.659461, 135.446655, 6.742000, 16583, 12, 4, 
31900, 319000, 34.659463, 135.446660, 6.719000, 16584, 12, 4, 
31950, 319500, 34.659465, 135.446664, 6.656000, 16585, 12, 4, 
32000, 320000, 34.659468, 135.446669, 6.691000, 16585, 12, 4, 
32050, 320500, 34.659469, 135.446674, 6.720000, 16586, 12, 4, 
32100, 321000, 34.659471, 135.446678, 6.725000, 16587, 12, 4, 
32150, 321500, 34.659472, 135.446684, 6.763000, 16587, 12, 4, 
32200, 322000, 34.659475, 135.446689, 6.731000, 16588, 12, 4, 
32250, 322500, 34.659477, 135.446693, 6.716000, 16589, 12, 4, 
32300, 323000, 34.659481, 135.446699, 6.672000, 16589, 12, 4, 
32350, 323500, 34.659483, 135.446702, 6.690000, 16590, 12, 4, 
32400, 324000, 34.659486, 135.446707, 6.690000, 16591, 12, 5, 
32450, 324500, 34.659489, 135.446710, 6.666000, 16591, 12, 4, 
32500, 325000, 34.659493, 135.446715, 6.640000, 16592, 12, 5, 
32550, 325500, 34.659495, 135.446718, 6.677000, 16593, 12, 5, 
32600, 326000, 34.659499, 135.446722, 6.677000, 16593, 12, 5, 
32650, 326500, 34.659503, 135.446727, 6.626000, 16594, 12, 4, 
32700, 327000, 34.659504, 135.446729, 6.673000, 16594, 12, 4, 
32750, 327500, 34.659509, 135.446734, 6.640000, 16595, 12, 4, 
32800, 328000, 34.659512, 135.446738, 6.644000, 16596, 12, 5, 
32850, 328500, 34.659515, 135.446741, 6.621000, 16596, 12, 4, 
32900, 329000, 34.659518, 135.446745, 6.623000, 16597, 12, 5, 
32950, 329500, 34.659521, 135.446749, 6.645000, 16598, 12, 5, 
33000, 330000, 34.659524, 135.446753, 6.628000, 16598, 12, 5, 
33050, 330500, 34.659527, 135.446756, 6.627000, 16599, 12, 5, 
33100, 331000, 34.659531, 135.446760, 6.610000, 16599, 12, 5, 
33150, 331500, 34.659533, 135.446763, 6.589000, 16600, 12, 5, 
33200, 332000, 34.659536, 135.446766, 6.573000, 16601, 12, 5, 
33250, 332500, 34.659540, 135.446770, 6.553000, 16601, 12, 5, 
33300, 333000, 34.659542, 135.446773, 6.558000, 16602, 12, 5, 
33350, 333500, 34.659546, 135.446777, 6.537000, 16602, 12, 5, 
33400, 334000, 34.659549, 135.446782, 6.526000, 16603, 12, 2, 
33450, 334500, 34.659552, 135.446785, 6.564000, 16604, 12, 5, 
33500, 335000, 34.659555, 135.446789, 6.556000, 16604, 12, 5, 
33550, 335500, 34.659558, 135.446792, 6.620000, 16605, 12, 5, 
33600, 336000, 34.659562, 135.446796, 6.613000, 16606, 12, 5, 
33650, 336500, 34.659565, 135.446799, 6.584000, 16606, 12, 5, 
33700, 337000, 34.659568, 135.446802, 6.592000, 16607, 12, 5, 
33750, 337500, 34.659571, 135.446805, 6.585000, 16607, 12, 2, 
33800, 338000, 34.659575, 135.446808, 6.518000, 16608, 12, 5, 
33850, 338500, 34.659578, 135.446811, 6.485000, 16609, 12, 5, 
33900, 339000, 34.659582, 135.446815, 6.504000, 16609, 12, 5, 
33950, 339500, 34.659585, 135.446818, 6.541000, 16610, 12, 5, 
34000, 340000, 34.659589, 135.446822, 6.529000, 16610, 12, 5, 
34050, 340500, 34.659592, 135.446826, 6.457000, 16611, 12, 5, 
34100, 341000, 34.659596, 135.446830, 6.437000, 16612, 12, 5, 
34150, 341500, 34.659598, 135.446834, 6.440000, 16612, 12, 5, 
34200, 342000, 34.659601, 135.446838, 6.426000, 16613, 12, 5, 
34250, 342500, 34.659604, 135.446842, 6.462000, 16614, 12, 5, 
34300, 343000, 34.659607, 135.446847, 6.454000, 16614, 12, 5, 
34350, 343500, 34.659609, 135.446852, 6.398000, 16615, 12, 5, 
34400, 344000, 34.659611, 135.446857, 6.357000, 16616, 12, 5, 
34450, 344500, 34.659614, 135.446863, 6.347000, 16616, 12, 5, 
34500, 345000, 34.659616, 135.446867, 6.355000, 16617, 12, 5, 
34550, 345500, 34.659618, 135.446871, 6.354000, 16618, 12, 5, 
34600, 346000, 34.659620, 135.446877, 6.345000, 16618, 12, 5, 
34650, 346500, 34.659621, 135.446882, 6.284000, 16619, 12, 5, 
34700, 347000, 34.659624, 135.446888, 6.281000, 16620, 12, 5, 
34750, 347500, 34.659626, 135.446893, 6.247000, 16620, 12, 5, 
34800, 348000, 34.659627, 135.446898, 6.286000, 16621, 12, 5, 
34850, 348500, 34.659629, 135.446904, 6.267000, 16622, 12, 5, 
34900, 349000, 34.659632, 135.446908, 6.271000, 16622, 12, 5, 
34950, 349500, 34.659633, 135.446912, 6.264000, 16623, 12, 5, 
35000, 350000, 34.659636, 135.446920, 6.211000, 16624, 12, 5, 
35050, 350500, 34.659637, 135.446924, 6.159000, 16624, 12, 5, 
35100, 351000, 34.659639, 135.446928, 6.091000, 16625, 12, 5, 
35150, 351500, 34.659641, 135.446933, 6.049000, 16625, 12, 5, 
35200, 352000, 34.659642, 135.446938, 5.993000, 16626, 12, 5, 
35250, 352500, 34.659644, 135.446943, 5.964000, 16627, 12, 5, 
35300, 353000, 34.659645, 135.446949, 5.942000, 16627, 12, 5, 
35350, 353500, 34.659646, 135.446955, 5.878000, 16628, 12, 5, 
35400, 354000, 34.659647, 135.446960, 5.828000, 16629, 12, 5, 
35450, 354500, 34.659649, 135.446966, 5.764000, 16629, 12, 5, 
35500, 355000, 34.659650, 135.446972, 5.713000, 16630, 12, 5, 
35550, 355500, 34.659651, 135.446975, 5.696000, 16631, 12, 5, 
35600, 356000, 34.659652, 135.446979, 5.696000, 16631, 12, 5, 
35650, 356500, 34.659653, 135.446984, 5.718000, 16632, 12, 5, 
35700, 357000, 34.659655, 135.446990, 5.704000, 16633, 12, 2, 
35750, 357500, 34.659657, 135.446995, 5.723000, 16633, 12, 2, 
35800, 358000, 34.659658, 135.447000, 5.709000, 16634, 12, 5, 
35850, 358500, 34.659659, 135.447004, 5.713000, 16634, 12, 5, 
35900, 359000, 34.659660, 135.447009, 5.684000, 16635, 12, 5, 
35950, 359500, 34.659661, 135.447013, 5.707000, 16635, 12, 5, 
36000, 360000, 34.659662, 135.447018, 5.733000, 16636, 12, 5, 
36050, 360500, 34.659663, 135.447024, 5.760000, 16637, 12, 5, 
36100, 361000, 34.659664, 135.447029, 5.792000, 16637, 12, 5, 
36150, 361500, 34.659665, 135.447034, 5.815000, 16638, 12, 5, 
36200, 362000, 34.659666, 135.447039, 5.826000, 16639, 12, 5, 
36250, 362500, 34.659668, 135.447044, 5.819000, 16639, 12, 5, 
36300, 363000, 34.659669, 135.447048, 5.790000, 16640, 12, 5, 
36350, 363500, 34.659671, 135.447055, 5.822000, 16640, 12, 5, 
36400, 364000, 34.659673, 135.447059, 5.808000, 16641, 12, 5, 
36450, 364500, 34.659675, 135.447063, 5.807000, 16642, 12, 5, 
36500, 365000, 34.659676, 135.447067, 5.820000, 16642, 12, 5, 
36550, 365500, 34.659678, 135.447071, 5.775000, 16643, 12, 5, 
36600, 366000, 34.659680, 135.447076, 5.788000, 16643, 12, 5, 
36650, 366500, 34.659681, 135.447080, 5.765000, 16644, 12, 5, 
36700, 367000, 34.659683, 135.447085, 5.742000, 16644, 12, 5, 
36750, 367500, 34.659686, 135.447089, 5.717000, 16645, 12, 2, 
36800, 368000, 34.659688, 135.447094, 5.741000, 16646, 12, 5, 
36850, 368500, 34.659691, 135.447098, 5.693000, 16646, 12, 5, 
36900, 369000, 34.659693, 135.447102, 5.671000, 16647, 12, 5, 
36950, 369500, 34.659696, 135.447107, 5.639000, 16648, 12, 5, 
37000, 370000, 34.659699, 135.447112, 5.602000, 16648, 12, 5, 
37050, 370500, 34.659702, 135.447116, 5.606000, 16649, 12, 2, 
37100, 371000, 34.659705, 135.447121, 5.613000, 16650, 12, 5, 
37150, 371500, 34.659708, 135.447126, 5.596000, 16650, 12, 5, 
37200, 372000, 34.659711, 135.447130, 5.599000, 16651, 12, 5, 
37250, 372500, 34.659714, 135.447133, 5.598000, 16652, 12, 5, 
37300, 373000, 34.659716, 135.447137, 5.583000, 16652, 12, 5, 
37350, 373500, 34.659719, 135.447141, 5.586000, 16653, 12, 5, 
37400, 374000, 34.659723, 135.447147, 5.561000, 16654, 12, 5, 
37450, 374500, 34.659726, 135.447151, 5.541000, 16654, 12, 5, 
37500, 375000, 34.659729, 135.447155, 5.542000, 16655, 12, 5, 
37550, 375500, 34.659731, 135.447159, 5.554000, 16655, 12, 5, 
37600, 376000, 34.659733, 135.447163, 5.537000, 16656, 12, 5, 
37650, 376500, 34.659736, 135.447167, 5.539000, 16657, 12, 5, 
37700, 377000, 34.659738, 135.447172, 5.538000, 16657, 12, 5, 
37750, 377500, 34.659741, 135.447177, 5.518000, 16658, 12, 5, 
37800, 378000, 34.659743, 135.447181, 5.521000, 16658, 12, 5, 
37850, 378500, 34.659746, 135.447185, 5.499000, 16659, 12, 5, 
37900, 379000, 34.659748, 135.447191, 5.472000, 16660, 12, 5, 
37950, 379500, 34.659750, 135.447195, 5.469000, 16660, 12, 5, 
38000, 380000, 34.659752, 135.447200, 5.451000, 16661, 12, 5, 
38050, 380500, 34.659754, 135.447206, 5.436000, 16662, 12, 5, 
38100, 381000, 34.659756, 135.447211, 5.440000, 16662, 12, 5, 
38150, 381500, 34.659758, 135.447216, 5.407000, 16663, 12, 5, 
38200, 382000, 34.659760, 135.447220, 5.405000, 16664, 12, 5, 
38250, 382500, 34.659762, 135.447224, 5.405000, 16664, 12, 5, 
38300, 383000, 34.659764, 135.447228, 5.412000, 16665, 12, 5, 
38350, 383500, 34.659767, 135.447234, 5.410000, 16666, 12, 5, 
38400, 384000, 34.659769, 135.447240, 5.400000, 16666, 12, 5, 
38450, 384500, 34.659771, 135.447246, 5.385000, 16667, 12, 5, 
38500, 385000, 34.659772, 135.447251, 5.404000, 16668, 12, 5, 
38550, 385500, 34.659774, 135.447256, 5.396000, 16668, 12, 5, 
38600, 386000, 34.659775, 135.447261, 5.396000, 16669, 12, 5, 
38650, 386500, 34.659777, 135.447267, 5.399000, 16670, 12, 5, 
38700, 387000, 34.659778, 135.447272, 5.388000, 16670, 12, 5, 
38750, 387500, 34.659779, 135.447276, 5.400000, 16671, 12, 5, 
38800, 388000, 34.659781, 135.447281, 5.389000, 16671, 12, 5, 
38850, 388500, 34.659782, 135.447287, 5.377000, 16672, 12, 5, 
38900, 389000, 34.659784, 135.447292, 5.382000, 16673, 12, 5, 
38950, 389500, 34.659785, 135.447298, 5.355000, 16673, 12, 5, 
39000, 390000, 34.659787, 135.447303, 5.341000, 16674, 12, 5, 
39050, 390500, 34.659788, 135.447309, 5.313000, 16675, 12, 5, 
39100, 391000, 34.659790, 135.447314, 5.295000, 16675, 12, 5, 
39150, 391500, 34.659791, 135.447319, 5.280000, 16676, 12, 5, 
39200, 392000, 34.659792, 135.447323, 5.251000, 16677, 12, 5, 
39250, 392500, 34.659793, 135.447328, 5.253000, 16677, 12, 5, 
39300, 393000, 34.659795, 135.447333, 5.251000, 16678, 12, 5, 
39350, 393500, 34.659796, 135.447339, 5.251000, 16678, 12, 5, 
39400, 394000, 34.659798, 135.447346, 5.221000, 16679, 12, 5, 
39450, 394500, 34.659800, 135.447350, 5.232000, 16680, 12, 5, 
39500, 395000, 34.659801, 135.447355, 5.240000, 16681, 12, 5, 
39550, 395500, 34.659803, 135.447361, 5.258000, 16681, 12, 5, 
39600, 396000, 34.659804, 135.447365, 5.269000, 16682, 12, 5, 
39650, 396500, 34.659806, 135.447371, 5.253000, 16683, 12, 5, 
39700, 397000, 34.659808, 135.447376, 5.248000, 16683, 12, 5, 
39750, 397500, 34.659810, 135.447380, 5.245000, 16684, 12, 5, 
39800, 398000, 34.659812, 135.447386, 5.259000, 16685, 12, 5, 
39850, 398500, 34.659815, 135.447391, 5.255000, 16685, 12, 5, 
39900, 399000, 34.659818, 135.447395, 5.240000, 16686, 12, 5, 
39950, 399500, 34.659821, 135.447399, 5.236000, 16687, 12, 5, 
40000, 400000, 34.659823, 135.447402, 5.239000, 16687, 12, 5, 
40050, 400500, 34.659827, 135.447406, 5.239000, 16688, 12, 5, 
40100, 401000, 34.659830, 135.447409, 5.241000, 16688, 12, 5, 
40150, 401500, 34.659834, 135.447412, 5.224000, 16689, 12, 5, 
40200, 402000, 34.659837, 135.447415, 5.215000, 16690, 12, 5, 
40250, 402500, 34.659841, 135.447418, 5.198000, 16690, 12, 5, 
40300, 403000, 34.659845, 135.447421, 5.166000, 16691, 12, 5, 
40350, 403500, 34.659849, 135.447423, 5.148000, 16692, 12, 5, 
40400, 404000, 34.659854, 135.447426, 5.149000, 16692, 12, 5, 
40450, 404500, 34.659859, 135.447428, 5.147000, 16693, 12, 5, 
40500, 405000, 34.659862, 135.447430, 5.162000, 16694, 12, 5, 
40550, 405500, 34.659866, 135.447432, 5.139000, 16694, 12, 5, 
40600, 406000, 34.659871, 135.447434, 5.144000, 16695, 12, 5, 
40650, 406500, 34.659875, 135.447435, 5.148000, 16696, 12, 5, 
40700, 407000, 34.659879, 135.447435, 5.145000, 16696, 12, 5, 
40750, 407500, 34.659883, 135.447436, 5.158000, 16697, 12, 5, 
40800, 408000, 34.659887, 135.447437, 5.168000, 16697, 12, 5, 
40850, 408500, 34.659892, 135.447436, 5.191000, 16698, 12, 5, 
40900, 409000, 34.659896, 135.447437, 5.190000, 16699, 12, 5, 
40950, 409500, 34.659901, 135.447436, 5.188000, 16699, 12, 5, 
41000, 410000, 34.659905, 135.447435, 5.193000, 16700, 12, 5, 
41050, 410500, 34.659909, 135.447434, 5.195000, 16701, 12, 5, 
41100, 411000, 34.659913, 135.447434, 5.182000, 16701, 12, 5, 
41150, 411500, 34.659917, 135.447433, 5.173000, 16702, 12, 5, 
41200, 412000, 34.659922, 135.447433, 5.175000, 16702, 12, 5, 
41250, 412500, 34.659926, 135.447432, 5.167000, 16703, 12, 5, 
41300, 413000, 34.659931, 135.447431, 5.169000, 16704, 12, 5, 
41350, 413500, 34.659936, 135.447430, 5.194000, 16704, 12, 5, 
41400, 414000, 34.659940, 135.447429, 5.180000, 16705, 12, 5, 
41450, 414500, 34.659944, 135.447428, 5.192000, 16706, 12, 5, 
41500, 415000, 34.659948, 135.447427, 5.198000, 16706, 12, 5, 
41550, 415500, 34.659952, 135.447425, 5.201000, 16707, 12, 5, 
41600, 416000, 34.659956, 135.447424, 5.203000, 16707, 12, 5, 
41650, 416500, 34.659961, 135.447422, 5.214000, 16708, 12, 5, 
41700, 417000, 34.659965, 135.447421, 5.212000, 16709, 12, 5, 
41750, 417500, 34.659968, 135.447420, 5.238000, 16709, 12, 5, 
41800, 418000, 34.659970, 135.447417, 5.222000, 16710, 12, 5, 
41850, 418500, 34.659972, 135.447415, 5.240000, 16711, 12, 5, 
41900, 419000, 34.659974, 135.447413, 5.241000, 16711, 12, 5, 
41950, 419500, 34.659975, 135.447411, 5.246000, 16712, 12, 5, 
42000, 420000, 34.659977, 135.447409, 5.224000, 16712, 12, 5, 
42050, 420500, 34.659979, 135.447407, 5.195000, 16713, 12, 5, 
42100, 421000, 34.659981, 135.447405, 5.182000, 16714, 12, 5, 
42150, 421500, 34.659983, 135.447403, 5.158000, 16714, 12, 5, 
42200, 422000, 34.659985, 135.447402, 5.070000, 16715, 12, 5, 
42250, 422500, 34.659987, 135.447401, 5.029000, 16716, 12, 5, 
42300, 423000, 34.659989, 135.447400, 5.009000, 16716, 12, 5, 
42350, 423500, 34.659990, 135.447400, 5.022000, 16717, 12, 5, 
42400, 424000, 34.659993, 135.447399, 5.038000, 16717, 12, 5, 
42450, 424500, 34.659995, 135.447399, 5.037000, 16718, 12, 5, 
42500, 425000, 34.659998, 135.447398, 5.045000, 16719, 12, 5, 
42550, 425500, 34.660001, 135.447397, 5.061000, 16719, 12, 5, 
42600, 426000, 34.660003, 135.447396, 5.088000, 16720, 12, 5, 
42650, 426500, 34.660006, 135.447396, 5.129000, 16721, 12, 5, 
42700, 427000, 34.660008, 135.447395, 5.150000, 16721, 12, 5, 
42750, 427500, 34.660011, 135.447394, 5.186000, 16722, 12, 5, 
42800, 428000, 34.660013, 135.447393, 5.221000, 16723, 12, 5, 
42850, 428500, 34.660016, 135.447393, 5.236000, 16723, 12, 5, 
42900, 429000, 34.660019, 135.447392, 5.245000, 16724, 12, 5, 
42950, 429500, 34.660021, 135.447391, 5.271000, 16724, 12, 5, 
43000, 430000, 34.660023, 135.447390, 5.264000, 16725, 12, 5, 
43050, 430500, 34.660026, 135.447389, 5.300000, 16726, 12, 5, 
43100, 431000, 34.660028, 135.447388, 5.315000, 16726, 12, 5, 
43150, 431500, 34.660031, 135.447387, 5.327000, 16727, 12, 5, 
43200, 432000, 34.660033, 135.447386, 5.338000, 16727, 12, 5, 
43250, 432500, 34.660036, 135.447385, 5.316000, 16728, 12, 5, 
43300, 433000, 34.660038, 135.447384, 5.299000, 16729, 12, 5, 
43350, 433500, 34.660040, 135.447383, 5.297000, 16729, 12, 5, 
43400, 434000, 34.660043, 135.447382, 5.297000, 16730, 12, 5, 
43450, 434500, 34.660046, 135.447382, 5.311000, 16731, 12, 5, 
43500, 435000, 34.660048, 135.447381, 5.326000, 16731, 12, 5, 
43550, 435500, 34.660050, 135.447380, 5.350000, 16732, 12, 5, 
43600, 436000, 34.660053, 135.447379, 5.384000, 16732, 12, 5, 
43650, 436500, 34.660056, 135.447378, 5.449000, 16733, 12, 5, 
43700, 437000, 34.660058, 135.447377, 5.514000, 16734, 12, 5, 
43750, 437500, 34.660061, 135.447376, 5.564000, 16734, 12, 5, 
43800, 438000, 34.660064, 135.447375, 5.587000, 16735, 12, 5, 
43850, 438500, 34.660067, 135.447374, 5.599000, 16736, 12, 5, 
43900, 439000, 34.660070, 135.447373, 5.610000, 16736, 12, 5, 
43950, 439500, 34.660072, 135.447372, 5.639000, 16737, 12, 5, 
44000, 440000, 34.660075, 135.447371, 5.692000, 16738, 12, 5, 
44050, 440500, 34.660078, 135.447370, 5.721000, 16738, 12, 5, 
44100, 441000, 34.660081, 135.447369, 5.760000, 16739, 12, 5, 
44150, 441500, 34.660083, 135.447368, 5.799000, 16740, 12, 5, 
44200, 442000, 34.660086, 135.447368, 5.844000, 16740, 12, 5, 
44250, 442500, 34.660088, 135.447367, 5.863000, 16741, 12, 5, 
44300, 443000, 34.660091, 135.447366, 5.892000, 16742, 12, 5, 
44350, 443500, 34.660095, 135.447365, 5.908000, 16742, 12, 5, 
44400, 444000, 34.660097, 135.447364, 5.940000, 16743, 12, 5, 
44450, 444500, 34.660100, 135.447363, 5.951000, 16744, 12, 5, 
44500, 445000, 34.660102, 135.447363, 5.966000, 16744, 12, 5, 
44550, 445500, 34.660104, 135.447362, 5.981000, 16745, 12, 5, 
44600, 446000, 34.660107, 135.447361, 6.032000, 16745, 12, 5, 
44650, 446500, 34.660110, 135.447360, 6.075000, 16746, 12, 5, 
44700, 447000, 34.660112, 135.447359, 6.105000, 16747, 12, 5, 
44750, 447500, 34.660115, 135.447358, 6.118000, 16747, 12, 5, 
44800, 448000, 34.660117, 135.447358, 6.145000, 16748, 12, 5, 
44850, 448500, 34.660120, 135.447357, 6.170000, 16748, 12, 5, 
44900, 449000, 34.660123, 135.447356, 6.180000, 16749, 12, 5, 
44950, 449500, 34.660126, 135.447355, 6.205000, 16750, 12, 5, 
45000, 450000, 34.660128, 135.447354, 6.205000, 16750, 12, 5, 
45050, 450500, 34.660130, 135.447354, 6.229000, 16751, 12, 5, 
45100, 451000, 34.660134, 135.447352, 6.250000, 16752, 12, 5, 
45150, 451500, 34.660136, 135.447352, 6.262000, 16752, 12, 5, 
45200, 452000, 34.660139, 135.447351, 6.264000, 16753, 12, 5, 
45250, 452500, 34.660141, 135.447350, 6.295000, 16754, 12, 5, 
45300, 453000, 34.660143, 135.447349, 6.325000, 16754, 12, 5, 
45350, 453500, 34.660146, 135.447348, 6.358000, 16755, 12, 5, 
45400, 454000, 34.660148, 135.447347, 6.387000, 16755, 12, 5, 
45450, 454500, 34.660151, 135.447346, 6.395000, 16756, 12, 5, 
45500, 455000, 34.660154, 135.447345, 6.396000, 16757, 12, 5, 
45550, 455500, 34.660157, 135.447344, 6.410000, 16757, 12, 5, 
45600, 456000, 34.660160, 135.447344, 6.444000, 16758, 12, 5, 
45650, 456500, 34.660163, 135.447342, 6.466000, 16759, 12, 5, 
45700, 457000, 34.660166, 135.447341, 6.478000, 16759, 12, 5, 
45750, 457500, 34.660168, 135.447341, 6.467000, 16760, 12, 5, 
45800, 458000, 34.660172, 135.447339, 6.458000, 16761, 12, 5, 
45850, 458500, 34.660174, 135.447339, 6.461000, 16761, 12, 5, 
45900, 459000, 34.660177, 135.447338, 6.455000, 16762, 12, 5, 
45950, 459500, 34.660179, 135.447337, 6.469000, 16763, 12, 5, 
46000, 460000, 34.660182, 135.447337, 6.483000, 16763, 12, 5, 
46050, 460500, 34.660184, 135.447336, 6.501000, 16764, 12, 5, 
46100, 461000, 34.660187, 135.447335, 6.523000, 16765, 12, 5, 
46150, 461500, 34.660190, 135.447334, 6.553000, 16765, 12, 5, 
46200, 462000, 34.660192, 135.447333, 6.567000, 16766, 12, 5, 
46250, 462500, 34.660195, 135.447332, 6.588000, 16767, 12, 5, 
46300, 463000, 34.660198, 135.447331, 6.621000, 16767, 12, 5, 
46350, 463500, 34.660201, 135.447331, 6.658000, 16768, 12, 5, 
46400, 464000, 34.660204, 135.447330, 6.685000, 16769, 12, 5, 
46450, 464500, 34.660206, 135.447329, 6.709000, 16769, 12, 5, 
46500, 465000, 34.660208, 135.447328, 6.743000, 16770, 12, 5, 
46550, 465500, 34.660211, 135.447327, 6.793000, 16770, 12, 5, 
46600, 466000, 34.660213, 135.447326, 6.824000, 16771, 12, 5, 
46650, 466500, 34.660216, 135.447325, 6.852000, 16772, 12, 5, 
46700, 467000, 34.660219, 135.447325, 6.859000, 16772, 12, 5, 
46750, 467500, 34.660222, 135.447324, 6.902000, 16773, 12, 5, 
46800, 468000, 34.660224, 135.447323, 6.926000, 16774, 12, 5, 
46850, 468500, 34.660227, 135.447322, 6.948000, 16774, 12, 5, 
46900, 469000, 34.660230, 135.447321, 6.975000, 16775, 12, 5, 
46950, 469500, 34.660232, 135.447320, 6.994000, 16776, 12, 5, 
47000, 470000, 34.660235, 135.447319, 7.023000, 16776, 12, 5, 
47050, 470500, 34.660237, 135.447318, 7.056000, 16777, 12, 5, 
47100, 471000, 34.660240, 135.447317, 7.080000, 16778, 12, 5, 
47150, 471500, 34.660242, 135.447316, 7.113000, 16778, 12, 5, 
47200, 472000, 34.660245, 135.447315, 7.139000, 16779, 12, 5, 
47250, 472500, 34.660247, 135.447315, 7.148000, 16779, 12, 5, 
47300, 473000, 34.660250, 135.447314, 7.173000, 16780, 12, 5, 
47350, 473500, 34.660252, 135.447313, 7.193000, 16780, 12, 5, 
47400, 474000, 34.660254, 135.447312, 7.230000, 16781, 12, 5, 
47450, 474500, 34.660257, 135.447311, 7.272000, 16782, 12, 5, 
47500, 475000, 34.660260, 135.447310, 7.293000, 16782, 12, 5, 
47550, 475500, 34.660260, 135.447310, 7.283000, 16783, 12, 5, 
47600, 476000, 34.660260, 135.447310, 7.299000, 16784, 12, 5, 
47650, 476500, 34.660260, 135.447310, 7.320000, 16784, 12, 5, 
47700, 477000, 34.660260, 135.447310, 7.351000, 16785, 12, 5, 
47750, 477500, 34.660260, 135.447310, 7.385000, 16786, 12, 5, 
47800, 478000, 34.660261, 135.447310, 7.440000, 16786, 12, 5, 
47850, 478500, 34.660261, 135.447310, 7.484000, 16787, 12, 5, 
47900, 479000, 34.660261, 135.447310, 7.522000, 16788, 12, 5, 
47950, 479500, 34.660261, 135.447310, 7.564000, 16788, 12, 5, 
48000, 480000, 34.660261, 135.447310, 7.589000, 16789, 12, 5, 
48050, 480500, 34.660261, 135.447310, 7.609000, 16790, 12, 5, 
48100, 481000, 34.660261, 135.447310, 7.625000, 16790, 12, 5, 
48150, 481500, 34.660261, 135.447310, 7.644000, 16791, 12, 5, 
48200, 482000, 34.660261, 135.447310, 7.658000, 16791, 12, 5, 
48250, 482500, 34.660261, 135.447310, 7.658000, 16792, 12, 5, 
48300, 483000, 34.660261, 135.447310, 7.646000, 16793, 12, 5, 
48350, 483500, 34.660262, 135.447310, 7.635000, 16793, 12, 5, 
48400, 484000, 34.660263, 135.447309, 7.649000, 16794, 12, 5, 
48450, 484500, 34.660266, 135.447308, 7.670000, 16794, 12, 5, 
48500, 485000, 34.660269, 135.447307, 7.695000, 16795, 12, 5, 
48550, 485500, 34.660271, 135.447306, 7.710000, 16796, 12, 5, 
48600, 486000, 34.660274, 135.447305, 7.724000, 16796, 12, 5, 
48650, 486500, 34.660276, 135.447304, 7.721000, 16797, 12, 5, 
48700, 487000, 34.660279, 135.447303, 7.716000, 16798, 12, 5, 
48750, 487500, 34.660279, 135.447303, 7.712000, 16798, 12, 5, 
48800, 488000, 34.660278, 135.447303, 7.715000, 16799, 12, 5, 
48850, 488500, 34.660279, 135.447303, 7.711000, 16800, 12, 5, 
48900, 489000, 34.660279, 135.447303, 7.700000, 16800, 12, 5, 
48950, 489500, 34.660279, 135.447303, 7.701000, 16801, 12, 5, 
49000, 490000, 34.660279, 135.447303, 7.707000, 16801, 12, 5, 
49050, 490500, 34.660281, 135.447302, 7.713000, 16802, 12, 5, 
49100, 491000, 34.660283, 135.447301, 7.720000, 16802, 12, 5, 
49150, 491500, 34.660286, 135.447300, 7.729000, 16803, 12, 5, 
49200, 492000, 34.660288, 135.447299, 7.726000, 16804, 12, 5, 
49250, 492500, 34.660291, 135.447298, 7.718000, 16804, 12, 5, 
49300, 493000, 34.660293, 135.447297, 7.716000, 16805, 12, 5, 
49350, 493500, 34.660296, 135.447296, 7.706000, 16806, 12, 5, 
49400, 494000, 34.660298, 135.447295, 7.721000, 16806, 12, 5, 
49450, 494500, 34.660301, 135.447294, 7.713000, 16807, 12, 5, 
49500, 495000, 34.660304, 135.447292, 7.715000, 16807, 12, 5, 
49550, 495500, 34.660306, 135.447291, 7.715000, 16808, 12, 5, 
49600, 496000, 34.660309, 135.447290, 7.717000, 16809, 12, 5, 
49650, 496500, 34.660311, 135.447289, 7.714000, 16809, 12, 5, 
49700, 497000, 34.660314, 135.447288, 7.725000, 16810, 12, 5, 
49750, 497500, 34.660317, 135.447286, 7.727000, 16811, 12, 5, 
49800, 498000, 34.660319, 135.447285, 7.750000, 16811, 12, 5, 
49850, 498500, 34.660322, 135.447284, 7.773000, 16812, 12, 5, 
49900, 499000, 34.660324, 135.447282, 7.793000, 16813, 12, 5, 
49950, 499500, 34.660327, 135.447281, 7.798000, 16813, 12, 5, 
50000, 500000, 34.660329, 135.447279, 7.807000, 16814, 12, 5, 
50050, 500500, 34.660331, 135.447277, 7.826000, 16814, 12, 5, 
50100, 501000, 34.660333, 135.447275, 7.858000, 16815, 12, 5, 
50150, 501500, 34.660336, 135.447273, 7.870000, 16816, 12, 5, 
50200, 502000, 34.660338, 135.447271, 7.901000, 16816, 12, 5, 
50250, 502500, 34.660340, 135.447269, 7.922000, 16817, 12, 5, 
50300, 503000, 34.660342, 135.447267, 7.915000, 16818, 12, 5, 
50350, 503500, 34.660345, 135.447265, 7.912000, 16818, 12, 5, 
50400, 504000, 34.660346, 135.447263, 7.911000, 16819, 12, 5, 
50450, 504500, 34.660348, 135.447261, 7.929000, 16819, 12, 5, 
50500, 505000, 34.660350, 135.447259, 7.945000, 16820, 12, 5, 
50550, 505500, 34.660352, 135.447256, 7.956000, 16821, 12, 5, 
50600, 506000, 34.660353, 135.447254, 7.984000, 16821, 12, 5, 
50650, 506500, 34.660355, 135.447251, 8.011000, 16822, 12, 5, 
50700, 507000, 34.660357, 135.447249, 8.037000, 16822, 12, 5, 
50750, 507500, 34.660358, 135.447246, 8.058000, 16823, 12, 5, 
50800, 508000, 34.660361, 135.447243, 8.092000, 16824, 12, 5, 
50850, 508500, 34.660362, 135.447241, 8.125000, 16825, 12, 5, 
50900, 509000, 34.660364, 135.447238, 8.150000, 16825, 12, 5, 
50950, 509500, 34.660365, 135.447235, 8.171000, 16826, 12, 5, 
51000, 510000, 34.660367, 135.447233, 8.187000, 16826, 12, 5, 
51050, 510500, 34.660368, 135.447230, 8.213000, 16827, 12, 5, 
51100, 511000, 34.660369, 135.447227, 8.222000, 16828, 12, 5, 
51150, 511500, 34.660371, 135.447224, 8.231000, 16828, 12, 5, 
51200, 512000, 34.660372, 135.447222, 8.253000, 16829, 12, 5, 
51250, 512500, 34.660373, 135.447219, 8.263000, 16829, 12, 5, 
51300, 513000, 34.660375, 135.447216, 8.285000, 16830, 12, 5, 
51350, 513500, 34.660376, 135.447213, 8.308000, 16831, 12, 5, 
51400, 514000, 34.660378, 135.447210, 8.317000, 16831, 12, 5, 
51450, 514500, 34.660379, 135.447208, 8.344000, 16832, 12, 5, 
51500, 515000, 34.660379, 135.447206, 8.376000, 16833, 12, 5, 
51550, 515500, 34.660381, 135.447201, 8.388000, 16833, 12, 5, 
51600, 516000, 34.660384, 135.447195, 8.347000, 16834, 12, 5, 
51650, 516500, 34.660386, 135.447192, 8.327000, 16835, 12, 5, 
51700, 517000, 34.660389, 135.447187, 8.326000, 16835, 12, 5, 
51750, 517500, 34.660391, 135.447183, 8.344000, 16836, 12, 5, 
51800, 518000, 34.660393, 135.447177, 8.352000, 16837, 12, 5, 
51850, 518500, 34.660394, 135.447172, 8.372000, 16837, 12, 5, 
51900, 519000, 34.660395, 135.447168, 8.362000, 16838, 12, 5, 
51950, 519500, 34.660396, 135.447163, 8.341000, 16838, 12, 5, 
52000, 520000, 34.660397, 135.447157, 8.332000, 16839, 12, 5, 
52050, 520500, 34.660397, 135.447153, 8.326000, 16840, 12, 5, 
52100, 521000, 34.660398, 135.447147, 8.330000, 16840, 12, 5, 
52150, 521500, 34.660400, 135.447141, 8.347000, 16841, 12, 5, 
52200, 522000, 34.660402, 135.447137, 8.354000, 16842, 12, 5, 
52250, 522500, 34.660403, 135.447131, 8.347000, 16842, 12, 5, 
52300, 523000, 34.660405, 135.447126, 8.344000, 16843, 12, 5, 
52350, 523500, 34.660407, 135.447122, 8.353000, 16843, 12, 5, 
52400, 524000, 34.660409, 135.447117, 8.344000, 16844, 12, 5, 
52450, 524500, 34.660412, 135.447112, 8.332000, 16845, 12, 5, 
52500, 525000, 34.660414, 135.447107, 8.341000, 16845, 12, 5, 
52550, 525500, 34.660416, 135.447102, 8.319000, 16846, 12, 5, 
52600, 526000, 34.660418, 135.447097, 8.333000, 16847, 12, 5, 
52650, 526500, 34.660419, 135.447093, 8.331000, 16847, 12, 5, 
52700, 527000, 34.660422, 135.447088, 8.348000, 16848, 12, 5, 
52750, 527500, 34.660424, 135.447084, 8.341000, 16849, 12, 5, 
52800, 528000, 34.660426, 135.447080, 8.348000, 16849, 12, 5, 
52850, 528500, 34.660429, 135.447075, 8.354000, 16850, 12, 5, 
52900, 529000, 34.660431, 135.447071, 8.365000, 16850, 12, 5, 
52950, 529500, 34.660434, 135.447066, 8.361000, 16851, 12, 5, 
53000, 530000, 34.660436, 135.447062, 8.362000, 16852, 12, 5, 
53050, 530500, 34.660438, 135.447057, 8.362000, 16852, 12, 5, 
53100, 531000, 34.660440, 135.447053, 8.379000, 16853, 12, 5, 
53150, 531500, 34.660441, 135.447049, 8.393000, 16853, 12, 5, 
53200, 532000, 34.660445, 135.447044, 8.406000, 16854, 12, 5, 
53250, 532500, 34.660447, 135.447041, 8.404000, 16855, 12, 5, 
53300, 533000, 34.660451, 135.447038, 8.410000, 16855, 12, 5, 
53350, 533500, 34.660455, 135.447034, 8.413000, 16856, 12, 5, 
53400, 534000, 34.660458, 135.447031, 8.405000, 16857, 12, 5, 
53450, 534500, 34.660461, 135.447028, 8.407000, 16857, 12, 5, 
53500, 535000, 34.660465, 135.447025, 8.392000, 16858, 12, 5, 
53550, 535500, 34.660468, 135.447022, 8.393000, 16858, 12, 5, 
53600, 536000, 34.660472, 135.447018, 8.393000, 16859, 12, 5, 
53650, 536500, 34.660474, 135.447014, 8.397000, 16860, 12, 5, 
53700, 537000, 34.660477, 135.447010, 8.396000, 16860, 12, 5, 
53750, 537500, 34.660476, 135.447011, 8.387000, 16861, 12, 5, 
53800, 538000, 34.660477, 135.447010, 8.399000, 16862, 12, 5, 
53850, 538500, 34.660478, 135.447008, 8.398000, 16862, 12, 5, 
53900, 539000, 34.660479, 135.447006, 8.401000, 16863, 12, 5, 
53950, 539500, 34.660481, 135.447001, 8.391000, 16864, 12, 5, 
54000, 540000, 34.660481, 135.446998, 8.397000, 16864, 12, 5, 
54050, 540500, 34.660481, 135.446997, 8.404000, 16865, 12, 5, 
54100, 541000, 34.660482, 135.446995, 8.402000, 16865, 12, 5, 
54150, 541500, 34.660482, 135.446994, 8.415000, 16866, 12, 5, 
54200, 542000, 34.660482, 135.446992, 8.431000, 16866, 12, 5, 
54250, 542500, 34.660483, 135.446989, 8.454000, 16867, 12, 5, 
54300, 543000, 34.660484, 135.446983, 8.450000, 16868, 12, 5, 
54350, 543500, 34.660484, 135.446979, 8.450000, 16868, 12, 5, 
54400, 544000, 34.660484, 135.446975, 8.446000, 16869, 12, 5, 
54450, 544500, 34.660483, 135.446970, 8.446000, 16870, 12, 5, 
54500, 545000, 34.660483, 135.446966, 8.441000, 16870, 12, 5, 
54550, 545500, 34.660482, 135.446960, 8.444000, 16871, 12, 5, 
54600, 546000, 34.660482, 135.446956, 8.450000, 16871, 12, 5, 
54650, 546500, 34.660483, 135.446952, 8.455000, 16872, 12, 5, 
54700, 547000, 34.660484, 135.446947, 8.459000, 16873, 12, 5, 
54750, 547500, 34.660486, 135.446943, 8.458000, 16873, 12, 5, 
54800, 548000, 34.660489, 135.446938, 8.459000, 16874, 12, 5, 
54850, 548500, 34.660490, 135.446936, 8.453000, 16874, 12, 5, 
54900, 549000, 34.660492, 135.446933, 8.443000, 16875, 12, 5, 
54950, 549500, 34.660493, 135.446930, 8.436000, 16876, 12, 5, 
55000, 550000, 34.660496, 135.446927, 8.445000, 16876, 12, 5, 
55050, 550500, 34.660497, 135.446924, 8.443000, 16877, 12, 5, 
55100, 551000, 34.660499, 135.446920, 8.446000, 16878, 12, 5, 
55150, 551500, 34.660502, 135.446916, 8.446000, 16878, 12, 5, 
55200, 552000, 34.660504, 135.446912, 8.451000, 16879, 12, 5, 
55250, 552500, 34.660506, 135.446907, 8.458000, 16880, 12, 5, 
55300, 553000, 34.660508, 135.446902, 8.462000, 16880, 12, 5, 
55350, 553500, 34.660510, 135.446898, 8.469000, 16881, 12, 5, 
55400, 554000, 34.660512, 135.446893, 8.478000, 16882, 12, 5, 
55450, 554500, 34.660513, 135.446888, 8.494000, 16882, 12, 5, 
55500, 555000, 34.660515, 135.446883, 8.498000, 16883, 12, 5, 
55550, 555500, 34.660517, 135.446878, 8.512000, 16884, 12, 5, 
55600, 556000, 34.660518, 135.446874, 8.508000, 16884, 12, 5, 
55650, 556500, 34.660520, 135.446871, 8.516000, 16885, 12, 5, 
55700, 557000, 34.660521, 135.446867, 8.508000, 16885, 12, 5, 
55750, 557500, 34.660523, 135.446863, 8.499000, 16886, 12, 5, 
55800, 558000, 34.660525, 135.446860, 8.477000, 16887, 12, 5, 
55850, 558500, 34.660527, 135.446856, 8.463000, 16887, 12, 5, 
55900, 559000, 34.660529, 135.446852, 8.451000, 16888, 12, 5, 
55950, 559500, 34.660531, 135.446849, 8.446000, 16888, 12, 5, 
56000, 560000, 34.660533, 135.446844, 8.513000, 16889, 12, 5, 
56050, 560500, 34.660535, 135.446839, 8.523000, 16890, 12, 5, 
56100, 561000, 34.660537, 135.446835, 8.517000, 16890, 12, 5, 
56150, 561500, 34.660538, 135.446832, 8.515000, 16891, 12, 5, 
56200, 562000, 34.660540, 135.446827, 8.522000, 16891, 12, 5, 
56250, 562500, 34.660541, 135.446823, 8.521000, 16892, 12, 5, 
56300, 563000, 34.660542, 135.446820, 8.539000, 16893, 12, 5, 
56350, 563500, 34.660544, 135.446815, 8.536000, 16893, 12, 5, 
56400, 564000, 34.660545, 135.446812, 8.547000, 16894, 12, 5, 
56450, 564500, 34.660547, 135.446808, 8.578000, 16895, 12, 5, 
56500, 565000, 34.660549, 135.446802, 8.556000, 16895, 12, 5, 
56550, 565500, 34.660551, 135.446799, 8.561000, 16896, 12, 5, 
56600, 566000, 34.660553, 135.446794, 8.569000, 16896, 12, 5, 
56650, 566500, 34.660555, 135.446789, 8.580000, 16897, 12, 5, 
56700, 567000, 34.660556, 135.446785, 8.580000, 16898, 12, 5, 
56750, 567500, 34.660558, 135.446782, 8.590000, 16898, 12, 5, 
56800, 568000, 34.660559, 135.446779, 8.583000, 16899, 12, 5, 
56850, 568500, 34.660560, 135.446775, 8.597000, 16899, 12, 5, 
56900, 569000, 34.660561, 135.446772, 8.594000, 16900, 12, 5, 
56950, 569500, 34.660563, 135.446768, 8.587000, 16901, 12, 5, 
57000, 570000, 34.660564, 135.446765, 8.579000, 16901, 12, 5, 
57050, 570500, 34.660567, 135.446761, 8.558000, 16902, 12, 5, 
57100, 571000, 34.660569, 135.446757, 8.562000, 16902, 12, 5, 
57150, 571500, 34.660572, 135.446754, 8.571000, 16903, 12, 5, 
57200, 572000, 34.660576, 135.446750, 8.570000, 16904, 12, 5, 
57250, 572500, 34.660580, 135.446747, 8.579000, 16904, 12, 5, 
57300, 573000, 34.660583, 135.446743, 8.575000, 16905, 12, 5, 
57350, 573500, 34.660586, 135.446740, 8.566000, 16906, 12, 5, 
57400, 574000, 34.660590, 135.446737, 8.568000, 16906, 12, 5, 
57450, 574500, 34.660593, 135.446733, 8.566000, 16907, 12, 5, 
57500, 575000, 34.660596, 135.446730, 8.547000, 16907, 12, 5, 
57550, 575500, 34.660600, 135.446726, 8.553000, 16908, 12, 5, 
57600, 576000, 34.660603, 135.446722, 8.542000, 16909, 12, 5, 
57650, 576500, 34.660607, 135.446717, 8.557000, 16910, 12, 5, 
57700, 577000, 34.660609, 135.446710, 8.541000, 16910, 12, 5, 
57750, 577500, 34.660611, 135.446706, 8.517000, 16911, 12, 5, 
57800, 578000, 34.660613, 135.446700, 8.455000, 16911, 12, 5, 
57850, 578500, 34.660615, 135.446696, 8.408000, 16912, 12, 5, 
57900, 579000, 34.660616, 135.446692, 8.389000, 16913, 12, 5, 
57950, 579500, 34.660618, 135.446687, 8.326000, 16913, 12, 5, 
58000, 580000, 34.660621, 135.446681, 8.283000, 16914, 12, 5, 
58050, 580500, 34.660624, 135.446677, 8.239000, 16915, 12, 5, 
58100, 581000, 34.660626, 135.446672, 8.224000, 16915, 12, 5, 
58150, 581500, 34.660628, 135.446667, 8.183000, 16916, 12, 5, 
58200, 582000, 34.660631, 135.446662, 8.109000, 16917, 12, 5, 
58250, 582500, 34.660632, 135.446658, 8.070000, 16917, 12, 5, 
58300, 583000, 34.660635, 135.446653, 8.019000, 16918, 12, 5, 
58350, 583500, 34.660637, 135.446648, 7.972000, 16918, 12, 5, 
58400, 584000, 34.660639, 135.446643, 7.915000, 16919, 12, 5, 
58450, 584500, 34.660641, 135.446638, 7.889000, 16920, 12, 5, 
58500, 585000, 34.660643, 135.446633, 7.822000, 16920, 12, 5, 
58550, 585500, 34.660644, 135.446629, 7.825000, 16921, 12, 5, 
58600, 586000, 34.660646, 135.446626, 7.833000, 16922, 12, 5, 
58650, 586500, 34.660648, 135.446621, 7.840000, 16922, 12, 5, 
58700, 587000, 34.660651, 135.446615, 7.751000, 16923, 12, 5, 
58750, 587500, 34.660654, 135.446610, 7.698000, 16924, 12, 5, 
58800, 588000, 34.660656, 135.446605, 7.639000, 16924, 12, 5, 
58850, 588500, 34.660658, 135.446599, 7.634000, 16925, 12, 5, 
58900, 589000, 34.660661, 135.446593, 7.563000, 16926, 12, 5, 
58950, 589500, 34.660663, 135.446589, 7.511000, 16926, 12, 5, 
59000, 590000, 34.660665, 135.446584, 7.528000, 16927, 12, 5, 
59050, 590500, 34.660667, 135.446579, 7.499000, 16927, 12, 5, 
59100, 591000, 34.660669, 135.446574, 7.424000, 16928, 12, 5, 
59150, 591500, 34.660671, 135.446569, 7.399000, 16929, 12, 5, 
59200, 592000, 34.660673, 135.446564, 7.374000, 16929, 12, 5, 
59250, 592500, 34.660675, 135.446558, 7.341000, 16930, 12, 5, 
59300, 593000, 34.660678, 135.446553, 7.223000, 16931, 12, 5, 
59350, 593500, 34.660680, 135.446549, 7.178000, 16931, 12, 5, 
59400, 594000, 34.660682, 135.446543, 7.166000, 16932, 12, 5, 
59450, 594500, 34.660684, 135.446539, 7.178000, 16933, 12, 5, 
59500, 595000, 34.660686, 135.446534, 7.154000, 16933, 12, 5, 
59550, 595500, 34.660688, 135.446531, 7.140000, 16934, 12, 5, 
59600, 596000, 34.660690, 135.446527, 7.139000, 16934, 12, 5, 
59650, 596500, 34.660692, 135.446522, 7.148000, 16935, 12, 5, 
59700, 597000, 34.660694, 135.446518, 7.159000, 16936, 12, 5, 
59750, 597500, 34.660697, 135.446512, 7.150000, 16937, 12, 5, 
59800, 598000, 34.660700, 135.446507, 7.072000, 16937, 12, 5, 
59850, 598500, 34.660702, 135.446502, 7.051000, 16938, 12, 5, 
59900, 599000, 34.660705, 135.446497, 7.021000, 16938, 12, 5, 
59950, 599500, 34.660707, 135.446492, 6.998000, 16939, 12, 5, 
60000, 600000, 34.660709, 135.446488, 6.977000, 16940, 12, 5, 
60050, 600500, 34.660711, 135.446482, 6.937000, 16940, 12, 5, 
60100, 601000, 34.660713, 135.446478, 6.911000, 16941, 12, 5, 
60150, 601500, 34.660716, 135.446473, 6.852000, 16942, 12, 5, 
60200, 602000, 34.660718, 135.446468, 6.781000, 16942, 12, 2, 
60250, 602500, 34.660721, 135.446463, 6.673000, 16943, 12, 5, 
60300, 603000, 34.660723, 135.446459, 6.652000, 16943, 12, 5, 
60350, 603500, 34.660725, 135.446455, 6.584000, 16944, 12, 5, 
60400, 604000, 34.660727, 135.446450, 6.559000, 16945, 12, 5, 
60450, 604500, 34.660729, 135.446446, 6.527000, 16945, 12, 5, 
60500, 605000, 34.660731, 135.446441, 6.505000, 16946, 12, 2, 
60550, 605500, 34.660734, 135.446436, 6.499000, 16947, 12, 5, 
60600, 606000, 34.660736, 135.446431, 6.453000, 16947, 12, 5, 
60650, 606500, 34.660738, 135.446426, 6.439000, 16948, 12, 5, 
60700, 607000, 34.660740, 135.446421, 6.465000, 16949, 12, 5, 
60750, 607500, 34.660742, 135.446417, 6.503000, 16949, 12, 5, 
60800, 608000, 34.660744, 135.446412, 6.467000, 16950, 12, 5, 
60850, 608500, 34.660747, 135.446406, 6.438000, 16951, 12, 5, 
60900, 609000, 34.660749, 135.446401, 6.435000, 16951, 12, 5, 
60950, 609500, 34.660752, 135.446396, 6.389000, 16952, 12, 5, 
61000, 610000, 34.660755, 135.446389, 6.360000, 16953, 12, 5, 
61050, 610500, 34.660757, 135.446384, 6.313000, 16953, 12, 5, 
61100, 611000, 34.660759, 135.446379, 6.254000, 16954, 12, 5, 
61150, 611500, 34.660761, 135.446375, 6.205000, 16955, 12, 2, 
61200, 612000, 34.660763, 135.446370, 6.129000, 16955, 12, 2, 
61250, 612500, 34.660765, 135.446366, 6.080000, 16956, 12, 5, 
61300, 613000, 34.660768, 135.446360, 6.023000, 16957, 12, 5, 
61350, 613500, 34.660770, 135.446356, 5.971000, 16957, 12, 5, 
61400, 614000, 34.660772, 135.446352, 5.919000, 16958, 12, 5, 
61450, 614500, 34.660774, 135.446346, 5.883000, 16958, 12, 5, 
61500, 615000, 34.660776, 135.446343, 5.899000, 16959, 12, 5, 
61550, 615500, 34.660778, 135.446338, 5.906000, 16960, 12, 5, 
61600, 616000, 34.660780, 135.446334, 5.923000, 16960, 12, 5, 
61650, 616500, 34.660782, 135.446329, 5.937000, 16961, 12, 5, 
61700, 617000, 34.660784, 135.446325, 5.962000, 16961, 12, 5, 
61750, 617500, 34.660786, 135.446319, 5.910000, 16962, 12, 5, 
61800, 618000, 34.660788, 135.446315, 5.921000, 16963, 12, 5, 
61850, 618500, 34.660790, 135.446310, 5.944000, 16963, 12, 2, 
61900, 619000, 34.660792, 135.446305, 5.946000, 16964, 12, 5, 
61950, 619500, 34.660793, 135.446302, 5.861000, 16964, 12, 5, 
62000, 620000, 34.660795, 135.446297, 5.761000, 16965, 12, 5, 
62050, 620500, 34.660797, 135.446293, 5.701000, 16966, 12, 5, 
62100, 621000, 34.660799, 135.446288, 5.669000, 16966, 12, 5, 
62150, 621500, 34.660801, 135.446283, 5.741000, 16967, 12, 5, 
62200, 622000, 34.660804, 135.446278, 5.769000, 16968, 12, 5, 
62250, 622500, 34.660806, 135.446274, 5.759000, 16968, 12, 5, 
62300, 623000, 34.660809, 135.446269, 5.710000, 16969, 12, 5, 
62350, 623500, 34.660811, 135.446264, 5.715000, 16970, 12, 5, 
62400, 624000, 34.660813, 135.446260, 5.717000, 16970, 12, 5, 
62450, 624500, 34.660816, 135.446254, 5.743000, 16971, 12, 5, 
62500, 625000, 34.660818, 135.446249, 5.743000, 16972, 12, 5, 
62550, 625500, 34.660820, 135.446245, 5.737000, 16972, 12, 5, 
62600, 626000, 34.660822, 135.446239, 5.723000, 16973, 12, 5, 
62650, 626500, 34.660824, 135.446235, 5.748000, 16973, 12, 5, 
62700, 627000, 34.660826, 135.446230, 5.724000, 16974, 12, 5, 
62750, 627500, 34.660828, 135.446225, 5.703000, 16975, 12, 5, 
62800, 628000, 34.660831, 135.446220, 5.634000, 16975, 12, 5, 
62850, 628500, 34.660833, 135.446216, 5.605000, 16976, 12, 5, 
62900, 629000, 34.660835, 135.446211, 5.605000, 16977, 12, 5, 
62950, 629500, 34.660838, 135.446206, 5.483000, 16977, 12, 5, 
63000, 630000, 34.660840, 135.446203, 5.419000, 16978, 12, 5, 
63050, 630500, 34.660842, 135.446197, 5.367000, 16979, 12, 5, 
63100, 631000, 34.660845, 135.446192, 5.272000, 16979, 12, 5, 
63150, 631500, 34.660847, 135.446187, 5.269000, 16980, 12, 5, 
63200, 632000, 34.660849, 135.446183, 5.226000, 16981, 12, 5, 
63250, 632500, 34.660852, 135.446177, 5.216000, 16981, 12, 5, 
63300, 633000, 34.660854, 135.446171, 5.244000, 16982, 12, 5, 
63350, 633500, 34.660856, 135.446166, 5.263000, 16983, 12, 5, 
63400, 634000, 34.660858, 135.446161, 5.228000, 16984, 12, 5, 
63450, 634500, 34.660861, 135.446156, 5.222000, 16984, 12, 5, 
63500, 635000, 34.660862, 135.446153, 5.293000, 16985, 12, 5, 
63550, 635500, 34.660865, 135.446146, 5.349000, 16985, 12, 5, 
63600, 636000, 34.660865, 135.446142, 5.366000, 16986, 12, 5, 
63650, 636500, 34.660867, 135.446134, 5.321000, 16987, 12, 5, 
63700, 637000, 34.660868, 135.446129, 5.306000, 16988, 12, 5, 
63750, 637500, 34.660869, 135.446123, 5.315000, 16988, 12, 5, 
63800, 638000, 34.660869, 135.446118, 5.318000, 16989, 12, 5, 
63850, 638500, 34.660869, 135.446113, 5.287000, 16989, 12, 5, 
63900, 639000, 34.660869, 135.446109, 5.284000, 16990, 12, 5, 
63950, 639500, 34.660869, 135.446103, 5.269000, 16991, 12, 2, 
64000, 640000, 34.660869, 135.446097, 5.217000, 16991, 12, 2, 
64050, 640500, 34.660868, 135.446093, 5.196000, 16992, 12, 5, 
64100, 641000, 34.660867, 135.446087, 5.174000, 16992, 12, 5, 
64150, 641500, 34.660865, 135.446082, 5.190000, 16993, 12, 5, 
64200, 642000, 34.660863, 135.446078, 5.194000, 16994, 12, 5, 
64250, 642500, 34.660860, 135.446073, 5.215000, 16994, 12, 5, 
64300, 643000, 34.660856, 135.446068, 5.219000, 16995, 12, 5, 
64350, 643500, 34.660854, 135.446066, 5.247000, 16996, 12, 5, 
64400, 644000, 34.660850, 135.446062, 5.212000, 16996, 12, 5, 
64450, 644500, 34.660847, 135.446060, 5.231000, 16997, 12, 5, 
64500, 645000, 34.660844, 135.446058, 5.300000, 16998, 12, 5, 
64550, 645500, 34.660841, 135.446056, 5.332000, 16998, 12, 5, 
64600, 646000, 34.660837, 135.446054, 5.397000, 16999, 12, 5, 
64650, 646500, 34.660833, 135.446053, 5.460000, 16999, 12, 5, 
64700, 647000, 34.660827, 135.446052, 5.556000, 17000, 12, 5, 
64750, 647500, 34.660823, 135.446052, 5.616000, 17001, 12, 5, 
64800, 648000, 34.660819, 135.446052, 5.658000, 17001, 12, 5, 
64850, 648500, 34.660815, 135.446051, 5.666000, 17002, 12, 5, 
64900, 649000, 34.660811, 135.446052, 5.683000, 17003, 12, 5, 
64950, 649500, 34.660806, 135.446052, 5.748000, 17003, 12, 5, 
65000, 650000, 34.660802, 135.446053, 5.800000, 17004, 12, 5, 
65050, 650500, 34.660798, 135.446054, 5.790000, 17004, 12, 5, 
65100, 651000, 34.660794, 135.446056, 5.832000, 17005, 12, 5, 
65150, 651500, 34.660790, 135.446057, 5.880000, 17006, 12, 5, 
65200, 652000, 34.660785, 135.446059, 5.881000, 17006, 12, 5, 
65250, 652500, 34.660781, 135.446062, 5.873000, 17007, 12, 5, 
65300, 653000, 34.660777, 135.446064, 5.896000, 17008, 12, 5, 
65350, 653500, 34.660772, 135.446066, 5.933000, 17008, 12, 5, 
65400, 654000, 34.660769, 135.446068, 5.954000, 17009, 12, 5, 
65450, 654500, 34.660764, 135.446070, 5.955000, 17010, 12, 5, 
65500, 655000, 34.660759, 135.446073, 5.958000, 17010, 12, 5, 
65550, 655500, 34.660756, 135.446074, 5.983000, 17011, 12, 5, 
65600, 656000, 34.660751, 135.446077, 5.993000, 17012, 12, 5, 
65650, 656500, 34.660747, 135.446079, 6.022000, 17012, 12, 5, 
65700, 657000, 34.660743, 135.446082, 6.051000, 17013, 12, 5, 
65750, 657500, 34.660738, 135.446084, 6.055000, 17014, 12, 5, 
65800, 658000, 34.660734, 135.446086, 6.054000, 17014, 12, 5, 
65850, 658500, 34.660730, 135.446088, 6.071000, 17015, 12, 5, 
65900, 659000, 34.660726, 135.446089, 6.046000, 17015, 12, 5, 
65950, 659500, 34.660721, 135.446092, 6.048000, 17016, 12, 5, 
66000, 660000, 34.660717, 135.446094, 6.063000, 17017, 12, 5, 
66050, 660500, 34.660713, 135.446097, 6.059000, 17017, 12, 5, 
66100, 661000, 34.660709, 135.446099, 6.062000, 17018, 12, 5, 
66150, 661500, 34.660705, 135.446102, 6.059000, 17019, 12, 5, 
66200, 662000, 34.660701, 135.446104, 6.059000, 17019, 12, 5, 
66250, 662500, 34.660697, 135.446106, 6.072000, 17020, 12, 5, 
66300, 663000, 34.660693, 135.446108, 6.077000, 17021, 12, 5, 
66350, 663500, 34.660688, 135.446111, 6.055000, 17021, 12, 5, 
66400, 664000, 34.660685, 135.446113, 6.055000, 17022, 12, 5, 
66450, 664500, 34.660682, 135.446114, 6.066000, 17023, 12, 5, 
66500, 665000, 34.660679, 135.446116, 6.060000, 17023, 12, 5, 
66550, 665500, 34.660674, 135.446119, 6.098000, 17024, 12, 5, 
66600, 666000, 34.660670, 135.446121, 6.111000, 17025, 12, 5, 
66650, 666500, 34.660665, 135.446123, 6.097000, 17025, 12, 5, 
66700, 667000, 34.660662, 135.446125, 6.071000, 17026, 12, 5, 
66750, 667500, 34.660658, 135.446128, 6.061000, 17026, 12, 5, 
66800, 668000, 34.660655, 135.446130, 6.071000, 17027, 12, 5, 
66850, 668500, 34.660652, 135.446132, 6.088000, 17028, 12, 5, 
66900, 669000, 34.660649, 135.446134, 6.101000, 17028, 12, 5, 
66950, 669500, 34.660647, 135.446136, 6.123000, 17029, 12, 5, 
67000, 670000, 34.660644, 135.446138, 6.157000, 17030, 12, 5, 
67050, 670500, 34.660643, 135.446139, 6.174000, 17030, 12, 5, 
67100, 671000, 34.660642, 135.446140, 6.170000, 17031, 12, 5, 
67150, 671500, 34.660642, 135.446140, 6.169000, 17031, 12, 5, 
67200, 672000, 34.660642, 135.446139, 6.153000, 17032, 12, 5, 
67250, 672500, 34.660642, 135.446139, 6.140000, 17033, 12, 5, 
67300, 673000, 34.660642, 135.446140, 6.124000, 17033, 12, 5, 
67350, 673500, 34.660642, 135.446140, 6.100000, 17034, 12, 5, 
67400, 674000, 34.660642, 135.446140, 6.082000, 17035, 12, 5, 
67450, 674500, 34.660642, 135.446140, 6.057000, 17035, 12, 5, 
67500, 675000, 34.660642, 135.446140, 6.043000, 17036, 12, 5, 
67550, 675500, 34.660642, 135.446140, 6.035000, 17036, 12, 5, 
67600, 676000, 34.660642, 135.446140, 6.032000, 17037, 12, 5, 
67650, 676500, 34.660642, 135.446140, 6.008000, 17038, 12, 5, 
67700, 677000, 34.660642, 135.446140, 5.983000, 17038, 12, 5, 
67750, 677500, 34.660642, 135.446140, 5.964000, 17039, 12, 5, 
67800, 678000, 34.660642, 135.446140, 5.924000, 17040, 12, 5, 
67850, 678500, 34.660642, 135.446140, 5.885000, 17040, 12, 5, 
