count, time, location_pos_x, location_pos_y, location_pos_z, geo_tim, geo_sat, geo_quality, , 
50, 500,  0.000,  0.000,  0.000, 14519, 12, 4, 
100, 1000,  0.000, -0.000,  0.002, 14520, 12, 4, 
150, 1500, -0.000, -0.000,  0.004, 14520, 12, 4, 
200, 2000,  0.000,  0.000,  0.000, 14521, 12, 4, 
250, 2500, -0.000, -0.000, -0.005, 14522, 12, 4, 
300, 3000,  0.000, -0.000, -0.010, 14522, 12, 4, 
350, 3500,  0.000, -0.000, -0.013, 14523, 12, 4, 
400, 4000,  0.000, -0.000, -0.014, 14524, 12, 4, 
450, 4500,  0.000, -0.000, -0.006, 14524, 12, 4, 
500, 5000,  0.000,  0.000,  0.006, 14525, 12, 4, 
550, 5500,  0.000, -0.000,  0.001, 14526, 12, 4, 
600, 6000,  0.000, -0.000,  0.005, 14526, 12, 4, 
650, 6500,  0.000, -0.000, -0.007, 14527, 12, 4, 
700, 7000,  0.000, -0.000, -0.013, 14527, 12, 4, 
750, 7500,  0.000, -0.000,  0.001, 14528, 12, 4, 
800, 8000,  0.000,  0.000, -0.021, 14529, 12, 4, 
850, 8500,  0.000, -0.000, -0.013, 14529, 12, 4, 
900, 9000,  0.000,  0.000, -0.021, 14530, 12, 4, 
950, 9500,  0.000, -0.000, -0.011, 14531, 12, 4, 
1000, 10000,  0.000, -0.000, -0.019, 14531, 12, 4, 
1050, 10500,  0.000, -0.000, -0.013, 14532, 12, 4, 
1100, 11000, -0.000, -0.000, -0.015, 14533, 12, 4, 
1150, 11500, -0.000, -0.000, -0.020, 14533, 12, 4, 
1200, 12000,  0.000, -0.000, -0.014, 14534, 12, 4, 
1250, 12500,  0.000, -0.000,  0.002, 14534, 12, 4, 
1300, 13000, -0.000,  0.000, -0.004, 14535, 12, 4, 
1350, 13500,  0.000, -0.000, -0.018, 14536, 12, 4, 
1400, 14000, -0.000,  0.000, -0.008, 14536, 12, 4, 
1450, 14500,  0.000, -0.000, -0.009, 14537, 12, 4, 
1500, 15000, -0.000,  0.000, -0.004, 14538, 12, 4, 
1550, 15500, -0.000,  0.000, -0.001, 14538, 12, 4, 
1600, 16000,  0.000, -0.000, -0.014, 14539, 12, 4, 
1650, 16500,  0.142,  0.024,  0.030, 14540, 12, 4, 
1700, 17000,  0.426,  0.072, -0.005, 14540, 12, 4, 
1750, 17500,  0.664,  0.040, -0.022, 14541, 12, 4, 
1800, 18000,  0.993,  0.167,  0.019, 14542, 12, 5, 
1850, 18500,  1.373,  0.160, -0.059, 14542, 12, 5, 
1900, 19000,  1.941,  0.255, -0.002, 14543, 12, 5, 
1950, 19500,  2.463,  0.272, -0.032, 14544, 12, 5, 
2000, 20000,  2.842,  0.264, -0.018, 14544, 12, 5, 
2050, 20500,  3.318,  0.201, -0.033, 14545, 12, 5, 
2100, 21000,  3.749,  0.058,  0.005, 14545, 12, 5, 
2150, 21500,  4.128,  0.051,  0.062, 14546, 12, 5, 
2200, 22000,  4.746,  0.012,  0.059, 14547, 12, 5, 
2250, 22500,  5.176, -0.131,  0.073, 14547, 12, 5, 
2300, 23000,  5.698, -0.115,  0.090, 14548, 12, 5, 
2350, 23500,  6.270, -0.233,  0.090, 14549, 12, 5, 
2400, 24000,  6.792, -0.217,  0.119, 14549, 12, 5, 
2450, 24500,  7.268, -0.280,  0.148, 14550, 12, 5, 
2500, 25000,  7.648, -0.288,  0.146, 14550, 12, 5, 
2550, 25500,  8.170, -0.271,  0.183, 14551, 12, 5, 
2600, 26000,  8.646, -0.334,  0.178, 14552, 12, 5, 
2650, 26500,  9.122, -0.397,  0.195, 14552, 12, 5, 
2700, 27000,  9.547, -0.326,  0.206, 14553, 12, 5, 
2750, 27500, 10.069, -0.309,  0.202, 14553, 12, 5, 
2800, 28000, 10.449, -0.317,  0.239, 14554, 12, 5, 
2850, 28500, 10.971, -0.301,  0.200, 14555, 12, 5, 
2900, 29000, 11.351, -0.308,  0.222, 14555, 12, 5, 
2950, 29500, 11.872, -0.292,  0.272, 14556, 12, 5, 
3000, 30000, 12.298, -0.220,  0.285, 14556, 12, 5, 
3050, 30500, 12.770, -0.069,  0.286, 14557, 12, 5, 
3100, 31000, 13.241,  0.082,  0.280, 14558, 12, 5, 
3150, 31500, 13.713,  0.233,  0.341, 14558, 12, 5, 
3200, 32000, 14.184,  0.384,  0.365, 14559, 12, 5, 
3250, 32500, 14.560,  0.591,  0.334, 14560, 12, 5, 
3300, 33000, 15.031,  0.742,  0.337, 14560, 12, 5, 
3350, 33500, 15.453,  1.028,  0.387, 14561, 12, 5, 
3400, 34000, 15.970,  1.258,  0.373, 14561, 12, 5, 
3450, 34500, 16.295,  1.600,  0.355, 14562, 12, 5, 
3500, 35000, 16.712,  2.100,  0.379, 14563, 12, 5, 
3550, 35500, 16.991,  2.362,  0.383, 14563, 12, 5, 
3600, 36000, 17.363,  2.783,  0.371, 14564, 12, 5, 
3650, 36500, 17.592,  3.180,  0.384, 14565, 12, 5, 
3700, 37000, 17.912,  3.735,  0.293, 14566, 12, 5, 
3750, 37500, 18.096,  4.053,  0.328, 14566, 12, 5, 
3800, 38000, 18.417,  4.609,  0.372, 14567, 12, 5, 
3850, 38500, 18.692,  5.085,  0.362, 14567, 12, 5, 
3900, 39000, 18.825,  5.537,  0.362, 14568, 12, 5, 
3950, 39500, 18.958,  5.990,  0.393, 14569, 12, 5, 
4000, 40000, 18.949,  6.418,  0.413, 14569, 12, 5, 
4050, 40500, 19.032,  7.005,  0.378, 14570, 12, 5, 
4100, 41000, 19.069,  7.513,  0.336, 14571, 12, 5, 
4150, 41500, 19.156,  7.886,  0.356, 14571, 12, 5, 
4200, 42000, 19.097,  8.450,  0.369, 14572, 12, 5, 
4250, 42500, 19.088,  8.878,  0.349, 14572, 12, 5, 
4300, 43000, 19.267,  9.410,  0.363, 14573, 12, 5, 
4350, 43500, 19.354,  9.783,  0.489, 14574, 12, 5, 
4400, 44000, 19.487, 10.235,  0.520, 14574, 12, 5, 
4450, 44500, 19.621, 10.688,  0.575, 14575, 12, 5, 
4500, 45000, 19.612, 11.116,  0.620, 14576, 12, 5, 
4550, 45500, 19.695, 11.703,  0.578, 14576, 12, 5, 
4600, 46000, 19.828, 12.156,  0.599, 14577, 12, 5, 
4650, 46500, 19.915, 12.529,  0.617, 14578, 12, 5, 
4700, 47000, 19.998, 13.116,  0.619, 14578, 12, 5, 
4750, 47500, 20.035, 13.624,  0.663, 14579, 12, 2, 
4800, 48000, 20.072, 14.132,  0.752, 14580, 12, 5, 
4850, 48500, 20.063, 14.560,  0.800, 14580, 12, 5, 
4900, 49000, 20.100, 15.068,  0.848, 14581, 12, 2, 
4950, 49500, 20.091, 15.496,  0.757, 14581, 12, 5, 
5000, 50000, 20.178, 15.869,  0.769, 14582, 12, 5, 
5050, 50500, 20.261, 16.457,  0.750, 14583, 12, 5, 
5100, 51000, 20.253, 16.885,  0.760, 14583, 12, 5, 
5150, 51500, 20.239, 17.528,  0.833, 14584, 12, 5, 
5200, 52000, 20.322, 18.115,  0.845, 14585, 12, 5, 
5250, 52500, 20.313, 18.543,  0.860, 14585, 12, 5, 
5300, 53000, 20.350, 19.051,  0.912, 14586, 12, 5, 
5350, 53500, 20.342, 19.480,  0.879, 14587, 12, 5, 
5400, 54000, 20.333, 19.908,  0.884, 14587, 12, 5, 
5450, 54500, 20.274, 20.472,  0.937, 14588, 12, 2, 
5500, 55000, 20.215, 21.035,  0.911, 14589, 12, 5, 
5550, 55500, 20.206, 21.463,  0.905, 14589, 12, 5, 
5600, 56000, 20.101, 21.947,  0.910, 14590, 12, 5, 
5650, 56500, 20.092, 22.376,  0.951, 14590, 12, 5, 
5700, 57000, 20.033, 22.939,  0.956, 14591, 12, 5, 
5750, 57500, 19.928, 23.423,  0.969, 14592, 12, 5, 
5800, 58000, 19.919, 23.851,  0.976, 14592, 12, 5, 
5850, 58500, 19.814, 24.335,  0.969, 14593, 12, 5, 
5900, 59000, 19.613, 24.875,  0.959, 14594, 12, 5, 
5950, 59500, 19.509, 25.359,  0.931, 14594, 12, 5, 
6000, 60000, 19.454, 25.708,  0.941, 14595, 12, 5, 
6050, 60500, 19.299, 26.327,  0.987, 14596, 12, 5, 
6100, 61000, 19.098, 26.866,  0.957, 14596, 12, 5, 
6150, 61500, 18.851, 27.326,  0.839, 14597, 12, 5, 
6200, 62000, 18.746, 27.810,  0.828, 14598, 12, 5, 
6250, 62500, 18.545, 28.349,  0.833, 14598, 12, 5, 
6300, 63000, 18.394, 28.754,  0.832, 14599, 12, 5, 
6350, 63500, 18.239, 29.373,  0.826, 14600, 12, 5, 
6400, 64000, 17.993, 29.833,  0.846, 14600, 12, 5, 
6450, 64500, 17.842, 30.237,  0.838, 14601, 12, 5, 
6500, 65000, 17.691, 30.642,  0.817, 14601, 12, 5, 
6550, 65500, 17.444, 31.102,  0.859, 14602, 12, 5, 
6600, 66000, 17.248, 31.427,  0.832, 14603, 12, 5, 
6650, 66500, 17.047, 31.966,  0.814, 14603, 12, 5, 
6700, 67000, 16.754, 32.347,  0.804, 14604, 12, 5, 
6750, 67500, 16.507, 32.807,  0.863, 14605, 12, 5, 
6800, 68000, 16.261, 33.267,  0.850, 14605, 12, 5, 
6850, 68500, 16.014, 33.727,  0.767, 14606, 12, 5, 
6900, 69000, 15.767, 34.187,  0.637, 14607, 12, 5, 
6950, 69500, 15.328, 34.758,  0.573, 14607, 12, 5, 
7000, 70000, 15.177, 35.163,  0.464, 14608, 12, 5, 
7050, 70500, 14.981, 35.488,  0.407, 14608, 12, 5, 
7100, 71000, 14.638, 36.003,  0.395, 14609, 12, 5, 
7150, 71500, 14.441, 36.328,  0.363, 14610, 12, 5, 
7200, 72000, 14.149, 36.709,  0.195, 14610, 12, 5, 
7250, 72500, 13.760, 37.145,  0.112, 14611, 12, 5, 
7300, 73000, 13.467, 37.526,  0.127, 14612, 12, 5, 
7350, 73500, 13.175, 37.906,  0.149, 14612, 12, 5, 
7400, 74000, 12.786, 38.343,  0.247, 14613, 12, 5, 
7450, 74500, 12.347, 38.913,  0.341, 14614, 12, 5, 
7500, 75000, 12.105, 39.159,  0.341, 14614, 12, 5, 
7550, 75500, 11.670, 39.516,  0.324, 14615, 12, 2, 
7600, 76000, 11.186, 40.008,  0.278, 14616, 12, 5, 
7650, 76500, 10.801, 40.229,  0.284, 14617, 12, 5, 
7700, 77000, 10.321, 40.507,  0.290, 14617, 12, 5, 
7750, 77500,  9.841, 40.784,  0.326, 14618, 12, 5, 
7800, 78000,  9.502, 41.085,  0.305, 14618, 12, 5, 
7850, 78500,  9.022, 41.363,  0.281, 14619, 12, 5, 
7900, 79000,  8.637, 41.585,  0.246, 14620, 12, 5, 
7950, 79500,  8.253, 41.806,  0.145, 14620, 12, 5, 
8000, 80000,  7.819, 42.163,  0.089, 14621, 12, 2, 
8050, 80500,  7.388, 42.306,  0.079, 14622, 12, 5, 
8100, 81000,  7.050, 42.607,  0.044, 14622, 12, 5, 
8150, 81500,  6.570, 42.884,  0.042, 14623, 12, 5, 
8200, 82000,  6.231, 43.185,  0.025, 14624, 12, 5, 
8250, 82500,  5.797, 43.542, -0.014, 14624, 12, 5, 
8300, 83000,  5.362, 43.899, -0.034, 14625, 12, 5, 
8350, 83500,  4.978, 44.121, -0.063, 14626, 12, 5, 
8400, 84000,  4.548, 44.263, -0.056, 14626, 12, 5, 
8450, 84500,  3.926, 44.517, -0.002, 14627, 12, 5, 
8500, 85000,  3.637, 44.683, -0.000, 14627, 12, 5, 
8550, 85500,  3.253, 44.905, -0.010, 14628, 12, 5, 
8600, 86000,  2.818, 45.262, -0.064, 14629, 12, 5, 
8650, 86500,  2.242, 45.595, -0.018, 14630, 12, 5, 
8700, 87000,  1.954, 45.761,  0.030, 14630, 12, 5, 
8750, 87500,  1.473, 46.038,  0.189, 14631, 12, 5, 
8800, 88000,  1.089, 46.260,  0.235, 14631, 12, 5, 
8850, 88500,  0.755, 46.347,  0.272, 14632, 12, 5, 
8900, 89000,  0.229, 46.545,  0.387, 14633, 12, 5, 
8950, 89500, -0.297, 46.743,  0.441, 14633, 12, 5, 
9000, 90000, -0.631, 46.830,  0.466, 14634, 12, 5, 
9050, 90500, -1.157, 47.028,  0.489, 14635, 12, 5, 
9100, 91000, -1.633, 47.091,  0.511, 14635, 12, 5, 
9150, 91500, -2.064, 47.234,  0.548, 14636, 12, 5, 
9200, 92000, -2.494, 47.376,  0.589, 14636, 12, 5, 
9250, 92500, -2.924, 47.519,  0.610, 14637, 12, 5, 
9300, 93000, -3.496, 47.637,  0.632, 14638, 12, 5, 
9350, 93500, -4.018, 47.621,  0.666, 14638, 12, 5, 
9400, 94000, -4.448, 47.763,  0.708, 14639, 12, 5, 
9450, 94500, -4.924, 47.826,  0.711, 14640, 12, 5, 
9500, 95000, -5.445, 47.810,  0.701, 14640, 12, 5, 
9550, 95500, -6.017, 47.929,  0.697, 14641, 12, 5, 
9600, 96000, -6.301, 47.881,  0.766, 14642, 12, 5, 
9650, 96500, -6.919, 47.920,  0.833, 14642, 12, 5, 
9700, 97000, -7.299, 47.928,  0.854, 14643, 12, 5, 
9750, 97500, -7.679, 47.935,  0.855, 14643, 12, 5, 
9800, 98000, -8.297, 47.975,  0.905, 14644, 12, 5, 
9850, 98500, -8.722, 47.903,  0.913, 14645, 12, 5, 
9900, 99000, -9.148, 47.831,  0.916, 14645, 12, 5, 
9950, 99500, -9.528, 47.839,  0.927, 14646, 12, 5, 
10000, 100000, -9.954, 47.767,  0.937, 14646, 12, 5, 
10050, 100500, -10.476, 47.751,  0.942, 14647, 12, 5, 
10100, 101000, -11.043, 47.655,  0.978, 14648, 12, 5, 
10150, 101500, -11.469, 47.583,  1.024, 14648, 12, 5, 
10200, 102000, -11.895, 47.512,  1.050, 14649, 12, 5, 
10250, 102500, -12.416, 47.495,  1.080, 14649, 12, 5, 
10300, 103000, -13.080, 47.455,  1.113, 14650, 12, 5, 
10350, 103500, -13.460, 47.463,  1.099, 14651, 12, 5, 
10400, 104000, -14.028, 47.367,  1.076, 14652, 12, 5, 
10450, 104500, -14.645, 47.406,  1.106, 14652, 12, 5, 
10500, 105000, -14.929, 47.358,  1.126, 14653, 12, 5, 
10550, 105500, -15.593, 47.318,  1.141, 14653, 12, 5, 
10600, 106000, -15.973, 47.326,  1.161, 14654, 12, 5, 
10650, 106500, -16.495, 47.310,  1.179, 14655, 12, 5, 
10700, 107000, -17.016, 47.293,  1.149, 14655, 12, 5, 
10750, 107500, -17.492, 47.356,  1.165, 14656, 12, 5, 
10800, 108000, -17.918, 47.285,  1.174, 14657, 12, 5, 
10850, 108500, -18.394, 47.348,  1.168, 14657, 12, 5, 
10900, 109000, -18.916, 47.332,  1.144, 14658, 12, 5, 
10950, 109500, -19.392, 47.395,  1.128, 14658, 12, 5, 
11000, 110000, -19.914, 47.378,  1.152, 14659, 12, 5, 
11050, 110500, -20.627, 47.473,  1.132, 14660, 12, 5, 
11100, 111000, -21.007, 47.481,  1.137, 14660, 12, 5, 
11150, 111500, -21.529, 47.464,  1.157, 14661, 12, 5, 
11200, 112000, -22.147, 47.504,  1.207, 14662, 12, 5, 
11250, 112500, -22.527, 47.511,  1.242, 14662, 12, 5, 
11300, 113000, -23.003, 47.574,  1.281, 14663, 12, 5, 
11350, 113500, -23.671, 47.748,  1.305, 14664, 12, 5, 
11400, 114000, -23.955, 47.700,  1.305, 14664, 12, 5, 
11450, 114500, -24.573, 47.740,  1.297, 14665, 12, 5, 
11500, 115000, -25.094, 47.723,  1.270, 14666, 12, 5, 
11550, 115500, -25.570, 47.786,  1.294, 14666, 12, 5, 
11600, 116000, -26.092, 47.770,  1.312, 14667, 12, 5, 
11650, 116500, -26.568, 47.833,  1.343, 14668, 12, 5, 
11700, 117000, -27.090, 47.817,  1.358, 14668, 12, 5, 
11750, 117500, -27.470, 47.825,  1.355, 14669, 12, 5, 
11800, 118000, -28.042, 47.943,  1.359, 14670, 12, 5, 
11850, 118500, -28.422, 47.951,  1.333, 14670, 12, 5, 
11900, 119000, -28.898, 48.014,  1.305, 14671, 12, 5, 
11950, 119500, -29.419, 47.998,  1.321, 14671, 12, 5, 
12000, 120000, -29.895, 48.061,  1.356, 14672, 12, 5, 
12050, 120500, -30.417, 48.045,  1.367, 14673, 12, 5, 
12100, 121000, -31.035, 48.084,  1.350, 14673, 12, 5, 
12150, 121500, -31.557, 48.067,  1.336, 14674, 12, 5, 
12200, 122000, -32.078, 48.051,  1.285, 14675, 12, 5, 
12250, 122500, -32.651, 48.170,  1.323, 14675, 12, 5, 
12300, 123000, -33.076, 48.098,  1.376, 14676, 12, 5, 
12350, 123500, -33.552, 48.161,  1.295, 14677, 12, 5, 
12400, 124000, -34.028, 48.224,  1.309, 14677, 12, 5, 
12450, 124500, -34.362, 48.311,  1.276, 14678, 12, 5, 
12500, 125000, -34.838, 48.374,  1.270, 14678, 12, 5, 
12550, 125500, -35.410, 48.493,  1.320, 14679, 12, 5, 
12600, 126000, -35.886, 48.556,  1.394, 14680, 12, 5, 
12650, 126500, -36.362, 48.619,  1.386, 14680, 12, 5, 
12700, 127000, -36.888, 48.817,  1.377, 14681, 12, 5, 
12750, 127500, -37.364, 48.880,  1.378, 14682, 12, 5, 
12800, 128000, -37.794, 49.023,  1.404, 14682, 12, 5, 
12850, 128500, -38.366, 49.141,  1.404, 14683, 12, 5, 
12900, 129000, -38.842, 49.204,  1.413, 14684, 12, 5, 
12950, 129500, -39.318, 49.267,  1.403, 14684, 12, 5, 
13000, 130000, -39.936, 49.307,  1.428, 14685, 12, 5, 
13050, 130500, -40.270, 49.394,  1.429, 14686, 12, 5, 
13100, 131000, -40.792, 49.377,  1.437, 14686, 12, 5, 
13150, 131500, -41.314, 49.361,  1.462, 14687, 12, 5, 
13200, 132000, -41.694, 49.369,  1.485, 14687, 12, 5, 
13250, 132500, -42.170, 49.432,  1.504, 14688, 12, 5, 
13300, 133000, -42.787, 49.471,  1.583, 14689, 12, 5, 
13350, 133500, -43.117, 49.344,  2.458, 14689, 12, 4, 
13400, 134000, -43.735, 49.383,  2.429, 14690, 12, 4, 
13450, 134500, -44.161, 49.311,  2.456, 14691, 12, 4, 
13500, 135000, -44.637, 49.374,  2.465, 14691, 12, 4, 
13550, 135500, -45.158, 49.358,  2.466, 14692, 12, 4, 
13600, 136000, -45.776, 49.397,  2.449, 14693, 12, 4, 
13650, 136500, -46.110, 49.484,  2.480, 14693, 12, 4, 
13700, 137000, -46.632, 49.468,  2.475, 14694, 12, 4, 
13750, 137500, -47.108, 49.531,  2.472, 14694, 12, 4, 
13800, 138000, -47.584, 49.594,  2.477, 14695, 12, 4, 
13850, 138500, -48.060, 49.657,  2.483, 14696, 12, 4, 
13900, 139000, -48.774, 49.752,  2.476, 14697, 12, 4, 
13950, 139500, -49.250, 49.815,  2.491, 14697, 12, 4, 
14000, 140000, -49.630, 49.823,  2.474, 14698, 12, 4, 
14050, 140500, -50.106, 49.886,  2.463, 14698, 12, 4, 
14100, 141000, -50.627, 49.869,  2.463, 14699, 12, 4, 
14150, 141500, -51.103, 49.933,  2.436, 14700, 12, 4, 
14200, 142000, -51.625, 49.916,  2.476, 14700, 12, 5, 
14250, 142500, -51.959, 50.003,  2.485, 14701, 12, 4, 
14300, 143000, -52.531, 50.122,  2.534, 14701, 12, 4, 
14350, 143500, -53.007, 50.185,  2.494, 14702, 12, 4, 
14400, 144000, -53.483, 50.248,  2.422, 14703, 12, 4, 
14450, 144500, -53.959, 50.311,  2.488, 14703, 12, 5, 
14500, 145000, -54.435, 50.374,  2.495, 14704, 12, 2, 
14550, 145500, -54.865, 50.517,  2.513, 14705, 12, 5, 
14600, 146000, -55.341, 50.580,  2.603, 14705, 12, 5, 
14650, 146500, -55.771, 50.722,  2.672, 14706, 12, 5, 
14700, 147000, -56.247, 50.785,  2.682, 14706, 12, 5, 
14750, 147500, -56.723, 50.849,  2.681, 14707, 12, 5, 
14800, 148000, -57.153, 50.991,  2.665, 14708, 12, 5, 
14850, 148500, -57.533, 50.999,  2.670, 14708, 12, 5, 
14900, 149000, -58.105, 51.117,  2.661, 14709, 12, 5, 
14950, 149500, -58.631, 51.315,  2.636, 14710, 12, 5, 
15000, 150000, -59.011, 51.323,  2.620, 14710, 12, 5, 
15050, 150500, -59.537, 51.521,  2.658, 14711, 12, 5, 
15100, 151000, -59.968, 51.663,  2.607, 14711, 12, 5, 
15150, 151500, -60.494, 51.861,  2.533, 14712, 12, 5, 
15200, 152000, -60.970, 51.924,  2.572, 14713, 12, 5, 
15250, 152500, -61.496, 52.122,  2.619, 14713, 12, 5, 
15300, 153000, -61.926, 52.265,  2.590, 14714, 12, 5, 
15350, 153500, -62.452, 52.463,  2.639, 14715, 12, 5, 
15400, 154000, -62.882, 52.605,  2.571, 14715, 12, 5, 
15450, 154500, -63.216, 52.692,  2.593, 14716, 12, 5, 
15500, 155000, -63.839, 52.946,  2.583, 14717, 12, 5, 
15550, 155500, -64.365, 53.144,  2.545, 14717, 12, 5, 
15600, 156000, -64.653, 53.310,  2.530, 14718, 12, 5, 
15650, 156500, -65.179, 53.508,  2.543, 14718, 12, 5, 
15700, 157000, -65.609, 53.650,  2.539, 14719, 12, 5, 
15750, 157500, -66.039, 53.793,  2.544, 14720, 12, 5, 
15800, 158000, -66.662, 54.046,  2.537, 14720, 12, 5, 
15850, 158500, -67.092, 54.189,  2.559, 14721, 12, 5, 
15900, 159000, -67.522, 54.331,  2.547, 14722, 12, 5, 
15950, 159500, -67.952, 54.474,  2.554, 14722, 12, 5, 
16000, 160000, -68.382, 54.616,  2.557, 14723, 12, 5, 
16050, 160500, -68.858, 54.679,  2.549, 14723, 12, 5, 
16100, 161000, -69.384, 54.877,  2.570, 14724, 12, 5, 
16150, 161500, -69.860, 54.940,  2.546, 14725, 12, 5, 
16200, 162000, -70.245, 55.162,  2.482, 14725, 12, 5, 
16250, 162500, -70.817, 55.281,  2.492, 14726, 12, 5, 
16300, 163000, -71.293, 55.344,  2.492, 14727, 12, 5, 
16350, 163500, -71.677, 55.566,  2.460, 14727, 12, 5, 
16400, 164000, -72.203, 55.764,  2.458, 14728, 12, 5, 
16450, 164500, -72.683, 56.041,  2.451, 14729, 12, 5, 
16500, 165000, -73.068, 56.263,  2.455, 14729, 12, 5, 
16550, 165500, -73.452, 56.485,  2.479, 14730, 12, 5, 
16600, 166000, -73.932, 56.762,  2.565, 14731, 12, 5, 
16650, 166500, -74.271, 57.064,  2.595, 14731, 12, 5, 
16700, 167000, -74.847, 57.396,  2.596, 14732, 12, 5, 
16750, 167500, -75.328, 57.674,  2.574, 14733, 12, 5, 
16800, 168000, -75.808, 57.951,  2.634, 14733, 12, 5, 
16850, 168500, -76.238, 58.093,  2.649, 14734, 12, 5, 
16900, 169000, -76.815, 58.426,  2.614, 14735, 12, 5, 
16950, 169500, -77.103, 58.593,  2.614, 14735, 12, 5, 
17000, 170000, -77.725, 58.846,  2.700, 14736, 12, 5, 
17050, 170500, -78.109, 59.068,  2.732, 14737, 12, 5, 
17100, 171000, -78.494, 59.290,  2.702, 14737, 12, 5, 
17150, 171500, -78.924, 59.432,  2.713, 14738, 12, 5, 
17200, 172000, -79.404, 59.710,  2.732, 14739, 12, 5, 
17250, 172500, -79.738, 59.797,  2.790, 14739, 12, 5, 
17300, 173000, -80.360, 60.050,  2.566, 14740, 12, 4, 
17350, 173500, -80.841, 60.327,  2.598, 14741, 12, 4, 
17400, 174000, -81.367, 60.525,  2.539, 14741, 12, 4, 
17450, 174500, -81.847, 60.803,  2.635, 14742, 12, 4, 
17500, 175000, -82.277, 60.945,  2.593, 14743, 12, 4, 
17550, 175500, -82.662, 61.167,  2.574, 14743, 12, 4, 
17600, 176000, -83.142, 61.444,  2.561, 14744, 12, 4, 
17650, 176500, -83.668, 61.642,  2.634, 14745, 12, 4, 
17700, 177000, -84.149, 61.920,  2.692, 14745, 12, 4, 
17750, 177500, -84.533, 62.142,  2.642, 14746, 12, 4, 
17800, 178000, -85.059, 62.340,  2.572, 14747, 12, 4, 
17850, 178500, -85.443, 62.561,  2.587, 14747, 12, 4, 
17900, 179000, -85.924, 62.839,  2.697, 14748, 12, 4, 
17950, 179500, -86.308, 63.061,  2.685, 14748, 12, 4, 
18000, 180000, -86.692, 63.282,  2.733, 14749, 12, 4, 
18050, 180500, -87.077, 63.504,  2.693, 14750, 12, 4, 
18100, 181000, -87.461, 63.726,  2.709, 14750, 12, 4, 
18150, 181500, -87.987, 63.924,  2.727, 14751, 12, 4, 
18200, 182000, -88.467, 64.202,  2.769, 14752, 12, 4, 
18250, 182500, -88.756, 64.368,  2.791, 14752, 12, 5, 
18300, 183000, -89.236, 64.645,  2.796, 14753, 12, 4, 
18350, 183500, -89.666, 64.788,  2.819, 14753, 12, 4, 
18400, 184000, -90.146, 65.065,  2.846, 14754, 12, 5, 
18450, 184500, -90.531, 65.287,  2.856, 14755, 12, 4, 
18500, 185000, -90.915, 65.509,  2.871, 14755, 12, 4, 
18550, 185500, -91.492, 65.842,  2.913, 14756, 12, 5, 
18600, 186000, -91.826, 65.929,  2.897, 14757, 12, 5, 
18650, 186500, -92.306, 66.206,  2.926, 14757, 12, 5, 
18700, 187000, -92.832, 66.404,  2.951, 14758, 12, 5, 
18750, 187500, -93.216, 66.626,  2.932, 14759, 12, 5, 
18800, 188000, -93.647, 66.768,  2.953, 14759, 12, 5, 
18850, 188500, -94.127, 67.046,  2.923, 14760, 12, 5, 
18900, 189000, -94.511, 67.267,  2.962, 14760, 12, 5, 
18950, 189500, -94.941, 67.410,  2.965, 14761, 12, 5, 
19000, 190000, -95.422, 67.687,  2.955, 14762, 12, 5, 
19050, 190500, -95.898, 67.750,  2.944, 14762, 12, 5, 
19100, 191000, -96.520, 68.004,  2.973, 14763, 12, 5, 
19150, 191500, -97.092, 68.122,  2.965, 14764, 12, 5, 
19200, 192000, -97.426, 68.209,  2.890, 14764, 12, 5, 
19250, 192500, -97.998, 68.328,  2.866, 14765, 12, 5, 
19300, 193000, -98.378, 68.336,  2.858, 14766, 12, 5, 
19350, 193500, -98.950, 68.454,  2.916, 14766, 12, 5, 
19400, 194000, -99.426, 68.517,  2.881, 14767, 12, 5, 
19450, 194500, -99.902, 68.580,  2.916, 14767, 12, 5, 
19500, 195000, -100.378, 68.643,  2.959, 14768, 12, 5, 
19550, 195500, -100.900, 68.627,  2.940, 14769, 12, 5, 
19600, 196000, -101.421, 68.611,  2.927, 14769, 12, 5, 
19650, 196500, -101.943, 68.595,  2.919, 14770, 12, 5, 
19700, 197000, -102.465, 68.578,  2.884, 14771, 12, 5, 
19750, 197500, -102.941, 68.641,  2.873, 14771, 12, 5, 
19800, 198000, -103.321, 68.649,  2.891, 14772, 12, 5, 
19850, 198500, -103.746, 68.577,  2.912, 14772, 12, 5, 
19900, 199000, -104.268, 68.561,  2.879, 14773, 12, 5, 
19950, 199500, -104.694, 68.489,  2.902, 14774, 12, 5, 
20000, 200000, -105.312, 68.528,  2.812, 14774, 12, 5, 
20050, 200500, -105.783, 68.377,  2.830, 14775, 12, 5, 
20100, 201000, -106.163, 68.385,  2.863, 14776, 12, 5, 
20150, 201500, -106.589, 68.313,  2.842, 14776, 12, 5, 
20200, 202000, -107.157, 68.218,  2.879, 14777, 12, 5, 
20250, 202500, -107.582, 68.146,  2.898, 14777, 12, 5, 
20300, 203000, -107.958, 67.939,  2.890, 14778, 12, 5, 
20350, 203500, -108.525, 67.844,  2.885, 14779, 12, 5, 
20400, 204000, -108.997, 67.692,  2.870, 14779, 12, 5, 
20450, 204500, -109.468, 67.541,  2.810, 14780, 12, 5, 
20500, 205000, -109.990, 67.525,  2.865, 14781, 12, 5, 
20550, 205500, -110.462, 67.374,  2.939, 14781, 12, 5, 
20600, 206000, -110.933, 67.223,  2.912, 14782, 12, 5, 
20650, 206500, -111.451, 66.992,  2.878, 14783, 12, 5, 
20700, 207000, -111.922, 66.841,  2.869, 14783, 12, 5, 
20750, 207500, -112.298, 66.634,  2.911, 14784, 12, 5, 
20800, 208000, -112.673, 66.428,  2.927, 14784, 12, 5, 
20850, 208500, -113.049, 66.221,  2.900, 14785, 12, 2, 
20900, 209000, -113.566, 65.991,  2.922, 14786, 12, 5, 
20950, 209500, -113.942, 65.784,  2.944, 14786, 12, 5, 
21000, 210000, -114.317, 65.578,  2.948, 14787, 12, 5, 
21050, 210500, -114.880, 65.268,  2.945, 14787, 12, 5, 
21100, 211000, -115.301, 64.982,  2.923, 14788, 12, 5, 
21150, 211500, -115.581, 64.720,  2.947, 14789, 12, 5, 
21200, 212000, -116.002, 64.434,  2.949, 14789, 12, 5, 
21250, 212500, -116.424, 64.148,  2.954, 14790, 12, 5, 
21300, 213000, -116.703, 63.886,  2.949, 14790, 12, 5, 
21350, 213500, -117.124, 63.600,  2.941, 14791, 12, 5, 
21400, 214000, -117.495, 63.179,  2.973, 14792, 12, 5, 
21450, 214500, -117.917, 62.893,  2.988, 14792, 12, 5, 
21500, 215000, -118.288, 62.472,  2.993, 14793, 12, 5, 
21550, 215500, -118.659, 62.051,  3.063, 14794, 12, 5, 
21600, 216000, -118.888, 61.654,  3.081, 14794, 12, 5, 
21650, 216500, -119.213, 61.313,  3.094, 14795, 12, 5, 
21700, 217000, -119.488, 60.836,  3.035, 14796, 12, 5, 
21750, 217500, -119.671, 60.519,  3.050, 14796, 12, 5, 
21800, 218000, -120.038, 59.884,  3.048, 14797, 12, 5, 
21850, 218500, -120.267, 59.487,  3.049, 14798, 12, 5, 
21900, 219000, -120.496, 59.090,  3.050, 14798, 12, 5, 
21950, 219500, -120.630, 58.638,  3.084, 14799, 12, 5, 
22000, 220000, -120.905, 58.161,  3.089, 14800, 12, 5, 
22050, 220500, -121.134, 57.764,  3.120, 14800, 12, 5, 
22100, 221000, -121.363, 57.367,  3.124, 14801, 12, 5, 
22150, 221500, -121.638, 56.891,  3.127, 14802, 12, 5, 
22200, 222000, -121.867, 56.494,  3.130, 14802, 12, 5, 
22250, 222500, -122.238, 56.073,  3.180, 14803, 12, 5, 
22300, 223000, -122.513, 55.597,  3.187, 14804, 12, 5, 
22350, 223500, -122.930, 55.097,  3.174, 14804, 12, 5, 
22400, 224000, -123.159, 54.700,  3.192, 14805, 12, 5, 
22450, 224500, -123.388, 54.303,  3.187, 14806, 12, 5, 
22500, 225000, -123.572, 53.985,  3.199, 14806, 12, 5, 
22550, 225500, -123.801, 53.589,  3.222, 14807, 12, 5, 
22600, 226000, -123.980, 53.057,  3.222, 14807, 12, 5, 
22650, 226500, -124.209, 52.660,  3.262, 14808, 12, 5, 
22700, 227000, -124.438, 52.263,  3.286, 14809, 12, 5, 
22750, 227500, -124.667, 51.866,  3.286, 14809, 12, 5, 
22800, 228000, -124.896, 51.469,  3.286, 14810, 12, 5, 
22850, 228500, -125.267, 51.048,  3.311, 14811, 12, 5, 
22900, 229000, -125.542, 50.572,  3.323, 14811, 12, 5, 
22950, 229500, -125.726, 50.254,  3.346, 14812, 12, 5, 
23000, 230000, -125.859, 49.802,  3.365, 14812, 12, 5, 
23050, 230500, -126.134, 49.326,  3.396, 14813, 12, 5, 
23100, 231000, -126.317, 49.008,  3.411, 14814, 12, 5, 
23150, 231500, -126.592, 48.532,  3.431, 14814, 12, 5, 
23200, 232000, -126.867, 48.056,  3.421, 14815, 12, 5, 
23250, 232500, -126.954, 47.683,  3.425, 14815, 12, 5, 
23300, 233000, -127.229, 47.206,  3.446, 14816, 12, 5, 
23350, 233500, -127.362, 46.754,  3.444, 14817, 12, 5, 
23400, 234000, -127.592, 46.357,  3.472, 14817, 12, 5, 
23450, 234500, -127.867, 45.881,  3.499, 14818, 12, 5, 
23500, 235000, -127.954, 45.508,  3.517, 14819, 12, 5, 
23550, 235500, -128.229, 45.031,  3.560, 14819, 12, 5, 
23600, 236000, -128.458, 44.634,  3.567, 14820, 12, 5, 
23650, 236500, -128.687, 44.237,  3.572, 14820, 12, 5, 
23700, 237000, -128.916, 43.841,  3.575, 14821, 12, 5, 
23750, 237500, -129.191, 43.364,  3.609, 14822, 12, 5, 
23800, 238000, -129.466, 42.888,  3.685, 14823, 12, 5, 
23850, 238500, -129.741, 42.412,  3.687, 14823, 12, 5, 
23900, 239000, -130.067, 42.070,  3.676, 14824, 12, 5, 
23950, 239500, -130.342, 41.594,  3.621, 14824, 12, 5, 
24000, 240000, -130.571, 41.197,  3.618, 14825, 12, 5, 
24050, 240500, -130.800, 40.800,  3.592, 14826, 12, 5, 
24100, 241000, -131.121, 40.244,  3.596, 14826, 12, 5, 
24150, 241500, -131.350, 39.847,  3.612, 14827, 12, 5, 
24200, 242000, -131.579, 39.450,  3.600, 14828, 12, 5, 
24250, 242500, -131.808, 39.054,  3.595, 14828, 12, 5, 
24300, 243000, -132.037, 38.657,  3.597, 14829, 12, 5, 
24350, 243500, -132.358, 38.101,  3.592, 14830, 12, 5, 
24400, 244000, -132.537, 37.569,  3.587, 14830, 12, 5, 
24450, 244500, -132.720, 37.252,  3.570, 14831, 12, 5, 
24500, 245000, -132.995, 36.775,  3.593, 14831, 12, 5, 
24550, 245500, -133.270, 36.299,  3.588, 14832, 12, 5, 
24600, 246000, -133.404, 35.847,  3.553, 14833, 12, 5, 
24650, 246500, -133.633, 35.450,  3.547, 14833, 12, 5, 
24700, 247000, -133.953, 34.894,  3.546, 14834, 12, 5, 
24750, 247500, -134.279, 34.553,  3.540, 14835, 12, 5, 
24800, 248000, -134.554, 34.076,  3.520, 14835, 12, 5, 
24850, 248500, -134.783, 33.679,  3.502, 14836, 12, 5, 
24900, 249000, -135.108, 33.338,  3.508, 14837, 12, 5, 
24950, 249500, -135.383, 32.862,  3.505, 14837, 12, 5, 
25000, 250000, -135.708, 32.520,  3.506, 14838, 12, 5, 
25050, 250500, -135.983, 32.044,  3.487, 14839, 12, 5, 
25100, 251000, -136.162, 31.512,  3.477, 14839, 12, 5, 
25150, 251500, -136.437, 31.036,  3.464, 14840, 12, 5, 
25200, 252000, -136.621, 30.718,  3.450, 14840, 12, 5, 
25250, 252500, -136.799, 30.186,  3.446, 14841, 12, 5, 
25300, 253000, -136.933, 29.734,  3.442, 14842, 12, 5, 
25350, 253500, -137.066, 29.282,  3.426, 14842, 12, 5, 
25400, 254000, -137.245, 28.750,  3.432, 14843, 12, 5, 
25450, 254500, -137.424, 28.218,  3.348, 14844, 12, 5, 
25500, 255000, -137.653, 27.821,  3.334, 14844, 12, 5, 
25550, 255500, -137.832, 27.289,  3.359, 14845, 12, 5, 
25600, 256000, -137.965, 26.837,  3.343, 14846, 12, 5, 
25650, 256500, -138.098, 26.385,  3.322, 14846, 12, 5, 
25700, 257000, -138.181, 25.797,  3.291, 14847, 12, 5, 
25750, 257500, -138.314, 25.345,  3.293, 14848, 12, 5, 
25800, 258000, -138.447, 24.893,  3.276, 14848, 12, 5, 
25850, 258500, -138.434, 24.250,  3.237, 14849, 12, 5, 
25900, 259000, -138.471, 23.742,  3.219, 14850, 12, 5, 
25950, 259500, -138.462, 23.314,  3.239, 14850, 12, 5, 
26000, 260000, -138.407, 22.965,  3.201, 14851, 12, 5, 
26050, 260500, -138.490, 22.377,  3.209, 14852, 12, 5, 
26100, 261000, -138.577, 22.004,  3.264, 14852, 12, 5, 
26150, 261500, -138.660, 21.417,  3.237, 14853, 12, 5, 
26200, 262000, -138.697, 20.909,  3.267, 14853, 12, 5, 
26250, 262500, -138.738, 20.616,  3.245, 14854, 12, 5, 
26300, 263000, -138.634, 20.132,  3.269, 14854, 12, 5, 
26350, 263500, -138.382, 19.457,  3.279, 14855, 12, 5, 
26400, 264000, -138.328, 19.108,  3.289, 14856, 12, 5, 
26450, 264500, -138.223, 18.624,  3.236, 14856, 12, 5, 
26500, 265000, -138.118, 18.140,  3.221, 14857, 12, 5, 
26550, 265500, -138.063, 17.791,  3.210, 14858, 12, 5, 
26600, 266000, -137.958, 17.307,  3.242, 14858, 12, 5, 
26650, 266500, -137.803, 16.689,  3.173, 14859, 12, 5, 
26700, 267000, -137.794, 16.260,  3.147, 14860, 12, 5, 
26750, 267500, -137.594, 15.721,  3.111, 14860, 12, 5, 
26800, 268000, -137.489, 15.237,  3.078, 14861, 12, 5, 
26850, 268500, -137.338, 14.832,  3.054, 14861, 12, 5, 
26900, 269000, -137.329, 14.404,  3.035, 14862, 12, 5, 
26950, 269500, -137.174, 13.785,  2.943, 14863, 12, 5, 
27000, 270000, -137.023, 13.380,  2.955, 14863, 12, 5, 
27050, 270500, -136.868, 12.762,  2.997, 14864, 12, 5, 
27100, 271000, -136.667, 12.222,  3.051, 14865, 12, 5, 
27150, 271500, -136.516, 11.818,  3.097, 14865, 12, 5, 
27200, 272000, -136.361, 11.199,  3.122, 14866, 12, 5, 
27250, 272500, -136.211, 10.794,  3.081, 14867, 12, 5, 
27300, 273000, -136.060, 10.390,  3.058, 14867, 12, 5, 
27350, 273500, -135.905,  9.771,  3.070, 14868, 12, 5, 
27400, 274000, -135.658,  9.311,  3.029, 14869, 12, 5, 
27450, 274500, -135.553,  8.827,  3.082, 14869, 12, 5, 
27500, 275000, -135.402,  8.422,  3.063, 14870, 12, 5, 
27550, 275500, -135.297,  7.939,  3.019, 14871, 12, 5, 
27600, 276000, -135.193,  7.455,  3.022, 14871, 12, 5, 
27650, 276500, -135.042,  7.050,  2.989, 14872, 12, 5, 
27700, 277000, -134.887,  6.431,  2.981, 14873, 12, 5, 
27750, 277500, -134.832,  6.082,  2.959, 14873, 12, 5, 
27800, 278000, -134.631,  5.543,  2.939, 14874, 12, 5, 
27850, 278500, -134.618,  4.900,  2.930, 14875, 12, 5, 
27900, 279000, -134.467,  4.496,  2.905, 14875, 12, 2, 
27950, 279500, -134.362,  4.012,  2.926, 14876, 12, 5, 
28000, 280000, -134.353,  3.583,  2.898, 14876, 12, 5, 
28050, 280500, -134.249,  3.099,  2.849, 14877, 12, 5, 
28100, 281000, -134.189,  2.536,  2.879, 14878, 12, 5, 
28150, 281500, -134.130,  1.973,  2.915, 14878, 12, 5, 
28200, 282000, -134.122,  1.544,  2.944, 14879, 12, 5, 
28250, 282500, -134.017,  1.060,  2.867, 14879, 12, 5, 
28300, 283000, -133.912,  0.576,  2.852, 14880, 12, 2, 
28350, 283500, -133.807,  0.092,  2.778, 14881, 12, 5, 
28400, 284000, -133.748, -0.471,  2.689, 14881, 12, 5, 
28450, 284500, -133.689, -1.034,  2.692, 14882, 12, 5, 
28500, 285000, -133.680, -1.463,  2.641, 14883, 12, 5, 
28550, 285500, -133.621, -2.026,  2.674, 14883, 12, 5, 
28600, 286000, -133.612, -2.455,  2.712, 14884, 12, 5, 
28650, 286500, -133.603, -2.883,  2.700, 14885, 12, 5, 
28700, 287000, -133.590, -3.526,  2.694, 14885, 12, 5, 
28750, 287500, -133.627, -4.034,  2.689, 14886, 12, 5, 
28800, 288000, -133.522, -4.518,  2.662, 14887, 12, 5, 
28850, 288500, -133.605, -5.105,  2.603, 14887, 12, 5, 
28900, 289000, -133.596, -5.533,  2.558, 14888, 12, 5, 
28950, 289500, -133.683, -5.906,  2.502, 14888, 12, 5, 
29000, 290000, -133.675, -6.335,  2.450, 14889, 12, 5, 
29050, 290500, -133.757, -6.922,  2.434, 14890, 12, 5, 
29100, 291000, -133.891, -7.374,  2.378, 14890, 12, 5, 
29150, 291500, -134.019, -8.041,  2.348, 14891, 12, 2, 
29200, 292000, -134.152, -8.493,  2.311, 14892, 12, 5, 
29250, 292500, -134.189, -9.001,  2.304, 14892, 12, 5, 
29300, 293000, -134.368, -9.533,  2.260, 14893, 12, 2, 
29350, 293500, -134.501, -9.985,  2.188, 14894, 12, 5, 
29400, 294000, -134.634, -10.438,  2.144, 14894, 12, 5, 
29450, 294500, -134.768, -10.890,  2.105, 14895, 12, 5, 
29500, 295000, -134.855, -11.263,  2.057, 14895, 12, 5, 
29550, 295500, -134.942, -11.636,  2.099, 14896, 12, 5, 
29600, 296000, -135.029, -12.009,  2.137, 14897, 12, 5, 
29650, 296500, -135.208, -12.541,  2.126, 14897, 12, 5, 
29700, 297000, -135.245, -13.049,  2.128, 14898, 12, 5, 
29750, 297500, -135.378, -13.501,  2.187, 14898, 12, 5, 
29800, 298000, -135.557, -14.033,  2.187, 14899, 12, 5, 
29850, 298500, -135.736, -14.565,  2.258, 14900, 12, 5, 
29900, 299000, -135.823, -14.938,  2.272, 14900, 12, 5, 
29950, 299500, -135.956, -15.390,  2.325, 14901, 12, 5, 
30000, 300000, -136.044, -15.763,  2.296, 14902, 12, 5, 
30050, 300500, -136.177, -16.216,  2.302, 14902, 12, 5, 
30100, 301000, -136.402, -16.827,  2.295, 14903, 12, 5, 
30150, 301500, -136.393, -17.255,  2.227, 14903, 12, 5, 
30200, 302000, -136.572, -17.787,  2.184, 14904, 12, 5, 
30250, 302500, -136.655, -18.374,  2.241, 14905, 12, 5, 
30300, 303000, -136.646, -18.803,  2.208, 14905, 12, 5, 
30350, 303500, -136.774, -19.469,  2.150, 14906, 12, 5, 
30400, 304000, -136.669, -19.953,  2.128, 14907, 12, 5, 
30450, 304500, -136.661, -20.382,  2.126, 14907, 12, 5, 
30500, 305000, -136.647, -21.024,  2.112, 14908, 12, 5, 
30550, 305500, -136.639, -21.453,  2.095, 14909, 12, 5, 
30600, 306000, -136.534, -21.937,  2.124, 14909, 12, 5, 
30650, 306500, -136.525, -22.365,  2.144, 14910, 12, 5, 
30700, 307000, -136.562, -22.873,  2.138, 14911, 12, 5, 
30750, 307500, -136.457, -23.357,  2.110, 14911, 12, 5, 
30800, 308000, -136.448, -23.786,  2.154, 14912, 12, 5, 
30850, 308500, -136.389, -24.349,  2.131, 14913, 12, 5, 
30900, 309000, -136.284, -24.833,  2.099, 14913, 12, 5, 
30950, 309500, -136.225, -25.396,  2.113, 14914, 12, 5, 
31000, 310000, -136.120, -25.880,  2.104, 14914, 12, 5, 
31050, 310500, -136.157, -26.388,  2.110, 14915, 12, 5, 
31100, 311000, -136.052, -26.872,  2.108, 14916, 12, 5, 
31150, 311500, -135.902, -27.276,  2.068, 14916, 12, 5, 
31200, 312000, -135.893, -27.705,  2.075, 14917, 12, 5, 
31250, 312500, -135.788, -28.189,  2.082, 14918, 12, 5, 
31300, 313000, -135.683, -28.673,  2.075, 14918, 12, 5, 
31350, 313500, -135.532, -29.077,  2.091, 14919, 12, 5, 
31400, 314000, -135.377, -29.696,  2.083, 14919, 12, 5, 
31450, 314500, -135.318, -30.259,  2.071, 14920, 12, 5, 
31500, 315000, -135.167, -30.664,  2.101, 14921, 12, 5, 
31550, 315500, -135.063, -31.148,  2.099, 14921, 12, 5, 
31600, 316000, -135.003, -31.711,  2.093, 14922, 12, 5, 
31650, 316500, -134.995, -32.140,  2.108, 14923, 12, 5, 
31700, 317000, -134.936, -32.703,  2.084, 14923, 12, 5, 
31750, 317500, -134.927, -33.131,  2.079, 14924, 12, 5, 
31800, 318000, -134.918, -33.560,  2.072, 14924, 12, 5, 
31850, 318500, -134.859, -34.123,  2.042, 14925, 12, 5, 
31900, 319000, -134.850, -34.552,  2.054, 14926, 12, 5, 
31950, 319500, -134.887, -35.060,  2.071, 14926, 12, 5, 
32000, 320000, -134.828, -35.623,  2.090, 14927, 12, 5, 
32050, 320500, -134.815, -36.266,  2.082, 14928, 12, 5, 
32100, 321000, -134.852, -36.773,  2.046, 14929, 12, 5, 
32150, 321500, -134.843, -37.202,  2.061, 14929, 12, 5, 
32200, 322000, -134.784, -37.765,  2.055, 14930, 12, 5, 
32250, 322500, -134.821, -38.273,  1.953, 14930, 12, 5, 
32300, 323000, -135.000, -38.805,  1.901, 14931, 12, 5, 
32350, 323500, -135.083, -39.392,  1.883, 14932, 12, 5, 
32400, 324000, -135.262, -39.924,  1.908, 14933, 12, 5, 
32450, 324500, -135.395, -40.376,  1.866, 14933, 12, 5, 
32500, 325000, -135.528, -40.829,  1.839, 14934, 12, 5, 
32550, 325500, -135.661, -41.281,  1.802, 14934, 12, 5, 
32600, 326000, -135.794, -41.733,  1.795, 14935, 12, 5, 
32650, 326500, -135.973, -42.265,  1.806, 14936, 12, 5, 
32700, 327000, -136.156, -42.583,  1.804, 14936, 12, 5, 
32750, 327500, -136.289, -43.035,  1.764, 14937, 12, 5, 
32800, 328000, -136.514, -43.646,  1.756, 14938, 12, 5, 
32850, 328500, -136.601, -44.019,  1.736, 14938, 12, 5, 
32900, 329000, -136.638, -44.527,  1.717, 14939, 12, 5, 
32950, 329500, -136.863, -45.138,  1.668, 14940, 12, 5, 
33000, 330000, -136.946, -45.726,  1.628, 14940, 12, 5, 
33050, 330500, -137.171, -46.337,  1.560, 14941, 12, 5, 
33100, 331000, -137.162, -46.765,  1.531, 14942, 12, 5, 
33150, 331500, -137.299, -47.003,  1.537, 14942, 12, 5, 
33200, 332000, -137.382, -47.591,  1.520, 14943, 12, 2, 
33250, 332500, -137.511, -48.257,  1.506, 14944, 12, 5, 
33300, 333000, -137.598, -48.630,  1.465, 14944, 12, 5, 
33350, 333500, -137.727, -49.297,  1.511, 14945, 12, 5, 
33400, 334000, -137.956, -49.694,  1.489, 14946, 12, 5, 
33450, 334500, -138.089, -50.146,  1.478, 14946, 12, 5, 
33500, 335000, -138.172, -50.733,  1.506, 14947, 12, 5, 
33550, 335500, -138.351, -51.265,  1.517, 14948, 12, 5, 
33600, 336000, -138.342, -51.694,  1.533, 14948, 12, 5, 
33650, 336500, -138.333, -52.122,  1.499, 14949, 12, 5, 
33700, 337000, -138.370, -52.630,  1.501, 14949, 12, 5, 
33750, 337500, -138.265, -53.114,  1.501, 14950, 12, 5, 
33800, 338000, -138.206, -53.677,  1.496, 14951, 12, 5, 
33850, 338500, -138.101, -54.161,  1.500, 14951, 12, 5, 
33900, 339000, -138.092, -54.590,  1.501, 14952, 12, 5, 
33950, 339500, -137.942, -54.994,  1.498, 14953, 12, 5, 
34000, 340000, -137.837, -55.478,  1.506, 14953, 12, 5, 
34050, 340500, -137.732, -55.962,  1.518, 14954, 12, 5, 
34100, 341000, -137.485, -56.422,  1.520, 14955, 12, 5, 
34150, 341500, -137.238, -56.882,  1.517, 14955, 12, 5, 
34200, 342000, -136.992, -57.342,  1.520, 14956, 12, 5, 
34250, 342500, -136.745, -57.802,  1.543, 14956, 12, 5, 
34300, 343000, -136.452, -58.183,  1.535, 14957, 12, 5, 
34350, 343500, -136.159, -58.563,  1.552, 14958, 12, 5, 
34400, 344000, -135.771, -58.999,  1.562, 14958, 12, 5, 
34450, 344500, -135.478, -59.380,  1.567, 14959, 12, 5, 
34500, 345000, -135.236, -59.626,  1.566, 14960, 12, 5, 
34550, 345500, -134.801, -59.983,  1.557, 14960, 12, 5, 
34600, 346000, -134.463, -60.284,  1.557, 14961, 12, 5, 
34650, 346500, -134.124, -60.585,  1.568, 14961, 12, 5, 
34700, 347000, -133.644, -60.862,  1.573, 14962, 12, 5, 
34750, 347500, -133.260, -61.084,  1.588, 14963, 12, 5, 
34800, 348000, -132.733, -61.282,  1.601, 14963, 12, 5, 
34850, 348500, -132.253, -61.560,  1.607, 14964, 12, 5, 
34900, 349000, -131.965, -61.726,  1.624, 14965, 12, 5, 
34950, 349500, -131.581, -61.948,  1.630, 14965, 12, 5, 
35000, 350000, -131.054, -62.146,  1.664, 14966, 12, 5, 
35050, 350500, -130.624, -62.288,  1.702, 14966, 12, 5, 
35100, 351000, -130.194, -62.431,  1.705, 14967, 12, 5, 
35150, 351500, -129.860, -62.518,  1.695, 14968, 12, 5, 
35200, 352000, -129.430, -62.660,  1.684, 14968, 12, 5, 
35250, 352500, -128.954, -62.723,  1.668, 14969, 12, 5, 
35300, 353000, -128.524, -62.866,  1.641, 14970, 12, 5, 
35350, 353500, -128.048, -62.929,  1.610, 14970, 12, 5, 
35400, 354000, -127.572, -62.992,  1.591, 14971, 12, 5, 
35450, 354500, -127.096, -63.055,  1.576, 14972, 12, 5, 
35500, 355000, -126.570, -63.253,  1.589, 14972, 12, 5, 
35550, 355500, -126.094, -63.316,  1.604, 14973, 12, 5, 
35600, 356000, -125.664, -63.459,  1.605, 14973, 12, 5, 
35650, 356500, -125.188, -63.522,  1.585, 14974, 12, 5, 
35700, 357000, -124.616, -63.640,  1.595, 14975, 12, 5, 
35750, 357500, -124.090, -63.838,  1.598, 14975, 12, 5, 
35800, 358000, -123.614, -63.901,  1.619, 14976, 12, 5, 
35850, 358500, -123.042, -64.020,  1.621, 14977, 12, 5, 
35900, 359000, -122.611, -64.162,  1.616, 14977, 12, 5, 
35950, 359500, -122.039, -64.281,  1.606, 14978, 12, 5, 
36000, 360000, -121.660, -64.289,  1.612, 14979, 12, 5, 
36050, 360500, -121.184, -64.352,  1.658, 14979, 12, 5, 
36100, 361000, -120.708, -64.415,  1.712, 14980, 12, 5, 
36150, 361500, -120.278, -64.557,  1.751, 14980, 12, 5, 
36200, 362000, -119.751, -64.755,  1.799, 14981, 12, 5, 
36250, 362500, -119.275, -64.818,  1.820, 14982, 12, 5, 
36300, 363000, -118.941, -64.905,  1.856, 14982, 12, 5, 
36350, 363500, -118.369, -65.024,  1.889, 14983, 12, 5, 
36400, 364000, -117.939, -65.166,  1.942, 14984, 12, 5, 
36450, 364500, -117.509, -65.309,  1.973, 14984, 12, 5, 
36500, 365000, -117.033, -65.372,  2.007, 14985, 12, 5, 
36550, 365500, -116.461, -65.490,  2.080, 14986, 12, 5, 
36600, 366000, -116.031, -65.633,  2.139, 14986, 12, 5, 
36650, 366500, -115.555, -65.696,  2.188, 14987, 12, 5, 
36700, 367000, -114.983, -65.815,  2.238, 14987, 12, 5, 
36750, 367500, -114.649, -65.902,  2.295, 14988, 12, 5, 
36800, 368000, -114.173, -65.965,  2.349, 14989, 12, 5, 
36850, 368500, -113.743, -66.107,  2.394, 14989, 12, 5, 
36900, 369000, -113.313, -66.250,  2.370, 14990, 12, 5, 
36950, 369500, -112.741, -66.368,  2.366, 14990, 12, 5, 
37000, 370000, -112.311, -66.511,  2.350, 14991, 12, 5, 
37050, 370500, -111.739, -66.629,  2.355, 14992, 12, 5, 
37100, 371000, -111.308, -66.772,  2.337, 14992, 12, 5, 
37150, 371500, -110.782, -66.970,  2.313, 14993, 12, 5, 
37200, 372000, -110.544, -67.001,  2.353, 14994, 12, 5, 
37250, 372500, -110.068, -67.064,  2.388, 14994, 12, 5, 
37300, 373000, -109.446, -67.318,  2.386, 14995, 12, 5, 
37350, 373500, -109.112, -67.405,  2.388, 14995, 12, 5, 
37400, 374000, -108.540, -67.523,  2.389, 14996, 12, 5, 
37450, 374500, -108.206, -67.610,  2.387, 14997, 12, 5, 
37500, 375000, -107.776, -67.753,  2.403, 14997, 12, 5, 
37550, 375500, -107.300, -67.816,  2.422, 14998, 12, 5, 
37600, 376000, -106.870, -67.958,  2.441, 14999, 12, 5, 
37650, 376500, -106.440, -68.101,  2.458, 14999, 12, 5, 
37700, 377000, -106.010, -68.243,  2.526, 15000, 12, 5, 
37750, 377500, -105.534, -68.306,  2.565, 15000, 12, 5, 
37800, 378000, -105.103, -68.449,  2.598, 15001, 12, 5, 
37850, 378500, -104.531, -68.567,  2.614, 15002, 12, 5, 
37900, 379000, -104.197, -68.655,  2.641, 15002, 12, 5, 
37950, 379500, -103.767, -68.797,  2.699, 15003, 12, 5, 
38000, 380000, -103.291, -68.860,  2.716, 15003, 12, 5, 
38050, 380500, -102.765, -69.058,  2.760, 15004, 12, 5, 
38100, 381000, -102.289, -69.121,  2.758, 15005, 12, 5, 
38150, 381500, -101.667, -69.375,  2.748, 15005, 12, 5, 
38200, 382000, -101.191, -69.438,  2.736, 15006, 12, 5, 
38250, 382500, -100.761, -69.580,  2.753, 15007, 12, 5, 
38300, 383000, -100.093, -69.754,  2.757, 15007, 12, 5, 
38350, 383500, -99.663, -69.897,  2.783, 15008, 12, 5, 
38400, 384000, -99.232, -70.039,  2.820, 15009, 12, 5, 
38450, 384500, -98.757, -70.102,  2.877, 15009, 12, 5, 
38500, 385000, -98.326, -70.245,  2.899, 15010, 12, 5, 
38550, 385500, -97.754, -70.363,  2.964, 15011, 12, 5, 
38600, 386000, -97.182, -70.482,  3.000, 15011, 12, 5, 
38650, 386500, -96.752, -70.624,  3.024, 15012, 12, 5, 
38700, 387000, -96.322, -70.767,  3.085, 15013, 12, 5, 
38750, 387500, -95.750, -70.885,  3.127, 15013, 12, 5, 
38800, 388000, -95.320, -71.028,  3.157, 15014, 12, 5, 
38850, 388500, -94.748, -71.146,  3.193, 15015, 12, 5, 
38900, 389000, -94.414, -71.233,  3.237, 15015, 12, 5, 
38950, 389500, -93.842, -71.352,  3.272, 15016, 12, 5, 
39000, 390000, -93.508, -71.439,  3.325, 15017, 12, 5, 
39050, 390500, -92.936, -71.558,  3.371, 15017, 12, 5, 
39100, 391000, -92.602, -71.645,  3.381, 15018, 12, 5, 
39150, 391500, -92.076, -71.842,  3.421, 15018, 12, 5, 
39200, 392000, -91.504, -71.961,  3.458, 15019, 12, 5, 
39250, 392500, -91.169, -72.048,  3.494, 15020, 12, 5, 
39300, 393000, -90.597, -72.167,  3.517, 15020, 12, 5, 
39350, 393500, -90.121, -72.230,  3.531, 15021, 12, 5, 
39400, 394000, -89.691, -72.372,  3.494, 15022, 12, 5, 
39450, 394500, -89.119, -72.491,  3.489, 15022, 12, 5, 
39500, 395000, -88.689, -72.633,  3.470, 15023, 12, 5, 
39550, 395500, -88.355, -72.720,  3.484, 15023, 12, 5, 
39600, 396000, -87.879, -72.783,  3.493, 15024, 12, 5, 
39650, 396500, -87.403, -72.846,  3.491, 15025, 12, 5, 
39700, 397000, -86.927, -72.910,  3.490, 15025, 12, 5, 
39750, 397500, -86.497, -73.052,  3.498, 15026, 12, 5, 
39800, 398000, -85.925, -73.171,  3.514, 15026, 12, 5, 
39850, 398500, -85.449, -73.234,  3.524, 15027, 12, 5, 
39900, 399000, -85.115, -73.321,  3.527, 15028, 12, 5, 
39950, 399500, -84.593, -73.304,  3.543, 15028, 12, 5, 
40000, 400000, -84.021, -73.423,  3.543, 15029, 12, 5, 
40050, 400500, -83.641, -73.431,  3.562, 15029, 12, 5, 
40100, 401000, -83.120, -73.414,  3.581, 15030, 12, 5, 
40150, 401500, -82.598, -73.398,  3.572, 15031, 12, 5, 
40200, 402000, -82.172, -73.326,  3.601, 15031, 12, 5, 
40250, 402500, -81.650, -73.310,  3.605, 15032, 12, 5, 
40300, 403000, -81.321, -73.183,  3.648, 15033, 12, 5, 
40350, 403500, -80.799, -73.167,  3.653, 15033, 12, 5, 
40400, 404000, -80.373, -73.095,  3.650, 15034, 12, 5, 
40450, 404500, -79.856, -72.864,  3.707, 15034, 12, 5, 
40500, 405000, -79.430, -72.792,  3.727, 15035, 12, 5, 
40550, 405500, -78.959, -72.641,  3.725, 15036, 12, 5, 
40600, 406000, -78.583, -72.435,  3.761, 15036, 12, 5, 
40650, 406500, -78.208, -72.228,  3.819, 15037, 12, 5, 
40700, 407000, -77.786, -71.942,  3.845, 15037, 12, 5, 
40750, 407500, -77.269, -71.712,  3.830, 15038, 12, 5, 
40800, 408000, -76.944, -71.370,  3.878, 15039, 12, 5, 
40850, 408500, -76.522, -71.084,  3.891, 15039, 12, 5, 
40900, 409000, -76.147, -70.878,  3.935, 15040, 12, 5, 
40950, 409500, -75.726, -70.592,  3.941, 15041, 12, 5, 
41000, 410000, -75.304, -70.306,  3.983, 15041, 12, 5, 
41050, 410500, -74.833, -70.154,  4.023, 15042, 12, 5, 
41100, 411000, -74.174, -69.900,  4.070, 15043, 12, 5, 
41150, 411500, -73.656, -69.670,  4.069, 15043, 12, 5, 
41200, 412000, -73.043, -69.494,  4.054, 15044, 12, 5, 
41250, 412500, -72.713, -69.367,  4.030, 15045, 12, 5, 
41300, 413000, -72.242, -69.216,  4.024, 15045, 12, 5, 
41350, 413500, -71.724, -68.986,  4.027, 15046, 12, 5, 
41400, 414000, -71.395, -68.858,  4.024, 15046, 12, 5, 
41450, 414500, -70.781, -68.683,  4.016, 15047, 12, 5, 
41500, 415000, -70.264, -68.453,  4.014, 15048, 12, 5, 
41550, 415500, -69.838, -68.381,  4.013, 15049, 12, 5, 
41600, 416000, -69.463, -68.174,  4.004, 15049, 12, 5, 
41650, 416500, -68.945, -67.944,  4.018, 15050, 12, 5, 
41700, 417000, -68.474, -67.793,  4.016, 15050, 12, 5, 
41750, 417500, -68.002, -67.642,  4.023, 15051, 12, 5, 
41800, 418000, -67.627, -67.435,  4.013, 15052, 12, 5, 
41850, 418500, -67.109, -67.205,  4.003, 15052, 12, 5, 
41900, 419000, -66.688, -66.919,  3.989, 15053, 12, 5, 
41950, 419500, -66.171, -66.688,  3.988, 15054, 12, 5, 
42000, 420000, -65.795, -66.481,  3.982, 15054, 12, 5, 
42050, 420500, -65.374, -66.195,  3.974, 15055, 12, 5, 
42100, 421000, -64.953, -65.909,  3.964, 15056, 12, 5, 
42150, 421500, -64.577, -65.703,  3.962, 15056, 12, 5, 
42200, 422000, -64.156, -65.417,  3.979, 15057, 12, 5, 
42250, 422500, -63.734, -65.131,  3.984, 15057, 12, 5, 
42300, 423000, -63.359, -64.924,  3.977, 15058, 12, 5, 
42350, 423500, -62.938, -64.638,  3.985, 15059, 12, 5, 
42400, 424000, -62.420, -64.408,  3.977, 15059, 12, 5, 
42450, 424500, -62.045, -64.201,  3.985, 15060, 12, 5, 
42500, 425000, -61.624, -63.915,  4.009, 15061, 12, 5, 
42550, 425500, -61.202, -63.629,  4.009, 15061, 12, 5, 
42600, 426000, -60.781, -63.343,  3.980, 15062, 12, 5, 
42650, 426500, -60.405, -63.137,  3.980, 15062, 12, 5, 
42700, 427000, -59.984, -62.851,  3.983, 15063, 12, 5, 
42750, 427500, -59.609, -62.644,  3.981, 15064, 12, 5, 
42800, 428000, -59.187, -62.358,  3.976, 15064, 12, 5, 
42850, 428500, -58.766, -62.072,  3.975, 15065, 12, 5, 
42900, 429000, -58.345, -61.786,  3.967, 15065, 12, 5, 
42950, 429500, -57.827, -61.556,  3.947, 15066, 12, 5, 
43000, 430000, -57.594, -61.373,  3.932, 15067, 12, 5, 
43050, 430500, -57.076, -61.142,  3.919, 15067, 12, 5, 
43100, 431000, -56.843, -60.960,  3.902, 15068, 12, 5, 
43150, 431500, -56.138, -60.626,  3.878, 15069, 12, 5, 
43200, 432000, -55.808, -60.499,  3.872, 15069, 12, 5, 
43250, 432500, -55.433, -60.292,  3.862, 15070, 12, 5, 
43300, 433000, -55.011, -60.006,  3.865, 15070, 12, 5, 
43350, 433500, -54.636, -59.799,  3.865, 15071, 12, 5, 
43400, 434000, -54.260, -59.593,  3.864, 15071, 12, 5, 
43450, 434500, -53.839, -59.307,  3.862, 15072, 12, 5, 
43500, 435000, -53.560, -59.045,  3.846, 15073, 12, 5, 
43550, 435500, -52.951, -58.656,  3.833, 15073, 12, 5, 
43600, 436000, -52.529, -58.370,  3.813, 15074, 12, 5, 
43650, 436500, -52.154, -58.163,  3.815, 15075, 12, 5, 
43700, 437000, -51.687, -57.798,  3.801, 15075, 12, 5, 
43750, 437500, -51.266, -57.512,  3.791, 15076, 12, 5, 
43800, 438000, -50.844, -57.226,  3.784, 15077, 12, 5, 
43850, 438500, -50.473, -56.805,  3.777, 15077, 12, 5, 
43900, 439000, -50.148, -56.463,  3.771, 15078, 12, 5, 
43950, 439500, -49.869, -56.201,  3.769, 15079, 12, 5, 
44000, 440000, -49.543, -55.860,  3.778, 15079, 12, 5, 
44050, 440500, -49.172, -55.439,  3.776, 15080, 12, 5, 
44100, 441000, -48.847, -55.098,  3.768, 15080, 12, 5, 
44150, 441500, -48.476, -54.677,  3.743, 15081, 12, 5, 
44200, 442000, -48.105, -54.256,  3.742, 15082, 12, 5, 
44250, 442500, -47.780, -53.914,  3.718, 15083, 12, 5, 
44300, 443000, -47.551, -53.517,  3.706, 15083, 12, 5, 
44350, 443500, -47.083, -53.152,  3.674, 15084, 12, 5, 
44400, 444000, -46.804, -52.890,  3.655, 15084, 12, 5, 
44450, 444500, -46.383, -52.604,  3.645, 15085, 12, 5, 
44500, 445000, -46.057, -52.263,  3.632, 15086, 12, 5, 
44550, 445500, -45.682, -52.056,  3.641, 15086, 12, 5, 
44600, 446000, -45.119, -51.746,  3.654, 15087, 12, 5, 
44650, 446500, -44.697, -51.460,  3.665, 15088, 12, 5, 
44700, 447000, -44.322, -51.254,  3.657, 15088, 12, 5, 
44750, 447500, -43.850, -51.102,  3.668, 15089, 12, 5, 
44800, 448000, -43.429, -50.816,  3.701, 15089, 12, 5, 
44850, 448500, -42.958, -50.665,  3.738, 15090, 12, 5, 
44900, 449000, -42.582, -50.459,  3.709, 15091, 12, 5, 
44950, 449500, -42.015, -50.363,  3.651, 15091, 12, 5, 
45000, 450000, -41.589, -50.291,  3.657, 15092, 12, 5, 
45050, 450500, -41.117, -50.140,  3.665, 15093, 12, 5, 
45100, 451000, -40.550, -50.044,  3.693, 15093, 12, 5, 
45150, 451500, -40.078, -49.893,  3.705, 15094, 12, 5, 
45200, 452000, -39.703, -49.687,  3.681, 15094, 12, 5, 
45250, 452500, -39.231, -49.536,  3.662, 15095, 12, 5, 
45300, 453000, -38.760, -49.384,  3.647, 15096, 12, 5, 
45350, 453500, -38.430, -49.257,  3.638, 15096, 12, 5, 
45400, 454000, -37.913, -49.027,  3.647, 15097, 12, 5, 
45450, 454500, -37.583, -48.899,  3.662, 15097, 12, 5, 
45500, 455000, -37.066, -48.669,  3.651, 15098, 12, 5, 
45550, 455500, -36.594, -48.518,  3.633, 15099, 12, 5, 
45600, 456000, -36.315, -48.256,  3.620, 15099, 12, 5, 
45650, 456500, -35.797, -48.025,  3.631, 15100, 12, 5, 
45700, 457000, -35.330, -47.660,  3.641, 15101, 12, 5, 
45750, 457500, -35.000, -47.533,  3.638, 15101, 12, 5, 
45800, 458000, -34.579, -47.247,  3.615, 15102, 12, 5, 
45850, 458500, -34.112, -46.881,  3.598, 15102, 12, 5, 
45900, 459000, -33.737, -46.675,  3.587, 15103, 12, 5, 
45950, 459500, -33.411, -46.333,  3.585, 15104, 12, 5, 
46000, 460000, -32.990, -46.047,  3.586, 15104, 12, 5, 
46050, 460500, -32.569, -45.761,  3.582, 15105, 12, 5, 
46100, 461000, -32.289, -45.499,  3.587, 15105, 12, 5, 
46150, 461500, -31.868, -45.213,  3.579, 15106, 12, 5, 
46200, 462000, -31.447, -44.927,  3.603, 15107, 12, 5, 
46250, 462500, -31.025, -44.641,  3.618, 15107, 12, 5, 
46300, 463000, -30.462, -44.331,  3.596, 15108, 12, 5, 
46350, 463500, -29.995, -43.966,  3.516, 15109, 12, 5, 
46400, 464000, -29.620, -43.759,  3.448, 15109, 12, 5, 
46450, 464500, -29.102, -43.529,  3.400, 15110, 12, 5, 
46500, 465000, -28.823, -43.267,  3.345, 15111, 12, 5, 
46550, 465500, -28.356, -42.901,  3.281, 15111, 12, 5, 
46600, 466000, -27.792, -42.592,  3.234, 15112, 12, 5, 
46650, 466500, -27.513, -42.330,  3.208, 15113, 12, 5, 
46700, 467000, -27.046, -41.964,  3.160, 15113, 12, 5, 
46750, 467500, -26.767, -41.702,  3.111, 15114, 12, 5, 
46800, 468000, -26.345, -41.416,  3.101, 15114, 12, 5, 
46850, 468500, -25.924, -41.130,  3.043, 15115, 12, 5, 
46900, 469000, -25.599, -40.789,  3.053, 15116, 12, 5, 
46950, 469500, -25.177, -40.503,  3.028, 15116, 12, 5, 
47000, 470000, -24.756, -40.217,  2.924, 15117, 12, 5, 
47050, 470500, -24.335, -39.931,  2.876, 15118, 12, 5, 
47100, 471000, -23.959, -39.724,  2.880, 15118, 12, 5, 
47150, 471500, -23.630, -39.597,  2.861, 15119, 12, 5, 
47200, 472000, -23.254, -39.390,  2.871, 15119, 12, 5, 
47250, 472500, -22.737, -39.160,  2.901, 15120, 12, 5, 
47300, 473000, -22.265, -39.009,  2.871, 15121, 12, 5, 
47350, 473500, -21.702, -38.699,  2.827, 15121, 12, 2, 
47400, 474000, -21.231, -38.548,  2.812, 15122, 12, 2, 
47450, 474500, -20.759, -38.396,  2.718, 15123, 12, 5, 
47500, 475000, -20.338, -38.110,  2.710, 15123, 12, 5, 
47550, 475500, -19.820, -37.880,  2.713, 15124, 12, 5, 
47600, 476000, -19.399, -37.594,  2.700, 15125, 12, 5, 
47650, 476500, -18.882, -37.363,  2.621, 15125, 12, 5, 
47700, 477000, -18.410, -37.212,  2.607, 15126, 12, 5, 
47750, 477500, -17.989, -36.926,  2.569, 15126, 12, 5, 
47800, 478000, -17.613, -36.720,  2.522, 15127, 12, 5, 
47850, 478500, -17.238, -36.513,  2.483, 15128, 12, 5, 
47900, 479000, -16.675, -36.203,  2.437, 15128, 12, 5, 
47950, 479500, -16.299, -35.997,  2.421, 15129, 12, 5, 
48000, 480000, -15.878, -35.711,  2.394, 15130, 12, 5, 
48050, 480500, -15.361, -35.480,  2.364, 15130, 12, 5, 
48100, 481000, -14.939, -35.194,  2.337, 15131, 12, 5, 
48150, 481500, -14.564, -34.988,  2.338, 15131, 12, 5, 
48200, 482000, -14.188, -34.781,  2.324, 15132, 12, 5, 
48250, 482500, -13.671, -34.550,  2.344, 15133, 12, 5, 
48300, 483000, -13.250, -34.265,  2.319, 15133, 12, 5, 
48350, 483500, -12.828, -33.979,  2.331, 15134, 12, 5, 
48400, 484000, -12.265, -33.669,  2.268, 15135, 12, 5, 
48450, 484500, -11.844, -33.383,  2.236, 15135, 12, 5, 
48500, 485000, -11.423, -33.097,  2.190, 15136, 12, 5, 
48550, 485500, -10.859, -32.787,  2.119, 15137, 12, 5, 
48600, 486000, -10.484, -32.580,  2.101, 15137, 12, 5, 
48650, 486500, -10.063, -32.294,  2.066, 15138, 12, 5, 
48700, 487000, -9.783, -32.032,  2.056, 15139, 12, 5, 
48750, 487500, -9.362, -31.746,  2.017, 15139, 12, 5, 
48800, 488000, -8.941, -31.460,  1.962, 15140, 12, 5, 
48850, 488500, -8.565, -31.254,  1.879, 15140, 12, 5, 
48900, 489000, -8.144, -30.968,  1.763, 15141, 12, 5, 
48950, 489500, -7.677, -30.602,  1.653, 15142, 12, 5, 
49000, 490000, -7.159, -30.372,  1.629, 15142, 12, 5, 
49050, 490500, -6.880, -30.110,  1.581, 15143, 12, 5, 
49100, 491000, -6.362, -29.879,  1.551, 15144, 12, 5, 
49150, 491500, -5.941, -29.593,  1.486, 15144, 12, 5, 
49200, 492000, -5.566, -29.387,  1.456, 15145, 12, 5, 
49250, 492500, -5.190, -29.180,  1.391, 15145, 12, 5, 
49300, 493000, -4.769, -28.894,  1.414, 15146, 12, 5, 
49350, 493500, -4.393, -28.687,  1.469, 15147, 12, 5, 
49400, 494000, -3.972, -28.401,  1.464, 15147, 12, 5, 
49450, 494500, -3.693, -28.139,  1.485, 15148, 12, 2, 
49500, 495000, -2.988, -27.805,  1.429, 15149, 12, 5, 
49550, 495500, -2.612, -27.599,  1.388, 15149, 12, 2, 
49600, 496000, -2.145, -27.234,  1.242, 15150, 12, 5, 
49650, 496500, -1.724, -26.948,  1.208, 15150, 12, 5, 
49700, 497000, -1.302, -26.662,  1.214, 15151, 12, 5, 
49750, 497500, -0.927, -26.455,  1.186, 15152, 12, 5, 
49800, 498000, -0.506, -26.169,  1.156, 15152, 12, 5, 
49850, 498500, -0.084, -25.883,  1.125, 15153, 12, 5, 
49900, 499000,  0.479, -25.573,  1.050, 15154, 12, 5, 
49950, 499500,  0.758, -25.311,  0.991, 15154, 12, 5, 
50000, 500000,  1.180, -25.025,  0.942, 15155, 12, 5, 
50050, 500500,  1.555, -24.818,  0.930, 15155, 12, 5, 
50100, 501000,  2.022, -24.453,  0.897, 15156, 12, 5, 
50150, 501500,  2.398, -24.247,  0.890, 15157, 12, 5, 
50200, 502000,  2.819, -23.961,  0.844, 15157, 12, 5, 
50250, 502500,  3.194, -23.754,  0.851, 15158, 12, 5, 
50300, 503000,  3.662, -23.389,  0.793, 15159, 12, 5, 
50350, 503500,  3.987, -23.047,  0.745, 15159, 12, 5, 
50400, 504000,  4.454, -22.682,  0.696, 15160, 12, 5, 
50450, 504500,  4.779, -22.340,  0.624, 15161, 12, 5, 
50500, 505000,  5.058, -22.078,  0.649, 15161, 12, 5, 
50550, 505500,  5.480, -21.792,  0.637, 15162, 12, 2, 
50600, 506000,  5.947, -21.427,  0.662, 15163, 12, 5, 
50650, 506500,  6.318, -21.006,  0.665, 15163, 12, 5, 
50700, 507000,  6.835, -20.776,  0.618, 15164, 12, 5, 
50750, 507500,  7.257, -20.490,  0.616, 15165, 12, 5, 
50800, 508000,  7.632, -20.283,  0.585, 15165, 12, 5, 
50850, 508500,  8.053, -19.997,  0.555, 15166, 12, 5, 
50900, 509000,  8.475, -19.711,  0.541, 15167, 12, 5, 
50950, 509500,  8.850, -19.504,  0.541, 15167, 12, 5, 
51000, 510000,  9.272, -19.218,  0.529, 15168, 12, 5, 
51050, 510500,  9.647, -19.012,  0.554, 15168, 12, 5, 
51100, 511000, 10.068, -18.726,  0.573, 15169, 12, 5, 
51150, 511500, 10.302, -18.543,  0.584, 15170, 12, 5, 
51200, 512000, 10.343, -18.250,  0.928, 15170, 12, 4, 
51250, 512500, 10.765, -17.964,  0.886, 15171, 12, 4, 
51300, 513000, 11.186, -17.678,  0.882, 15172, 12, 4, 
51350, 513500, 11.607, -17.392,  0.870, 15172, 12, 4, 
51400, 514000, 12.028, -17.106,  0.864, 15173, 12, 5, 
51450, 514500, 12.308, -16.844,  0.764, 15173, 12, 5, 
51500, 515000, 12.871, -16.534,  0.795, 15174, 12, 5, 
51550, 515500, 13.292, -16.248,  0.803, 15175, 12, 5, 
51600, 516000, 13.668, -16.041,  0.816, 15175, 12, 4, 
51650, 516500, 14.185, -15.811,  0.778, 15176, 12, 4, 
51700, 517000, 14.703, -15.580,  0.718, 15177, 12, 4, 
51750, 517500, 15.032, -15.453,  0.770, 15177, 12, 4, 
51800, 518000, 15.646, -15.278,  0.763, 15178, 12, 4, 
51850, 518500, 15.975, -15.151,  0.734, 15179, 12, 4, 
51900, 519000, 16.493, -14.920,  0.693, 15179, 12, 4, 
51950, 519500, 17.056, -14.610,  0.720, 15180, 12, 4, 
52000, 520000, 17.335, -14.348,  0.721, 15181, 12, 4, 
52050, 520500, 17.853, -14.118,  0.720, 15181, 12, 4, 
52100, 521000, 18.274, -13.832,  0.734, 15182, 12, 4, 
52150, 521500, 18.599, -13.490,  0.729, 15183, 12, 4, 
52200, 522000, 19.066, -13.125,  0.687, 15183, 12, 4, 
52250, 522500, 19.437, -12.704,  0.698, 15184, 12, 5, 
52300, 523000, 19.763, -12.363,  0.673, 15185, 12, 5, 
52350, 523500, 20.134, -11.942,  0.674, 15185, 12, 5, 
52400, 524000, 20.363, -11.545,  0.651, 15186, 12, 4, 
52450, 524500, 20.688, -11.203,  0.647, 15187, 12, 5, 
52500, 525000, 20.917, -10.806,  0.637, 15187, 12, 5, 
52550, 525500, 21.096, -10.275,  0.635, 15188, 12, 5, 
52600, 526000, 21.229, -9.822,  0.603, 15188, 12, 5, 
52650, 526500, 21.362, -9.370,  0.581, 15189, 12, 2, 
52700, 527000, 21.445, -8.783,  0.511, 15190, 12, 5, 
52750, 527500, 21.482, -8.275,  0.609, 15190, 12, 5, 
52800, 528000, 21.524, -7.981,  0.613, 15191, 12, 5, 
52850, 528500, 21.556, -7.259,  0.577, 15192, 12, 5, 
52900, 529000, 21.451, -6.775,  0.635, 15192, 12, 5, 
52950, 529500, 21.443, -6.347,  0.765, 15193, 12, 5, 
53000, 530000, 21.429, -5.704,  1.006, 15194, 12, 4, 
53050, 530500, 21.471, -5.410,  0.985, 15194, 12, 5, 
53100, 531000, 21.274, -5.085,  1.002, 15195, 12, 5, 
53150, 531500, 21.123, -4.681,  1.036, 15195, 12, 5, 
53200, 532000, 20.877, -4.221,  1.182, 15196, 12, 5, 
53250, 532500, 20.534, -3.705,  1.181, 15197, 12, 5, 
53300, 533000, 20.337, -3.380,  1.296, 15197, 12, 4, 
53350, 533500, 19.949, -2.944,  1.338, 15198, 12, 5, 
53400, 534000, 19.656, -2.563,  1.329, 15199, 12, 5, 
53450, 534500, 19.317, -2.262,  1.388, 15199, 12, 5, 
53500, 535000, 18.791, -2.064,  1.477, 15200, 12, 2, 
53550, 535500, 18.407, -1.842,  1.556, 15201, 12, 5, 
53600, 536000, 17.927, -1.565,  1.569, 15201, 12, 5, 
53650, 536500, 17.400, -1.367,  1.662, 15202, 12, 5, 
53700, 537000, 16.924, -1.304,  1.662, 15203, 12, 5, 
53750, 537500, 16.403, -1.320,  1.663, 15203, 12, 5, 
53800, 538000, 15.927, -1.257,  1.600, 15204, 12, 5, 
53850, 538500, 15.451, -1.194,  1.655, 15205, 12, 5, 
53900, 539000, 14.929, -1.210,  1.612, 15205, 12, 5, 
53950, 539500, 14.265, -1.250,  1.628, 15206, 12, 5, 
54000, 540000, 13.789, -1.187,  1.678, 15207, 12, 5, 
54050, 540500, 13.268, -1.204,  1.601, 15207, 12, 5, 
54100, 541000, 12.696, -1.085,  1.587, 15208, 12, 5, 
54150, 541500, 12.270, -1.157,  1.567, 15209, 12, 5, 
54200, 542000, 11.698, -1.038,  1.554, 15209, 12, 5, 
54250, 542500, 11.222, -0.975,  1.548, 15210, 12, 5, 
54300, 543000, 10.746, -0.912,  1.533, 15211, 12, 5, 
54350, 543500, 10.270, -0.849,  1.528, 15211, 12, 5, 
54400, 544000,  9.794, -0.786,  1.499, 15212, 12, 5, 
54450, 544500,  9.272, -0.802,  1.486, 15213, 12, 5, 
54500, 545000,  8.938, -0.715,  1.495, 15213, 12, 5, 
54550, 545500,  8.462, -0.652,  1.474, 15214, 12, 5, 
54600, 546000,  7.986, -0.589,  1.443, 15214, 12, 5, 
54650, 546500,  7.606, -0.581,  1.438, 15215, 12, 5, 
54700, 547000,  7.130, -0.518,  1.444, 15216, 12, 5, 
54750, 547500,  6.705, -0.590,  1.459, 15216, 12, 5, 
54800, 548000,  5.991, -0.495,  1.457, 15217, 12, 5, 
54850, 548500,  5.611, -0.488,  1.434, 15218, 12, 5, 
54900, 549000,  5.135, -0.424,  1.422, 15218, 12, 5, 
54950, 549500,  4.517, -0.385,  1.378, 15219, 12, 5, 
55000, 550000,  3.995, -0.402,  1.327, 15220, 12, 5, 
55050, 550500,  3.757, -0.370,  1.333, 15220, 12, 5, 
55100, 551000,  3.281, -0.307,  1.314, 15221, 12, 5, 
55150, 551500,  2.805, -0.244,  1.251, 15221, 12, 5, 
55200, 552000,  2.426, -0.236,  1.246, 15222, 12, 5, 
55250, 552500,  1.950, -0.173,  1.276, 15222, 12, 5, 
55300, 553000,  1.428, -0.189,  1.291, 15223, 12, 5, 
55350, 553500,  0.952, -0.126,  1.305, 15224, 12, 5, 
55400, 554000,  0.430, -0.142,  1.360, 15224, 12, 5, 
55450, 554500,  0.004, -0.214,  1.422, 15225, 12, 5, 
55500, 555000, -0.472, -0.151,  1.423, 15226, 12, 5, 
55550, 555500, -1.089, -0.112,  1.416, 15226, 12, 5, 
55600, 556000, -1.565, -0.049,  1.418, 15227, 12, 5, 
55650, 556500, -1.945, -0.041,  1.393, 15228, 12, 5, 
55700, 557000, -2.041,  0.014,  1.439, 15228, 12, 5, 
55750, 557500, -2.279,  0.046,  1.431, 15229, 12, 5, 
55800, 558000, -2.375,  0.101,  1.447, 15230, 12, 5, 
55850, 558500, -2.471,  0.157,  1.457, 15230, 12, 5, 
55900, 559000, -2.709,  0.188,  1.430, 15231, 12, 5, 
55950, 559500, -2.709,  0.188,  1.410, 15232, 12, 5, 
56000, 560000, -2.709,  0.188,  1.396, 15232, 12, 5, 
56050, 560500, -2.709,  0.188,  1.387, 15233, 12, 5, 
56100, 561000, -2.664,  0.268,  1.393, 15233, 12, 5, 
